algorithm,join_ratio,rep,round,evaluation_timestamp,train_loss,test_accuracy,test_auc,std_test_accuracy_clients,std_test_auc_clients,iteration_time_s,cumulative_iteration_time_s
FedAvg,0.1,rep1,0,2026-04-08 20:25:08,2.3126,0.0569,0.4191,0.0872,0.1544,36.63762855529785,36.63762855529785
FedAvg,0.1,rep1,1,2026-04-08 20:25:45,2.9716,0.1974,0.5368,0.3948,0.2935,49.63127136230469,86.26889991760254
FedAvg,0.1,rep1,2,2026-04-08 20:26:34,2.3063,0.2205,0.6512,0.3871,0.3181,45.2723388671875,131.54123878479004
FedAvg,0.1,rep1,3,2026-04-08 20:27:20,2.9567,0.1957,0.7554,0.3915,0.1459,43.35091519355774,174.89215397834778
FedAvg,0.1,rep1,4,2026-04-08 20:28:03,1.8203,0.3186,0.8112,0.3416,0.1315,56.15200877189636,231.04416275024414
FedAvg,0.1,rep1,5,2026-04-08 20:28:59,1.9509,0.2257,0.825,0.3792,0.1155,77.11420154571533,308.1583642959595
FedAvg,0.1,rep1,6,2026-04-08 20:30:16,1.4615,0.4247,0.8579,0.3488,0.0936,70.11926078796387,378.27762508392334
FedAvg,0.1,rep1,7,2026-04-08 20:31:26,1.5586,0.4663,0.8443,0.3543,0.1256,90.45650506019592,468.73413014411926
FedAvg,0.1,rep1,8,2026-04-08 20:32:57,1.4233,0.5014,0.8527,0.3513,0.1197,89.83034253120422,558.5644726753235
FedAvg,0.1,rep1,9,2026-04-08 20:34:27,1.1043,0.6017,0.9,0.26,0.0508,31.497395992279053,590.0618686676025
FedAvg,0.1,rep1,10,2026-04-08 20:34:58,1.1575,0.5526,0.9034,0.2313,0.0352,28.152151107788086,618.2140197753906
FedAvg,0.1,rep1,11,2026-04-08 20:35:26,1.3175,0.5322,0.8911,0.2686,0.0604,27.4113712310791,645.6253910064697
FedAvg,0.1,rep1,12,2026-04-08 20:35:54,1.0755,0.6478,0.9015,0.2233,0.0536,26.90117311477661,672.5265641212463
FedAvg,0.1,rep1,13,2026-04-08 20:36:21,1.0578,0.5663,0.913,0.2595,0.0301,23.653883457183838,696.1804475784302
FedAvg,0.1,rep1,14,2026-04-08 20:36:44,1.0428,0.63,0.9081,0.2664,0.0541,26.72484278678894,722.9052903652191
FedAvg,0.1,rep1,15,2026-04-08 20:37:11,1.0337,0.6165,0.9092,0.2938,0.0585,26.339166402816772,749.2444567680359
FedAvg,0.1,rep1,16,2026-04-08 20:37:37,1.1851,0.565,0.8895,0.2774,0.0638,26.8726487159729,776.1171054840088
FedAvg,0.1,rep1,17,2026-04-08 20:38:04,1.1895,0.5687,0.889,0.3492,0.0813,23.75428056716919,799.871386051178
FedAvg,0.1,rep1,18,2026-04-08 20:38:28,1.3914,0.5684,0.8985,0.3472,0.0915,26.951648473739624,826.8230345249176
FedAvg,0.1,rep1,19,2026-04-08 20:38:55,1.1207,0.5313,0.9055,0.3091,0.056,25.2450213432312,852.0680558681488
FedAvg,0.1,rep1,20,2026-04-08 20:39:20,0.9367,0.6507,0.9205,0.159,0.0202,26.109588861465454,878.1776447296143
FedAvg,0.1,rep1,21,2026-04-08 20:39:46,1.2428,0.5435,0.8809,0.3767,0.104,24.403496503829956,902.5811412334442
FedAvg,0.1,rep1,22,2026-04-08 20:40:11,1.1734,0.573,0.8956,0.3128,0.0759,25.39776062965393,927.9789018630981
FedAvg,0.1,rep1,23,2026-04-08 20:40:36,1.2537,0.5504,0.9001,0.2038,0.0555,24.015840768814087,951.9947426319122
FedAvg,0.1,rep1,24,2026-04-08 20:41:00,1.7735,0.4259,0.8952,0.3483,0.0627,26.902279138565063,978.8970217704773
FedAvg,0.1,rep1,25,2026-04-08 20:41:27,1.3182,0.5135,0.8837,0.2944,0.0621,25.641633987426758,1004.538655757904
FedAvg,0.1,rep1,26,2026-04-08 20:41:53,1.4149,0.5903,0.8919,0.3896,0.1028,23.37635827064514,1027.9150140285492
FedAvg,0.1,rep1,27,2026-04-08 20:42:16,1.1952,0.5193,0.8909,0.3456,0.0734,25.6876437664032,1053.6026577949524
FedAvg,0.1,rep1,28,2026-04-08 20:42:42,0.97,0.6556,0.9155,0.25,0.049,25.20820426940918,1078.8108620643616
FedAvg,0.1,rep1,29,2026-04-08 20:43:07,1.0698,0.5865,0.9162,0.2119,0.0341,25.569295644760132,1104.3801577091217
FedAvg,0.1,rep1,30,2026-04-08 20:43:33,0.938,0.6174,0.917,0.2599,0.0439,24.487978219985962,1128.8681359291077
FedAvg,0.1,rep1,31,2026-04-08 20:43:57,0.9499,0.6481,0.9151,0.2381,0.0404,33.36772012710571,1162.2358560562134
FedAvg,0.1,rep1,32,2026-04-08 20:44:30,1.105,0.5709,0.9138,0.319,0.0547,32.68772602081299,1194.9235820770264
FedAvg,0.1,rep1,33,2026-04-08 20:45:03,0.9724,0.6345,0.9153,0.295,0.0431,31.60803198814392,1226.5316140651703
FedAvg,0.1,rep1,34,2026-04-08 20:45:35,1.5112,0.4919,0.8978,0.3478,0.0751,31.16070532798767,1257.692319393158
FedAvg,0.1,rep1,35,2026-04-08 20:46:06,1.1138,0.5524,0.9142,0.2427,0.0449,32.71778845787048,1290.4101078510284
FedAvg,0.1,rep1,36,2026-04-08 20:46:39,1.0378,0.5686,0.9185,0.3555,0.0479,32.55039095878601,1322.9604988098145
FedAvg,0.1,rep1,37,2026-04-08 20:47:11,0.9464,0.6522,0.9168,0.2025,0.0492,30.71262836456299,1353.6731271743774
FedAvg,0.1,rep1,38,2026-04-08 20:47:42,1.6175,0.4911,0.8738,0.3342,0.0824,31.671213388442993,1385.3443405628204
FedAvg,0.1,rep1,39,2026-04-08 20:48:14,1.3806,0.5365,0.8655,0.3734,0.1243,28.874687433242798,1414.2190279960632
FedAvg,0.1,rep1,40,2026-04-08 20:48:42,0.8556,0.6617,0.9208,0.2449,0.0423,28.536595821380615,1442.7556238174438
FedAvg,0.1,rep1,41,2026-04-08 20:49:11,1.0607,0.6466,0.9204,0.2379,0.0454,30.436821222305298,1473.1924450397491
FedAvg,0.1,rep1,42,2026-04-08 20:49:41,0.9615,0.6168,0.9062,0.2813,0.059,30.79873561859131,1503.9911806583405
FedAvg,0.1,rep1,43,2026-04-08 20:50:12,1.0869,0.6207,0.8972,0.3615,0.1051,26.576244831085205,1530.5674254894257
FedAvg,0.1,rep1,44,2026-04-08 20:50:39,0.9325,0.6443,0.9147,0.2748,0.0556,26.59020686149597,1557.1576323509216
FedAvg,0.1,rep1,45,2026-04-08 20:51:05,1.2641,0.5559,0.8819,0.3455,0.103,26.151209354400635,1583.3088417053223
FedAvg,0.1,rep1,46,2026-04-08 20:51:31,0.9256,0.6337,0.9219,0.3216,0.0482,24.876438856124878,1608.1852805614471
FedAvg,0.1,rep1,47,2026-04-08 20:51:56,0.9959,0.6103,0.9143,0.2503,0.0507,25.12177586555481,1633.307056427002
FedAvg,0.1,rep1,48,2026-04-08 20:52:21,1.1866,0.6173,0.9075,0.3204,0.0791,25.553770303726196,1658.8608267307281
FedAvg,0.1,rep1,49,2026-04-08 20:52:47,0.7965,0.6978,0.925,0.2089,0.0381,24.75641441345215,1683.6172411441803
FedAvg,0.1,rep1,50,2026-04-08 20:53:12,1.0089,0.6687,0.923,0.2418,0.0455,22.770835876464844,1706.3880770206451
FedAvg,0.1,rep2,0,2026-04-08 20:53:57,2.3126,0.0569,0.4191,0.0872,0.1544,24.234514474868774,24.234514474868774
FedAvg,0.1,rep2,1,2026-04-08 20:54:21,2.2539,0.1775,0.6402,0.3553,0.2876,21.106809854507446,45.34132432937622
FedAvg,0.1,rep2,2,2026-04-08 20:54:42,1.94,0.3105,0.7726,0.2781,0.2368,24.420052528381348,69.76137685775757
FedAvg,0.1,rep2,3,2026-04-08 20:55:07,1.5944,0.4249,0.8573,0.1707,0.0758,24.316028833389282,94.07740569114685
FedAvg,0.1,rep2,4,2026-04-08 20:55:31,2.1469,0.2892,0.7551,0.3742,0.2101,21.712909936904907,115.79031562805176
FedAvg,0.1,rep2,5,2026-04-08 20:55:53,1.9162,0.3775,0.7999,0.3049,0.1843,24.797630071640015,140.58794569969177
FedAvg,0.1,rep2,6,2026-04-08 20:56:18,2.5135,0.2343,0.8117,0.3772,0.1236,23.381067276000977,163.96901297569275
FedAvg,0.1,rep2,7,2026-04-08 20:56:41,1.5346,0.4126,0.8617,0.3385,0.0964,21.626076221466064,185.5950891971588
FedAvg,0.1,rep2,8,2026-04-08 20:57:03,1.4927,0.3726,0.8653,0.3204,0.0895,24.228341817855835,209.82343101501465
FedAvg,0.1,rep2,9,2026-04-08 20:57:27,2.0716,0.3236,0.8034,0.3675,0.1439,23.956082582473755,233.7795135974884
FedAvg,0.1,rep2,10,2026-04-08 20:57:51,1.4644,0.4143,0.8583,0.3389,0.1098,21.335037231445312,255.11455082893372
FedAvg,0.1,rep2,11,2026-04-08 20:58:12,1.1948,0.5186,0.8995,0.2466,0.0385,25.04825711250305,280.16280794143677
FedAvg,0.1,rep2,12,2026-04-08 20:58:37,1.5258,0.5025,0.8545,0.3374,0.1316,24.830717086791992,304.99352502822876
FedAvg,0.1,rep2,13,2026-04-08 20:59:02,1.5603,0.474,0.8381,0.3187,0.1746,21.32637333869934,326.3198983669281
FedAvg,0.1,rep2,14,2026-04-08 20:59:23,1.2671,0.5045,0.8889,0.3256,0.0634,24.271907329559326,350.5918056964874
FedAvg,0.1,rep2,15,2026-04-08 20:59:48,1.2034,0.5319,0.8861,0.3586,0.0776,24.37615442276001,374.96796011924744
FedAvg,0.1,rep2,16,2026-04-08 21:00:12,1.3788,0.4983,0.8811,0.3619,0.0929,21.864283084869385,396.8322432041168
FedAvg,0.1,rep2,17,2026-04-08 21:00:34,1.2405,0.4946,0.874,0.39,0.0961,24.52468705177307,421.3569302558899
FedAvg,0.1,rep2,18,2026-04-08 21:00:58,1.2265,0.5256,0.8942,0.3248,0.0579,25.18192219734192,446.5388524532318
FedAvg,0.1,rep2,19,2026-04-08 21:01:24,1.3457,0.4916,0.8734,0.3759,0.0967,21.58914351463318,468.127995967865
FedAvg,0.1,rep2,20,2026-04-08 21:01:45,1.0226,0.6067,0.9171,0.3249,0.0562,24.5591459274292,492.6871418952942
FedAvg,0.1,rep2,21,2026-04-08 21:02:10,1.0022,0.6315,0.9115,0.2498,0.0478,23.5257728099823,516.2129147052765
FedAvg,0.1,rep2,22,2026-04-08 21:02:33,1.8284,0.4567,0.881,0.331,0.0995,21.22704005241394,537.4399547576904
FedAvg,0.1,rep2,23,2026-04-08 21:02:55,1.1926,0.5759,0.8934,0.3178,0.0881,25.15101194381714,562.5909667015076
FedAvg,0.1,rep2,24,2026-04-08 21:03:20,1.0799,0.5713,0.9028,0.3026,0.0602,21.475996017456055,584.0669627189636
FedAvg,0.1,rep2,25,2026-04-08 21:03:41,1.218,0.5666,0.8998,0.3714,0.081,25.515146255493164,609.5821089744568
FedAvg,0.1,rep2,26,2026-04-08 21:04:07,1.4533,0.5059,0.8742,0.3517,0.0852,24.635616302490234,634.217725276947
FedAvg,0.1,rep2,27,2026-04-08 21:04:31,1.1627,0.5575,0.8876,0.3454,0.0944,21.299941778182983,655.51766705513
FedAvg,0.1,rep2,28,2026-04-08 21:04:53,1.0875,0.6072,0.9038,0.3211,0.0755,22.05686593055725,677.5745329856873
FedAvg,0.1,rep2,29,2026-04-08 21:05:15,0.8698,0.6794,0.9245,0.19,0.0218,25.604283332824707,703.178816318512
FedAvg,0.1,rep2,30,2026-04-08 21:05:40,1.1417,0.5215,0.913,0.2858,0.0363,23.991350412368774,727.1701667308807
FedAvg,0.1,rep2,31,2026-04-08 21:06:04,1.1407,0.607,0.9137,0.2225,0.0512,21.335666179656982,748.5058329105377
FedAvg,0.1,rep2,32,2026-04-08 21:06:26,1.001,0.6137,0.9168,0.1579,0.037,24.070172786712646,772.5760056972504
FedAvg,0.1,rep2,33,2026-04-08 21:06:50,1.093,0.5782,0.899,0.3106,0.0635,24.84235906600952,797.4183647632599
FedAvg,0.1,rep2,34,2026-04-08 21:07:14,1.213,0.5675,0.908,0.3899,0.0745,21.06622886657715,818.484593629837
FedAvg,0.1,rep2,35,2026-04-08 21:07:36,0.9411,0.6511,0.9186,0.2807,0.0526,23.871180534362793,842.3557741641998
FedAvg,0.1,rep2,36,2026-04-08 21:07:59,1.3831,0.5676,0.9035,0.249,0.0608,25.07192897796631,867.4277031421661
FedAvg,0.1,rep2,37,2026-04-08 21:08:24,1.2073,0.5966,0.9025,0.2176,0.0698,24.06920552253723,891.4969086647034
FedAvg,0.1,rep2,38,2026-04-08 21:08:49,1.1977,0.5257,0.8816,0.3861,0.0948,21.915157079696655,913.4120657444
FedAvg,0.1,rep2,39,2026-04-08 21:09:10,1.242,0.5737,0.8979,0.3801,0.0765,22.11567997932434,935.5277457237244
FedAvg,0.1,rep2,40,2026-04-08 21:09:33,0.8697,0.6334,0.9215,0.2335,0.0257,25.595544576644897,961.1232903003693
FedAvg,0.1,rep2,41,2026-04-08 21:09:58,0.989,0.6093,0.91,0.261,0.0487,24.475054025650024,985.5983443260193
FedAvg,0.1,rep2,42,2026-04-08 21:10:23,1.3452,0.493,0.8823,0.3553,0.0894,21.759613752365112,1007.3579580783844
FedAvg,0.1,rep2,43,2026-04-08 21:10:44,0.8414,0.6811,0.9278,0.2224,0.027,25.897685289382935,1033.2556433677673
FedAvg,0.1,rep2,44,2026-04-08 21:11:10,0.9031,0.6438,0.9237,0.2237,0.0382,24.11635994911194,1057.3720033168793
FedAvg,0.1,rep2,45,2026-04-08 21:11:34,0.8446,0.6848,0.9296,0.1904,0.0259,24.562536239624023,1081.9345395565033
FedAvg,0.1,rep2,46,2026-04-08 21:11:59,1.0279,0.6185,0.9193,0.1869,0.0353,21.60159182548523,1103.5361313819885
FedAvg,0.1,rep2,47,2026-04-08 21:12:21,0.8557,0.6747,0.9252,0.227,0.0336,23.964799880981445,1127.50093126297
FedAvg,0.1,rep2,48,2026-04-08 21:12:45,0.9636,0.6175,0.9144,0.2713,0.0495,21.56462597846985,1149.0655572414398
FedAvg,0.1,rep2,49,2026-04-08 21:13:06,1.133,0.5657,0.9002,0.3157,0.067,25.408949613571167,1174.474506855011
FedAvg,0.1,rep2,50,2026-04-08 21:13:32,1.0178,0.6047,0.9222,0.2371,0.0354,21.647011518478394,1196.1215183734894
FedAvg,0.1,rep3,0,2026-04-08 21:14:14,2.3126,0.0569,0.4191,0.0872,0.1544,22.500384092330933,22.500384092330933
FedAvg,0.1,rep3,1,2026-04-08 21:14:36,2.5565,0.1918,0.5451,0.3836,0.3417,25.398083925247192,47.898468017578125
FedAvg,0.1,rep3,2,2026-04-08 21:15:02,2.0165,0.2309,0.7431,0.3745,0.2239,22.924429178237915,70.82289719581604
FedAvg,0.1,rep3,3,2026-04-08 21:15:25,1.8026,0.3259,0.8132,0.3449,0.1306,21.037757873535156,91.8606550693512
FedAvg,0.1,rep3,4,2026-04-08 21:15:46,2.199,0.3057,0.7923,0.3759,0.1473,24.90141010284424,116.76206517219543
FedAvg,0.1,rep3,5,2026-04-08 21:16:10,2.0195,0.3525,0.822,0.3487,0.1372,24.843451499938965,141.6055166721344
FedAvg,0.1,rep3,6,2026-04-08 21:16:35,1.997,0.3309,0.7968,0.3536,0.1373,22.033953428268433,163.63947010040283
FedAvg,0.1,rep3,7,2026-04-08 21:16:57,1.8926,0.3689,0.8114,0.4039,0.1376,23.837652921676636,187.47712302207947
FedAvg,0.1,rep3,8,2026-04-08 21:17:21,1.822,0.4276,0.8076,0.4167,0.1818,24.268623113632202,211.74574613571167
FedAvg,0.1,rep3,9,2026-04-08 21:17:46,1.1865,0.5094,0.8927,0.2509,0.0472,21.621564388275146,233.36731052398682
FedAvg,0.1,rep3,10,2026-04-08 21:18:07,1.5977,0.3977,0.8479,0.3319,0.0858,23.846347093582153,257.21365761756897
FedAvg,0.1,rep3,11,2026-04-08 21:18:31,1.1247,0.5505,0.9054,0.3236,0.0528,24.638060808181763,281.85171842575073
FedAvg,0.1,rep3,12,2026-04-08 21:18:56,1.9217,0.3356,0.8713,0.3471,0.0792,21.891525983810425,303.74324440956116
FedAvg,0.1,rep3,13,2026-04-08 21:19:17,1.9419,0.3654,0.8442,0.369,0.1293,23.82706332206726,327.5703077316284
FedAvg,0.1,rep3,14,2026-04-08 21:19:41,1.1716,0.517,0.9066,0.3094,0.0449,24.115453243255615,351.68576097488403
FedAvg,0.1,rep3,15,2026-04-08 21:20:05,1.1062,0.5399,0.9073,0.2235,0.0462,21.451555490493774,373.1373164653778
FedAvg,0.1,rep3,16,2026-04-08 21:20:27,1.1534,0.5456,0.8947,0.3107,0.0644,23.83078145980835,396.96809792518616
FedAvg,0.1,rep3,17,2026-04-08 21:20:51,1.1811,0.5326,0.8932,0.3363,0.0683,24.272704124450684,421.24080204963684
FedAvg,0.1,rep3,18,2026-04-08 21:21:15,1.0259,0.6118,0.9138,0.2416,0.044,21.548546075820923,442.78934812545776
FedAvg,0.1,rep3,19,2026-04-08 21:21:37,1.1696,0.5538,0.8998,0.3921,0.0788,24.261156797409058,467.0505049228668
FedAvg,0.1,rep3,20,2026-04-08 21:22:01,1.0964,0.5897,0.9119,0.2246,0.0428,24.128377676010132,491.17888259887695
FedAvg,0.1,rep3,21,2026-04-08 21:22:25,1.181,0.5343,0.9124,0.2198,0.0368,21.317845106124878,512.4967277050018
FedAvg,0.1,rep3,22,2026-04-08 21:22:46,0.8996,0.6673,0.9196,0.1488,0.0189,24.172189235687256,536.6689169406891
FedAvg,0.1,rep3,23,2026-04-08 21:23:10,1.257,0.5041,0.9113,0.2918,0.0522,24.358546495437622,561.0274634361267
FedAvg,0.1,rep3,24,2026-04-08 21:23:35,1.0992,0.5918,0.9149,0.2276,0.0427,22.185612678527832,583.2130761146545
FedAvg,0.1,rep3,25,2026-04-08 21:23:57,1.1279,0.5672,0.9084,0.206,0.0502,24.70103168487549,607.91410779953
FedAvg,0.1,rep3,26,2026-04-08 21:24:22,0.9414,0.6095,0.9197,0.2055,0.0245,24.438251495361328,632.3523592948914
FedAvg,0.1,rep3,27,2026-04-08 21:24:46,0.8286,0.6915,0.9253,0.1392,0.0211,24.67334818840027,657.0257074832916
FedAvg,0.1,rep3,28,2026-04-08 21:25:11,1.3215,0.5105,0.9031,0.2925,0.0724,22.097877740859985,679.1235852241516
FedAvg,0.1,rep3,29,2026-04-08 21:25:33,1.0407,0.5716,0.9207,0.3274,0.0451,25.01251721382141,704.136102437973
FedAvg,0.1,rep3,30,2026-04-08 21:25:58,0.9694,0.6215,0.9183,0.2147,0.038,24.51217746734619,728.6482799053192
FedAvg,0.1,rep3,31,2026-04-08 21:26:22,1.0064,0.6318,0.92,0.3151,0.0608,22.067773818969727,750.7160537242889
FedAvg,0.1,rep3,32,2026-04-08 21:26:44,1.113,0.593,0.8915,0.2706,0.0845,25.353765964508057,776.069819688797
FedAvg,0.1,rep3,33,2026-04-08 21:27:10,1.1894,0.5457,0.8914,0.3494,0.0836,25.4115252494812,801.4813449382782
FedAvg,0.1,rep3,34,2026-04-08 21:27:35,1.3033,0.5265,0.8991,0.3438,0.0696,22.15809202194214,823.6394369602203
FedAvg,0.1,rep3,35,2026-04-08 21:27:57,1.0595,0.5778,0.9028,0.2365,0.0434,24.72712469100952,848.3665616512299
FedAvg,0.1,rep3,36,2026-04-08 21:28:22,1.1136,0.5381,0.9145,0.3471,0.0536,24.79704260826111,873.163604259491
FedAvg,0.1,rep3,37,2026-04-08 21:28:47,0.9754,0.6166,0.9248,0.194,0.0322,23.602065324783325,896.7656695842743
FedAvg,0.1,rep3,38,2026-04-08 21:29:11,1.0029,0.5907,0.9075,0.3291,0.0575,28.459131956100464,925.2248015403748
FedAvg,0.1,rep3,39,2026-04-08 21:29:39,1.054,0.6012,0.9112,0.2546,0.0481,26.80761432647705,952.0324158668518
FedAvg,0.1,rep3,40,2026-04-08 21:30:06,0.9672,0.6588,0.9168,0.2596,0.0499,28.833667039871216,980.866082906723
FedAvg,0.1,rep3,41,2026-04-08 21:30:35,0.9854,0.6305,0.9123,0.3484,0.0646,28.06881046295166,1008.9348933696747
FedAvg,0.1,rep3,42,2026-04-08 21:31:03,0.8858,0.6839,0.9264,0.2536,0.0451,25.560354709625244,1034.4952480793
FedAvg,0.1,rep3,43,2026-04-08 21:31:28,1.2047,0.5612,0.9032,0.3293,0.0776,29.31189227104187,1063.8071403503418
FedAvg,0.1,rep3,44,2026-04-08 21:31:58,1.0753,0.5909,0.8909,0.3487,0.0981,28.888319492340088,1092.6954598426819
FedAvg,0.1,rep3,45,2026-04-08 21:32:26,1.1352,0.5552,0.9122,0.2908,0.049,28.544249534606934,1121.2397093772888
FedAvg,0.1,rep3,46,2026-04-08 21:32:55,1.0824,0.5414,0.9172,0.2681,0.03,28.54886269569397,1149.7885720729828
FedAvg,0.1,rep3,47,2026-04-08 21:33:24,0.8001,0.6968,0.9231,0.2022,0.0358,28.604346990585327,1178.3929190635681
FedAvg,0.1,rep3,48,2026-04-08 21:33:52,1.3136,0.5866,0.9117,0.2679,0.0528,26.19020366668701,1204.5831227302551
FedAvg,0.1,rep3,49,2026-04-08 21:34:18,1.0316,0.5805,0.9077,0.2756,0.0502,28.471503496170044,1233.0546262264252
FedAvg,0.1,rep3,50,2026-04-08 21:34:47,0.8939,0.6471,0.9139,0.2769,0.0599,29.380115509033203,1262.4347417354584
FedAvg,0.1,rep4,0,2026-04-08 21:35:42,2.3126,0.0569,0.4191,0.0872,0.1544,29.579814434051514,29.579814434051514
FedAvg,0.1,rep4,1,2026-04-08 21:36:12,2.5435,0.1748,0.561,0.3497,0.2994,24.69257640838623,54.272390842437744
FedAvg,0.1,rep4,2,2026-04-08 21:36:37,2.5718,0.2499,0.6091,0.3725,0.3252,28.806285619735718,83.07867646217346
FedAvg,0.1,rep4,3,2026-04-08 21:37:05,2.2814,0.2919,0.6997,0.363,0.2935,27.996963024139404,111.07563948631287
FedAvg,0.1,rep4,4,2026-04-08 21:37:33,1.4856,0.4917,0.8708,0.2728,0.0707,28.386308193206787,139.46194767951965
FedAvg,0.1,rep4,5,2026-04-08 21:38:02,1.3946,0.5234,0.8681,0.281,0.0933,28.844849824905396,168.30679750442505
FedAvg,0.1,rep4,6,2026-04-08 21:38:31,2.2423,0.236,0.8292,0.3823,0.0961,26.212810516357422,194.51960802078247
FedAvg,0.1,rep4,7,2026-04-08 21:38:57,2.1707,0.2562,0.83,0.3737,0.1198,28.973336696624756,223.49294471740723
FedAvg,0.1,rep4,8,2026-04-08 21:39:26,1.6875,0.3158,0.8721,0.3624,0.0755,30.554553270339966,254.0474979877472
FedAvg,0.1,rep4,9,2026-04-08 21:39:56,1.5344,0.4088,0.8442,0.4176,0.1068,30.57237434387207,284.61987233161926
FedAvg,0.1,rep4,10,2026-04-08 21:40:27,1.9401,0.3553,0.8491,0.3557,0.0935,30.096498012542725,314.716370344162
FedAvg,0.1,rep4,11,2026-04-08 21:40:57,1.38,0.4086,0.8912,0.3213,0.0573,28.495110034942627,343.2114803791046
FedAvg,0.1,rep4,12,2026-04-08 21:41:25,1.4449,0.4893,0.8839,0.3475,0.0999,26.248570919036865,369.4600512981415
FedAvg,0.1,rep4,13,2026-04-08 21:41:52,1.4826,0.4204,0.8693,0.3908,0.092,28.22278070449829,397.68283200263977
FedAvg,0.1,rep4,14,2026-04-08 21:42:20,1.1274,0.5883,0.8992,0.272,0.0548,29.13732647895813,426.8201584815979
FedAvg,0.1,rep4,15,2026-04-08 21:42:49,1.5184,0.457,0.8818,0.2441,0.063,29.638059377670288,456.4582178592682
FedAvg,0.1,rep4,16,2026-04-08 21:43:19,1.697,0.4898,0.8662,0.3675,0.0998,28.1874783039093,484.6456961631775
FedAvg,0.1,rep4,17,2026-04-08 21:43:47,1.3096,0.5622,0.881,0.3621,0.0922,31.646517276763916,516.2922134399414
FedAvg,0.1,rep4,18,2026-04-08 21:44:19,1.0964,0.5689,0.907,0.2655,0.0398,31.59728693962097,547.8895003795624
FedAvg,0.1,rep4,19,2026-04-08 21:44:50,0.9919,0.6422,0.9115,0.2584,0.0521,31.68475651741028,579.5742568969727
FedAvg,0.1,rep4,20,2026-04-08 21:45:22,1.2184,0.5015,0.9044,0.3575,0.0669,31.913768768310547,611.4880256652832
FedAvg,0.1,rep4,21,2026-04-08 21:45:54,1.1638,0.5299,0.9127,0.2196,0.0347,32.18095850944519,643.6689841747284
FedAvg,0.1,rep4,22,2026-04-08 21:46:26,1.4808,0.5221,0.8802,0.3387,0.0784,35.41235613822937,679.0813403129578
FedAvg,0.1,rep4,23,2026-04-08 21:47:01,1.5297,0.5061,0.8751,0.361,0.1019,32.15221929550171,711.2335596084595
FedAvg,0.1,rep4,24,2026-04-08 21:47:33,1.3103,0.5165,0.882,0.3396,0.083,28.71528720855713,739.9488468170166
FedAvg,0.1,rep4,25,2026-04-08 21:48:02,1.8619,0.4258,0.8819,0.3115,0.0886,31.090473413467407,771.039320230484
FedAvg,0.1,rep4,26,2026-04-08 21:48:33,0.9015,0.6522,0.9195,0.2451,0.0369,30.36536407470703,801.404684305191
FedAvg,0.1,rep4,27,2026-04-08 21:49:04,1.2778,0.5381,0.9055,0.3337,0.0565,31.32440686225891,832.72909116745
FedAvg,0.1,rep4,28,2026-04-08 21:49:35,1.2393,0.5162,0.8833,0.375,0.0906,30.785353899002075,863.514445066452
FedAvg,0.1,rep4,29,2026-04-08 21:50:06,1.0686,0.6019,0.9071,0.2524,0.0507,29.423348903656006,892.937793970108
FedAvg,0.1,rep4,30,2026-04-08 21:50:35,1.2524,0.5227,0.9123,0.306,0.0544,29.854119539260864,922.7919135093689
FedAvg,0.1,rep4,31,2026-04-08 21:51:05,1.5936,0.4785,0.9021,0.3538,0.0609,27.098124742507935,949.8900382518768
FedAvg,0.1,rep4,32,2026-04-08 21:51:32,0.9208,0.6688,0.9172,0.2631,0.0517,30.0622501373291,979.9522883892059
FedAvg,0.1,rep4,33,2026-04-08 21:52:02,1.0159,0.6,0.9061,0.2696,0.0613,30.183429479599,1010.1357178688049
FedAvg,0.1,rep4,34,2026-04-08 21:52:32,1.162,0.5299,0.9099,0.3169,0.0509,30.932498455047607,1041.0682163238525
FedAvg,0.1,rep4,35,2026-04-08 21:53:03,1.0511,0.619,0.9092,0.355,0.0696,31.298834562301636,1072.3670508861542
FedAvg,0.1,rep4,36,2026-04-08 21:53:35,0.8549,0.6479,0.9229,0.2039,0.0284,28.979816913604736,1101.346867799759
FedAvg,0.1,rep4,37,2026-04-08 21:54:04,1.2104,0.5959,0.8855,0.3403,0.11,34.3699996471405,1135.7168674468994
FedAvg,0.1,rep4,38,2026-04-08 21:54:38,1.3787,0.5543,0.9023,0.3146,0.0607,29.070136070251465,1164.7870035171509
FedAvg,0.1,rep4,39,2026-04-08 21:55:07,1.7888,0.4342,0.884,0.3816,0.0981,32.29269599914551,1197.0796995162964
FedAvg,0.1,rep4,40,2026-04-08 21:55:39,0.9899,0.5858,0.9158,0.2229,0.0377,31.807866096496582,1228.887565612793
FedAvg,0.1,rep4,41,2026-04-08 21:56:11,1.6376,0.4875,0.869,0.4011,0.1218,30.791695594787598,1259.6792612075806
FedAvg,0.1,rep4,42,2026-04-08 21:56:42,1.6914,0.4846,0.8459,0.4017,0.1434,32.36549639701843,1292.044757604599
FedAvg,0.1,rep4,43,2026-04-08 21:57:14,0.862,0.6525,0.9203,0.231,0.044,32.0641074180603,1324.1088650226593
FedAvg,0.1,rep4,44,2026-04-08 21:57:46,0.9498,0.6383,0.9157,0.2932,0.0635,31.85438060760498,1355.9632456302643
FedAvg,0.1,rep4,45,2026-04-08 21:58:18,0.8202,0.6899,0.9306,0.167,0.0227,31.716893434524536,1387.6801390647888
FedAvg,0.1,rep4,46,2026-04-08 21:58:50,1.0423,0.6644,0.9196,0.2441,0.0481,31.1395480632782,1418.819687128067
FedAvg,0.1,rep4,47,2026-04-08 21:59:21,1.2195,0.5243,0.8975,0.3173,0.0629,31.398432731628418,1450.2181198596954
FedAvg,0.1,rep4,48,2026-04-08 21:59:52,1.0408,0.6379,0.9036,0.309,0.09,28.49296474456787,1478.7110846042633
FedAvg,0.1,rep4,49,2026-04-08 22:00:21,0.8555,0.6586,0.9162,0.2376,0.0423,32.38446283340454,1511.0955474376678
FedAvg,0.1,rep4,50,2026-04-08 22:00:53,0.9983,0.6482,0.9134,0.2499,0.0527,31.51896333694458,1542.6145107746124
FedAvg,0.1,rep5,0,2026-04-08 22:01:50,2.3126,0.0569,0.4191,0.0872,0.1544,28.031068325042725,28.031068325042725
FedAvg,0.1,rep5,1,2026-04-08 22:02:18,2.9166,0.1979,0.5521,0.3959,0.3309,28.1828351020813,56.21390342712402
FedAvg,0.1,rep5,2,2026-04-08 22:02:46,2.1836,0.2474,0.7125,0.3306,0.2509,28.74804162979126,84.96194505691528
FedAvg,0.1,rep5,3,2026-04-08 22:03:15,1.8853,0.2891,0.772,0.3603,0.1373,32.077268838882446,117.03921389579773
FedAvg,0.1,rep5,4,2026-04-08 22:03:47,1.5103,0.5248,0.8409,0.2485,0.1141,34.07102394104004,151.11023783683777
FedAvg,0.1,rep5,5,2026-04-08 22:04:21,1.9221,0.2853,0.827,0.3685,0.1253,33.121249198913574,184.23148703575134
FedAvg,0.1,rep5,6,2026-04-08 22:04:54,1.245,0.5444,0.8946,0.1853,0.0502,32.35891008377075,216.5903971195221
FedAvg,0.1,rep5,7,2026-04-08 22:05:26,1.8537,0.3313,0.831,0.3577,0.0956,31.552741765975952,248.14313888549805
FedAvg,0.1,rep5,8,2026-04-08 22:05:58,1.2356,0.5286,0.8872,0.2464,0.0648,31.173470735549927,279.316609621048
FedAvg,0.1,rep5,9,2026-04-08 22:06:29,1.4836,0.4167,0.8729,0.2995,0.07,30.873576879501343,310.1901865005493
FedAvg,0.1,rep5,10,2026-04-08 22:07:00,1.4006,0.4851,0.8827,0.2425,0.0663,32.161418199539185,342.3516047000885
FedAvg,0.1,rep5,11,2026-04-08 22:07:32,1.3483,0.4829,0.8897,0.2638,0.0584,32.53647422790527,374.8880789279938
FedAvg,0.1,rep5,12,2026-04-08 22:08:05,1.2795,0.4322,0.8943,0.2466,0.0461,31.006844520568848,405.8949234485626
FedAvg,0.1,rep5,13,2026-04-08 22:08:36,1.4137,0.4791,0.8818,0.3573,0.0868,33.58800649642944,439.48292994499207
FedAvg,0.1,rep5,14,2026-04-08 22:09:09,1.0544,0.5902,0.905,0.216,0.0508,32.688841819763184,472.17177176475525
FedAvg,0.1,rep5,15,2026-04-08 22:09:42,1.1142,0.5527,0.8987,0.2983,0.0565,32.764920473098755,504.936692237854
FedAvg,0.1,rep5,16,2026-04-08 22:10:15,1.2632,0.4991,0.904,0.2436,0.0409,31.94717836380005,536.883870601654
FedAvg,0.1,rep5,17,2026-04-08 22:10:47,1.707,0.4017,0.8483,0.3735,0.1082,32.89439368247986,569.7782642841339
FedAvg,0.1,rep5,18,2026-04-08 22:11:20,1.0108,0.5855,0.9178,0.1718,0.0252,34.21540904045105,603.993673324585
FedAvg,0.1,rep5,19,2026-04-08 22:11:54,1.0924,0.5422,0.9159,0.2846,0.0461,32.46044325828552,636.4541165828705
FedAvg,0.1,rep5,20,2026-04-08 22:12:26,1.2886,0.4747,0.9016,0.2614,0.0548,32.53071451187134,668.9848310947418
FedAvg,0.1,rep5,21,2026-04-08 22:12:59,1.4369,0.4706,0.8926,0.3049,0.0704,32.003456354141235,700.988287448883
FedAvg,0.1,rep5,22,2026-04-08 22:13:31,1.0001,0.6137,0.9057,0.2692,0.0505,35.927531480789185,736.9158189296722
FedAvg,0.1,rep5,23,2026-04-08 22:14:07,1.0058,0.6047,0.9204,0.3094,0.047,33.086819648742676,770.0026385784149
FedAvg,0.1,rep5,24,2026-04-08 22:14:40,0.9736,0.6491,0.9156,0.2728,0.0514,36.711275577545166,806.7139141559601
FedAvg,0.1,rep5,25,2026-04-08 22:15:17,0.9901,0.6114,0.9152,0.2054,0.0307,32.31401252746582,839.0279266834259
FedAvg,0.1,rep5,26,2026-04-08 22:15:49,1.4881,0.4506,0.8699,0.3838,0.0992,35.82874870300293,874.8566753864288
FedAvg,0.1,rep5,27,2026-04-08 22:16:25,1.1862,0.5746,0.9061,0.3438,0.0608,32.32361960411072,907.1802949905396
FedAvg,0.1,rep5,28,2026-04-08 22:16:57,1.0095,0.6262,0.911,0.2323,0.0587,33.29777956008911,940.4780745506287
FedAvg,0.1,rep5,29,2026-04-08 22:17:30,1.6107,0.4842,0.8752,0.4249,0.1213,31.451977968215942,971.9300525188446
FedAvg,0.1,rep5,30,2026-04-08 22:18:02,1.4457,0.5141,0.8575,0.3836,0.1464,34.19250011444092,1006.1225526332855
FedAvg,0.1,rep5,31,2026-04-08 22:18:36,1.2185,0.5079,0.893,0.3543,0.0714,34.647459506988525,1040.770012140274
FedAvg,0.1,rep5,32,2026-04-08 22:19:11,1.0054,0.5973,0.911,0.3925,0.0663,33.10015058517456,1073.8701627254486
FedAvg,0.1,rep5,33,2026-04-08 22:19:44,1.082,0.5699,0.8982,0.3527,0.0748,34.46847867965698,1108.3386414051056
FedAvg,0.1,rep5,34,2026-04-08 22:20:18,0.8826,0.6765,0.9278,0.149,0.0275,34.522666692733765,1142.8613080978394
FedAvg,0.1,rep5,35,2026-04-08 22:20:53,0.8752,0.6282,0.9226,0.2044,0.0178,32.77608108520508,1175.6373891830444
FedAvg,0.1,rep5,36,2026-04-08 22:21:26,1.029,0.5623,0.9222,0.3208,0.0348,34.87745118141174,1210.5148403644562
FedAvg,0.1,rep5,37,2026-04-08 22:22:00,1.3954,0.5256,0.9053,0.2484,0.0515,34.086119651794434,1244.6009600162506
FedAvg,0.1,rep5,38,2026-04-08 22:22:35,1.0258,0.6117,0.922,0.2177,0.0355,32.46458864212036,1277.065548658371
FedAvg,0.1,rep5,39,2026-04-08 22:23:07,1.2675,0.5066,0.887,0.3834,0.09,33.420621156692505,1310.4861698150635
FedAvg,0.1,rep5,40,2026-04-08 22:23:40,1.0586,0.6231,0.9109,0.2638,0.0522,32.180657625198364,1342.6668274402618
FedAvg,0.1,rep5,41,2026-04-08 22:24:13,0.7933,0.7035,0.9313,0.1877,0.0223,31.8846652507782,1374.55149269104
FedAvg,0.1,rep5,42,2026-04-08 22:24:45,0.9131,0.6827,0.923,0.2413,0.0434,36.22171235084534,1410.7732050418854
FedAvg,0.1,rep5,43,2026-04-08 22:25:21,1.0203,0.6554,0.9167,0.3072,0.06,36.368173599243164,1447.1413786411285
FedAvg,0.1,rep5,44,2026-04-08 22:25:57,0.9825,0.6599,0.9087,0.2557,0.0731,35.428614377975464,1482.569993019104
FedAvg,0.1,rep5,45,2026-04-08 22:26:32,1.2332,0.5081,0.9039,0.3385,0.0711,33.94562029838562,1516.5156133174896
FedAvg,0.1,rep5,46,2026-04-08 22:27:06,0.8637,0.6544,0.9251,0.148,0.0281,37.113651752471924,1553.6292650699615
FedAvg,0.1,rep5,47,2026-04-08 22:27:44,1.0288,0.6096,0.9224,0.223,0.0324,38.44597864151001,1592.0752437114716
FedAvg,0.1,rep5,48,2026-04-08 22:28:22,1.1832,0.5342,0.9112,0.246,0.0392,35.374653577804565,1627.4498972892761
FedAvg,0.1,rep5,49,2026-04-08 22:28:57,0.9255,0.6123,0.9239,0.2467,0.033,36.91911721229553,1664.3690145015717
FedAvg,0.1,rep5,50,2026-04-08 22:29:34,0.9718,0.6666,0.9181,0.2738,0.0625,33.98696756362915,1698.3559820652008
FedAvg,0.25,rep1,0,2026-04-08 22:30:38,2.3126,0.0569,0.4191,0.0872,0.1544,59.991681814193726,59.991681814193726
FedAvg,0.25,rep1,1,2026-04-08 22:31:38,2.6948,0.1817,0.5491,0.3635,0.307,54.00176429748535,113.99344611167908
FedAvg,0.25,rep1,2,2026-04-08 22:32:32,1.9134,0.3116,0.7696,0.354,0.2687,52.72405290603638,166.71749901771545
FedAvg,0.25,rep1,3,2026-04-08 22:33:24,1.5738,0.4326,0.8705,0.3461,0.0893,53.3281409740448,220.04563999176025
FedAvg,0.25,rep1,4,2026-04-08 22:34:18,1.6366,0.3774,0.8443,0.3824,0.1232,54.79942560195923,274.8450655937195
FedAvg,0.25,rep1,5,2026-04-08 22:35:13,1.2973,0.5966,0.8859,0.2272,0.0681,55.98931431770325,330.83437991142273
FedAvg,0.25,rep1,6,2026-04-08 22:36:08,1.4998,0.4725,0.8212,0.3757,0.1644,51.24900579452515,382.0833857059479
FedAvg,0.25,rep1,7,2026-04-08 22:37:00,1.2758,0.479,0.884,0.31,0.0516,54.62055325508118,436.70393896102905
FedAvg,0.25,rep1,8,2026-04-08 22:37:54,1.3894,0.4717,0.8768,0.3092,0.0711,53.05066227912903,489.7546012401581
FedAvg,0.25,rep1,9,2026-04-08 22:38:47,1.3483,0.4417,0.8656,0.3438,0.0933,52.66742825508118,542.4220294952393
FedAvg,0.25,rep1,10,2026-04-08 22:39:40,1.1817,0.5657,0.8965,0.1841,0.0578,54.295512199401855,596.7175416946411
FedAvg,0.25,rep1,11,2026-04-08 22:40:34,1.0736,0.6441,0.9026,0.1881,0.0438,55.31588268280029,652.0334243774414
FedAvg,0.25,rep1,12,2026-04-08 22:41:30,1.2494,0.5357,0.8976,0.3178,0.052,53.53429841995239,705.5677227973938
FedAvg,0.25,rep1,13,2026-04-08 22:42:23,0.9768,0.6437,0.9159,0.16,0.0191,53.149489402770996,758.7172122001648
FedAvg,0.25,rep1,14,2026-04-08 22:43:16,1.0677,0.5577,0.909,0.2166,0.0279,55.86966252326965,814.5868747234344
FedAvg,0.25,rep1,15,2026-04-08 22:44:12,0.9982,0.6282,0.9141,0.2428,0.0399,56.579749584198,871.1666243076324
FedAvg,0.25,rep1,16,2026-04-08 22:45:09,0.9925,0.6349,0.9145,0.2611,0.0458,53.46796774864197,924.6345920562744
FedAvg,0.25,rep1,17,2026-04-08 22:46:02,1.017,0.6139,0.9137,0.2697,0.0469,59.51282715797424,984.1474192142487
FedAvg,0.25,rep1,18,2026-04-08 22:47:02,1.0539,0.5887,0.9079,0.2206,0.0483,58.480740547180176,1042.6281597614288
FedAvg,0.25,rep1,19,2026-04-08 22:48:00,0.9185,0.6698,0.9183,0.2077,0.0391,57.218279123306274,1099.846438884735
FedAvg,0.25,rep1,20,2026-04-08 22:48:57,1.143,0.5631,0.9145,0.3148,0.0526,59.30837392807007,1159.1548128128052
FedAvg,0.25,rep1,21,2026-04-08 22:49:57,1.2483,0.5431,0.8913,0.4238,0.098,56.81029987335205,1215.9651126861572
FedAvg,0.25,rep1,22,2026-04-08 22:50:54,1.1817,0.5771,0.9015,0.2952,0.0778,56.83775877952576,1272.802871465683
FedAvg,0.25,rep1,23,2026-04-08 22:51:50,1.0377,0.6302,0.9001,0.3177,0.0743,58.00391387939453,1330.8067853450775
FedAvg,0.25,rep1,24,2026-04-08 22:52:48,0.9028,0.6754,0.9183,0.2064,0.0273,58.847612380981445,1389.654397726059
FedAvg,0.25,rep1,25,2026-04-08 22:53:47,0.8974,0.6349,0.9179,0.2229,0.0269,56.65217161178589,1446.3065693378448
FedAvg,0.25,rep1,26,2026-04-08 22:54:44,0.8338,0.6972,0.9226,0.1525,0.0192,57.25507712364197,1503.5616464614868
FedAvg,0.25,rep1,27,2026-04-08 22:55:41,0.9756,0.6141,0.9161,0.3262,0.0421,57.217047452926636,1560.7786939144135
FedAvg,0.25,rep1,28,2026-04-08 22:56:38,0.914,0.6475,0.9228,0.2604,0.0334,56.77961707115173,1617.5583109855652
FedAvg,0.25,rep1,29,2026-04-08 22:57:35,1.0238,0.6143,0.9099,0.2218,0.0585,63.47082781791687,1681.029138803482
FedAvg,0.25,rep1,30,2026-04-08 22:58:39,0.8514,0.6843,0.9281,0.129,0.0171,57.969398736953735,1738.9985375404358
FedAvg,0.25,rep1,31,2026-04-08 22:59:37,0.9813,0.6153,0.9082,0.2668,0.0498,56.01117014884949,1795.0097076892853
FedAvg,0.25,rep1,32,2026-04-08 23:00:33,0.8353,0.6849,0.9237,0.2168,0.035,56.158292293548584,1851.1679999828339
FedAvg,0.25,rep1,33,2026-04-08 23:01:29,0.8177,0.6941,0.9235,0.1795,0.0246,57.759167432785034,1908.927167415619
FedAvg,0.25,rep1,34,2026-04-08 23:02:27,0.8165,0.6984,0.9271,0.1884,0.027,58.50849723815918,1967.435664653778
FedAvg,0.25,rep1,35,2026-04-08 23:03:25,0.8366,0.6959,0.9274,0.2358,0.0365,58.76087141036987,2026.196536064148
FedAvg,0.25,rep1,36,2026-04-08 23:04:24,0.9079,0.6612,0.9149,0.2945,0.0608,57.123740911483765,2083.3202769756317
FedAvg,0.25,rep1,37,2026-04-08 23:05:21,0.8316,0.6851,0.9298,0.2119,0.029,57.61851096153259,2140.9387879371643
FedAvg,0.25,rep1,38,2026-04-08 23:06:19,0.9511,0.5951,0.9266,0.3095,0.0347,56.76066279411316,2197.6994507312775
FedAvg,0.25,rep1,39,2026-04-08 23:07:15,0.7826,0.7078,0.9298,0.1706,0.0218,55.60899567604065,2253.308446407318
FedAvg,0.25,rep1,40,2026-04-08 23:08:11,0.8874,0.66,0.9232,0.2353,0.0362,59.178603172302246,2312.4870495796204
FedAvg,0.25,rep1,41,2026-04-08 23:09:10,1.1286,0.5651,0.9063,0.341,0.0657,56.709593057632446,2369.196642637253
FedAvg,0.25,rep1,42,2026-04-08 23:10:07,1.0495,0.5754,0.9207,0.3558,0.0488,57.28064441680908,2426.477287054062
FedAvg,0.25,rep1,43,2026-04-08 23:11:04,0.8924,0.6304,0.9142,0.2741,0.0479,57.559669971466064,2484.036957025528
FedAvg,0.25,rep1,44,2026-04-08 23:12:02,0.9037,0.6227,0.9152,0.2935,0.0496,57.94385576248169,2541.9808127880096
FedAvg,0.25,rep1,45,2026-04-08 23:13:00,0.7767,0.7118,0.9278,0.1209,0.0136,55.08148002624512,2597.0622928142548
FedAvg,0.25,rep1,46,2026-04-08 23:13:55,0.8549,0.6653,0.918,0.1941,0.0314,53.21953511238098,2650.2818279266357
FedAvg,0.25,rep1,47,2026-04-08 23:14:48,0.9049,0.6155,0.9209,0.2341,0.0276,50.03369855880737,2700.315526485443
FedAvg,0.25,rep1,48,2026-04-08 23:15:38,1.0767,0.5369,0.9171,0.2606,0.0315,43.963106870651245,2744.2786333560944
FedAvg,0.25,rep1,49,2026-04-08 23:16:22,0.8357,0.6874,0.9231,0.2654,0.0422,45.78282713890076,2790.061460494995
FedAvg,0.25,rep1,50,2026-04-08 23:17:08,0.8723,0.6697,0.92,0.259,0.0453,43.612324237823486,2833.6737847328186
FedAvg,0.25,rep2,0,2026-04-08 23:18:14,2.3126,0.0569,0.4191,0.0872,0.1544,49.03864097595215,49.03864097595215
FedAvg,0.25,rep2,1,2026-04-08 23:19:03,2.2033,0.1703,0.6286,0.2101,0.2355,44.064452171325684,93.10309314727783
FedAvg,0.25,rep2,2,2026-04-08 23:19:47,1.8893,0.3745,0.7781,0.3746,0.2341,43.85687065124512,136.95996379852295
FedAvg,0.25,rep2,3,2026-04-08 23:20:31,1.7584,0.2846,0.8074,0.3248,0.1311,42.73847961425781,179.69844341278076
FedAvg,0.25,rep2,4,2026-04-08 23:21:14,1.611,0.3178,0.8664,0.344,0.0614,43.04758095741272,222.74602437019348
FedAvg,0.25,rep2,5,2026-04-08 23:21:57,1.3618,0.5098,0.8858,0.2677,0.0525,43.73577380180359,266.48179817199707
FedAvg,0.25,rep2,6,2026-04-08 23:22:40,1.2917,0.5263,0.8838,0.3078,0.0644,44.91990065574646,311.40169882774353
FedAvg,0.25,rep2,7,2026-04-08 23:23:25,1.2207,0.5714,0.8909,0.2664,0.0654,43.801433086395264,355.2031319141388
FedAvg,0.25,rep2,8,2026-04-08 23:24:09,1.2458,0.4991,0.8958,0.2934,0.0455,43.83592748641968,399.0390594005585
FedAvg,0.25,rep2,9,2026-04-08 23:24:53,1.2255,0.5142,0.8858,0.2657,0.0679,44.04467415809631,443.0837335586548
FedAvg,0.25,rep2,10,2026-04-08 23:25:37,1.2497,0.4583,0.8871,0.2968,0.0541,43.43790102005005,486.52163457870483
FedAvg,0.25,rep2,11,2026-04-08 23:26:20,1.0927,0.5937,0.9036,0.309,0.0581,43.54152512550354,530.0631597042084
FedAvg,0.25,rep2,12,2026-04-08 23:27:04,1.1255,0.5921,0.8938,0.2741,0.0625,44.85197401046753,574.9151337146759
FedAvg,0.25,rep2,13,2026-04-08 23:27:49,1.0541,0.6267,0.9054,0.1639,0.0343,44.06717300415039,618.9823067188263
FedAvg,0.25,rep2,14,2026-04-08 23:28:33,1.1645,0.4956,0.9035,0.2209,0.0403,44.35524773597717,663.3375544548035
FedAvg,0.25,rep2,15,2026-04-08 23:29:17,1.2308,0.4866,0.9039,0.3256,0.0547,43.573551177978516,706.911105632782
FedAvg,0.25,rep2,16,2026-04-08 23:30:01,0.9722,0.6559,0.9159,0.1961,0.0282,44.17111039161682,751.0822160243988
FedAvg,0.25,rep2,17,2026-04-08 23:30:45,0.9376,0.6759,0.9181,0.1797,0.0272,43.39128851890564,794.4735045433044
FedAvg,0.25,rep2,18,2026-04-08 23:31:28,0.9195,0.674,0.9198,0.2116,0.0313,46.41174840927124,840.8852529525757
FedAvg,0.25,rep2,19,2026-04-08 23:32:15,0.9262,0.6435,0.9165,0.192,0.0295,43.40360355377197,884.2888565063477
FedAvg,0.25,rep2,20,2026-04-08 23:32:58,0.8953,0.6706,0.9213,0.1028,0.011,43.85838198661804,928.1472384929657
FedAvg,0.25,rep2,21,2026-04-08 23:33:42,0.8993,0.6759,0.9169,0.2133,0.0366,43.853986978530884,972.0012254714966
FedAvg,0.25,rep2,22,2026-04-08 23:34:26,0.9508,0.64,0.9213,0.1737,0.0267,42.87469840049744,1014.875923871994
FedAvg,0.25,rep2,23,2026-04-08 23:35:09,0.9391,0.6343,0.9166,0.2308,0.0369,42.96730184555054,1057.8432257175446
FedAvg,0.25,rep2,24,2026-04-08 23:35:52,1.0248,0.5715,0.9109,0.2805,0.0384,43.07745838165283,1100.9206840991974
FedAvg,0.25,rep2,25,2026-04-08 23:36:35,0.9075,0.6905,0.9218,0.196,0.0372,43.678772926330566,1144.599457025528
FedAvg,0.25,rep2,26,2026-04-08 23:37:19,1.0079,0.6721,0.9113,0.2553,0.0579,44.225587368011475,1188.8250443935394
FedAvg,0.25,rep2,27,2026-04-08 23:38:03,0.9605,0.6652,0.9143,0.2744,0.0513,43.60954737663269,1232.4345917701721
FedAvg,0.25,rep2,28,2026-04-08 23:38:46,1.0576,0.6222,0.9113,0.3393,0.0698,43.54721641540527,1275.9818081855774
FedAvg,0.25,rep2,29,2026-04-08 23:39:30,0.9681,0.6426,0.9137,0.3125,0.059,43.294869899749756,1319.2766780853271
FedAvg,0.25,rep2,30,2026-04-08 23:40:13,0.8981,0.6415,0.9158,0.2649,0.0492,43.65981721878052,1362.9364953041077
FedAvg,0.25,rep2,31,2026-04-08 23:40:57,0.9183,0.6533,0.9247,0.1714,0.0279,43.20451235771179,1406.1410076618195
FedAvg,0.25,rep2,32,2026-04-08 23:41:40,1.1564,0.5993,0.8957,0.3733,0.099,43.58345937728882,1449.7244670391083
FedAvg,0.25,rep2,33,2026-04-08 23:42:24,0.8981,0.6582,0.9182,0.2024,0.0455,42.79884743690491,1492.5233144760132
FedAvg,0.25,rep2,34,2026-04-08 23:43:06,0.8162,0.6981,0.9282,0.1595,0.0168,43.569369077682495,1536.0926835536957
FedAvg,0.25,rep2,35,2026-04-08 23:43:50,0.933,0.6303,0.9227,0.2843,0.0446,43.86822986602783,1579.9609134197235
FedAvg,0.25,rep2,36,2026-04-08 23:44:34,0.8823,0.6602,0.9161,0.245,0.0518,43.41807794570923,1623.3789913654327
FedAvg,0.25,rep2,37,2026-04-08 23:45:17,0.9307,0.613,0.922,0.2128,0.0274,44.00443434715271,1667.3834257125854
FedAvg,0.25,rep2,38,2026-04-08 23:46:01,0.794,0.7025,0.9254,0.1618,0.0256,43.58142447471619,1710.9648501873016
FedAvg,0.25,rep2,39,2026-04-08 23:46:45,0.8613,0.683,0.9262,0.2117,0.0299,43.66046905517578,1754.6253192424774
FedAvg,0.25,rep2,40,2026-04-08 23:47:29,0.8354,0.6958,0.9206,0.1814,0.0354,42.9895806312561,1797.6148998737335
FedAvg,0.25,rep2,41,2026-04-08 23:48:12,0.7998,0.7054,0.9305,0.18,0.0257,43.744927167892456,1841.359827041626
FedAvg,0.25,rep2,42,2026-04-08 23:48:55,0.8716,0.6782,0.924,0.2783,0.0442,44.069029092788696,1885.4288561344147
FedAvg,0.25,rep2,43,2026-04-08 23:49:39,0.7987,0.7035,0.9255,0.1794,0.0238,44.2869668006897,1929.7158229351044
FedAvg,0.25,rep2,44,2026-04-08 23:50:24,0.8705,0.6502,0.9201,0.2429,0.0395,43.63676166534424,1973.3525846004486
FedAvg,0.25,rep2,45,2026-04-08 23:51:07,1.0414,0.601,0.9067,0.307,0.063,43.82167911529541,2017.174263715744
FedAvg,0.25,rep2,46,2026-04-08 23:51:51,0.8012,0.6886,0.9263,0.1534,0.0179,43.452045917510986,2060.626309633255
FedAvg,0.25,rep2,47,2026-04-08 23:52:35,0.8861,0.6565,0.9126,0.2494,0.0535,43.63978886604309,2104.266098499298
FedAvg,0.25,rep2,48,2026-04-08 23:53:18,0.9271,0.6319,0.9125,0.2476,0.0473,43.13959884643555,2147.4056973457336
FedAvg,0.25,rep2,49,2026-04-08 23:54:01,0.7754,0.6929,0.9283,0.1875,0.0248,43.574928998947144,2190.980626344681
FedAvg,0.25,rep2,50,2026-04-08 23:54:45,0.876,0.6343,0.9145,0.2813,0.0493,44.309067487716675,2235.2896938323975
FedAvg,0.25,rep3,0,2026-04-08 23:55:51,2.3126,0.0569,0.4191,0.0872,0.1544,44.44824004173279,44.44824004173279
FedAvg,0.25,rep3,1,2026-04-08 23:56:35,2.294,0.18,0.6429,0.3602,0.2204,42.42642283439636,86.87466287612915
FedAvg,0.25,rep3,2,2026-04-08 23:57:18,1.9917,0.2097,0.7269,0.3678,0.1919,42.34115648269653,129.21581935882568
FedAvg,0.25,rep3,3,2026-04-08 23:58:00,1.7271,0.3255,0.8264,0.331,0.131,43.93884801864624,173.15466737747192
FedAvg,0.25,rep3,4,2026-04-08 23:58:44,1.5363,0.3478,0.8601,0.3104,0.0713,42.87082505226135,216.02549242973328
FedAvg,0.25,rep3,5,2026-04-08 23:59:27,1.5049,0.3577,0.8763,0.3263,0.0543,43.63032054901123,259.6558129787445
FedAvg,0.25,rep3,6,2026-04-09 00:00:10,1.2674,0.5002,0.8902,0.2364,0.038,44.23000526428223,303.88581824302673
FedAvg,0.25,rep3,7,2026-04-09 00:00:55,1.1982,0.5271,0.8915,0.214,0.0429,45.296491861343384,349.1823101043701
FedAvg,0.25,rep3,8,2026-04-09 00:01:40,1.3541,0.4419,0.8684,0.3301,0.0753,44.7313129901886,393.9136230945587
FedAvg,0.25,rep3,9,2026-04-09 00:02:25,1.18,0.4915,0.9,0.205,0.0265,43.405017375946045,437.31864047050476
FedAvg,0.25,rep3,10,2026-04-09 00:03:08,1.1225,0.5523,0.9063,0.2206,0.0374,43.65830659866333,480.9769470691681
FedAvg,0.25,rep3,11,2026-04-09 00:03:52,1.0594,0.6315,0.9065,0.1585,0.0255,42.769721269607544,523.7466683387756
FedAvg,0.25,rep3,12,2026-04-09 00:04:35,1.0337,0.6378,0.9072,0.1674,0.0347,43.72686457633972,567.4735329151154
FedAvg,0.25,rep3,13,2026-04-09 00:05:18,1.0373,0.5902,0.9016,0.234,0.0395,43.87688732147217,611.3504202365875
FedAvg,0.25,rep3,14,2026-04-09 00:06:02,1.0596,0.584,0.911,0.2761,0.044,43.16281175613403,654.5132319927216
FedAvg,0.25,rep3,15,2026-04-09 00:06:45,1.1085,0.5828,0.9028,0.305,0.0567,42.991413593292236,697.5046455860138
FedAvg,0.25,rep3,16,2026-04-09 00:07:28,1.1608,0.511,0.9042,0.2871,0.0466,43.30545973777771,740.8101053237915
FedAvg,0.25,rep3,17,2026-04-09 00:08:12,1.0891,0.5642,0.9024,0.2721,0.0581,43.34018516540527,784.1502904891968
FedAvg,0.25,rep3,18,2026-04-09 00:08:55,0.9317,0.6822,0.9169,0.1749,0.0276,44.03601670265198,828.1863071918488
FedAvg,0.25,rep3,19,2026-04-09 00:09:39,0.9415,0.6645,0.9139,0.2012,0.0452,43.04753351211548,871.2338407039642
FedAvg,0.25,rep3,20,2026-04-09 00:10:22,0.9285,0.6559,0.9208,0.0944,0.0141,43.33553385734558,914.5693745613098
FedAvg,0.25,rep3,21,2026-04-09 00:11:05,1.0266,0.6201,0.9165,0.1921,0.0403,43.25692963600159,957.8263041973114
FedAvg,0.25,rep3,22,2026-04-09 00:11:49,1.0496,0.5463,0.9131,0.2379,0.0281,43.28334188461304,1001.1096460819244
FedAvg,0.25,rep3,23,2026-04-09 00:12:32,0.8809,0.6655,0.9195,0.1626,0.0221,43.22956728935242,1044.3392133712769
FedAvg,0.25,rep3,24,2026-04-09 00:13:15,0.9467,0.6513,0.9133,0.2809,0.0544,44.5335009098053,1088.8727142810822
FedAvg,0.25,rep3,25,2026-04-09 00:14:00,0.8705,0.6847,0.92,0.2078,0.0358,43.80678462982178,1132.679498910904
FedAvg,0.25,rep3,26,2026-04-09 00:14:43,0.8981,0.6368,0.9137,0.2551,0.0424,44.704028367996216,1177.3835272789001
FedAvg,0.25,rep3,27,2026-04-09 00:15:28,0.9281,0.6237,0.9126,0.2539,0.0446,46.48605012893677,1223.869577407837
FedAvg,0.25,rep3,28,2026-04-09 00:16:15,0.9413,0.6273,0.9116,0.2348,0.0448,56.2334771156311,1280.103054523468
FedAvg,0.25,rep3,29,2026-04-09 00:17:11,0.9625,0.6405,0.9041,0.2701,0.0626,56.2759473323822,1336.3790018558502
FedAvg,0.25,rep3,30,2026-04-09 00:18:07,0.865,0.6571,0.9171,0.2113,0.0321,55.529916763305664,1391.9089186191559
FedAvg,0.25,rep3,31,2026-04-09 00:19:03,0.8659,0.6768,0.9172,0.1705,0.0275,61.9336621761322,1453.842580795288
FedAvg,0.25,rep3,32,2026-04-09 00:20:05,0.9542,0.6059,0.9096,0.2965,0.0487,59.341365814208984,1513.183946609497
FedAvg,0.25,rep3,33,2026-04-09 00:21:04,0.8796,0.675,0.9222,0.2611,0.0416,62.52004408836365,1575.7039906978607
FedAvg,0.25,rep3,34,2026-04-09 00:22:06,0.8531,0.6925,0.9276,0.1967,0.0287,65.40579009056091,1641.1097807884216
FedAvg,0.25,rep3,35,2026-04-09 00:23:12,0.8358,0.6903,0.9251,0.1918,0.0315,59.9722158908844,1701.081996679306
FedAvg,0.25,rep3,36,2026-04-09 00:24:12,0.8508,0.6466,0.9214,0.2358,0.0311,58.12355589866638,1759.2055525779724
FedAvg,0.25,rep3,37,2026-04-09 00:25:10,0.9056,0.6709,0.9177,0.2636,0.0445,57.922237157821655,1817.127789735794
FedAvg,0.25,rep3,38,2026-04-09 00:26:08,0.8005,0.7025,0.9274,0.1739,0.0211,59.94702458381653,1877.0748143196106
FedAvg,0.25,rep3,39,2026-04-09 00:27:08,0.8392,0.6754,0.9217,0.2288,0.0372,72.19564700126648,1949.270461320877
FedAvg,0.25,rep3,40,2026-04-09 00:28:20,1.0687,0.5922,0.9024,0.295,0.0625,64.41026878356934,2013.6807301044464
FedAvg,0.25,rep3,41,2026-04-09 00:29:24,0.7896,0.7062,0.9305,0.1666,0.0213,59.257065296173096,2072.9377954006195
FedAvg,0.25,rep3,42,2026-04-09 00:30:24,0.8891,0.6743,0.9242,0.2489,0.0392,61.856770277023315,2134.794565677643
FedAvg,0.25,rep3,43,2026-04-09 00:31:26,0.903,0.6486,0.9218,0.2297,0.0393,60.14700746536255,2194.9415731430054
FedAvg,0.25,rep3,44,2026-04-09 00:32:26,0.9431,0.6446,0.9239,0.3206,0.0557,71.76999592781067,2266.711569070816
FedAvg,0.25,rep3,45,2026-04-09 00:33:37,0.8401,0.6836,0.9185,0.2441,0.0508,76.09463262557983,2342.806201696396
FedAvg,0.25,rep3,46,2026-04-09 00:34:54,0.7906,0.7057,0.929,0.1501,0.0234,65.1800491809845,2407.9862508773804
FedAvg,0.25,rep3,47,2026-04-09 00:35:59,0.7598,0.7126,0.9288,0.125,0.0166,95.1941819190979,2503.1804327964783
FedAvg,0.25,rep3,48,2026-04-09 00:37:34,0.8918,0.6749,0.9194,0.2481,0.0438,88.98561882972717,2592.1660516262054
FedAvg,0.25,rep3,49,2026-04-09 00:39:03,0.8912,0.6685,0.9189,0.2952,0.0537,92.83853793144226,2685.0045895576477
FedAvg,0.25,rep3,50,2026-04-09 00:40:36,0.8898,0.6629,0.9277,0.2929,0.0447,83.92563366889954,2768.9302232265472
FedAvg,0.25,rep4,0,2026-04-09 00:42:22,2.3126,0.0569,0.4191,0.0872,0.1544,61.848252296447754,61.848252296447754
FedAvg,0.25,rep4,1,2026-04-09 00:43:23,2.2646,0.1411,0.6172,0.2827,0.309,86.94453573226929,148.79278802871704
FedAvg,0.25,rep4,2,2026-04-09 00:44:50,1.8914,0.2554,0.7764,0.378,0.1476,74.34259128570557,223.1353793144226
FedAvg,0.25,rep4,3,2026-04-09 00:46:05,2.0539,0.2639,0.7528,0.3689,0.2251,72.65131831169128,295.7866976261139
FedAvg,0.25,rep4,4,2026-04-09 00:47:17,1.7826,0.3139,0.7962,0.362,0.1263,67.56820631027222,363.3549039363861
FedAvg,0.25,rep4,5,2026-04-09 00:48:25,1.292,0.5656,0.8825,0.2261,0.0695,91.01282167434692,454.36772561073303
FedAvg,0.25,rep4,6,2026-04-09 00:49:56,1.2823,0.513,0.8803,0.3153,0.0843,90.16490292549133,544.5326285362244
FedAvg,0.25,rep4,7,2026-04-09 00:51:26,1.1909,0.5378,0.902,0.1894,0.0299,75.07638788223267,619.609016418457
FedAvg,0.25,rep4,8,2026-04-09 00:52:41,1.2046,0.5325,0.9012,0.2458,0.0369,70.65209722518921,690.2611136436462
FedAvg,0.25,rep4,9,2026-04-09 00:53:52,1.1833,0.5051,0.8963,0.2367,0.0494,86.54814338684082,776.8092570304871
FedAvg,0.25,rep4,10,2026-04-09 00:55:18,1.2717,0.4645,0.8933,0.2765,0.0607,66.77049946784973,843.5797564983368
FedAvg,0.25,rep4,11,2026-04-09 00:56:25,1.1955,0.5419,0.8958,0.2804,0.0457,66.19217491149902,909.7719314098358
FedAvg,0.25,rep4,12,2026-04-09 00:57:31,1.1376,0.5518,0.9063,0.2293,0.0331,85.38184762001038,995.1537790298462
FedAvg,0.25,rep4,13,2026-04-09 00:58:57,1.2139,0.5143,0.884,0.3255,0.0837,90.35020661354065,1085.5039856433868
FedAvg,0.25,rep4,14,2026-04-09 01:00:27,0.9789,0.6218,0.912,0.1651,0.0215,68.77818989753723,1154.282175540924
FedAvg,0.25,rep4,15,2026-04-09 01:01:36,1.0211,0.6446,0.9051,0.2234,0.0646,73.9886257648468,1228.2708013057709
FedAvg,0.25,rep4,16,2026-04-09 01:02:50,1.0062,0.6441,0.9148,0.1826,0.0322,67.81252384185791,1296.0833251476288
FedAvg,0.25,rep4,17,2026-04-09 01:03:58,1.1027,0.5976,0.8988,0.2965,0.0761,98.69149613380432,1394.774821281433
FedAvg,0.25,rep4,18,2026-04-09 01:05:36,1.0884,0.5745,0.9018,0.2541,0.0576,84.81202268600464,1479.5868439674377
FedAvg,0.25,rep4,19,2026-04-09 01:07:01,1.0464,0.5825,0.915,0.1801,0.0285,82.0829725265503,1561.669816493988
FedAvg,0.25,rep4,20,2026-04-09 01:08:23,0.972,0.6059,0.9132,0.2496,0.0428,88.6961419582367,1650.3659584522247
FedAvg,0.25,rep4,21,2026-04-09 01:09:52,0.9031,0.6686,0.9164,0.1936,0.0336,71.30568957328796,1721.6716480255127
FedAvg,0.25,rep4,22,2026-04-09 01:11:03,1.0547,0.6221,0.9128,0.2518,0.0472,92.55324912071228,1814.224897146225
FedAvg,0.25,rep4,23,2026-04-09 01:12:36,0.9997,0.6453,0.9114,0.2174,0.0591,79.67282676696777,1893.8977239131927
FedAvg,0.25,rep4,24,2026-04-09 01:13:55,0.9037,0.6419,0.9207,0.1661,0.0228,66.9341766834259,1960.8319005966187
FedAvg,0.25,rep4,25,2026-04-09 01:15:02,0.8589,0.6918,0.9236,0.1538,0.0172,83.32749485969543,2044.159395456314
FedAvg,0.25,rep4,26,2026-04-09 01:16:26,1.0073,0.6384,0.9108,0.2986,0.0564,87.25365328788757,2131.4130487442017
FedAvg,0.25,rep4,27,2026-04-09 01:17:53,1.0108,0.5979,0.912,0.2883,0.0524,86.63737630844116,2218.050425052643
FedAvg,0.25,rep4,28,2026-04-09 01:19:20,0.9669,0.6289,0.9178,0.2612,0.0408,75.60807800292969,2293.6585030555725
FedAvg,0.25,rep4,29,2026-04-09 01:20:35,0.8504,0.6851,0.9252,0.1608,0.0221,88.16028451919556,2381.818787574768
FedAvg,0.25,rep4,30,2026-04-09 01:22:03,0.9296,0.6393,0.9185,0.3155,0.0458,88.5564193725586,2470.3752069473267
FedAvg,0.25,rep4,31,2026-04-09 01:23:32,0.9127,0.649,0.9143,0.2622,0.0517,78.47779965400696,2548.8530066013336
FedAvg,0.25,rep4,32,2026-04-09 01:24:50,0.9592,0.6325,0.9101,0.2852,0.0606,85.71412706375122,2634.567133665085
FedAvg,0.25,rep4,33,2026-04-09 01:26:16,1.1022,0.5466,0.9073,0.2978,0.0581,93.43171906471252,2727.9988527297974
FedAvg,0.25,rep4,34,2026-04-09 01:27:50,1.0027,0.6218,0.9197,0.3336,0.0604,68.67318558692932,2796.6720383167267
FedAvg,0.25,rep4,35,2026-04-09 01:28:58,1.382,0.5632,0.8846,0.4387,0.1111,69.33124589920044,2866.003284215927
FedAvg,0.25,rep4,36,2026-04-09 01:30:08,0.8414,0.6611,0.9188,0.2272,0.0351,71.74656105041504,2937.749845266342
FedAvg,0.25,rep4,37,2026-04-09 01:31:19,0.8205,0.695,0.9283,0.1953,0.0274,93.29861354827881,3031.048458814621
FedAvg,0.25,rep4,38,2026-04-09 01:32:53,0.8589,0.6495,0.9197,0.2281,0.0338,70.69708275794983,3101.745541572571
FedAvg,0.25,rep4,39,2026-04-09 01:34:03,0.8907,0.6289,0.9136,0.2792,0.0464,90.9743959903717,3192.7199375629425
FedAvg,0.25,rep4,40,2026-04-09 01:35:34,0.8538,0.693,0.9247,0.2023,0.037,68.3136658668518,3261.0336034297943
FedAvg,0.25,rep4,41,2026-04-09 01:36:43,0.9103,0.6703,0.9182,0.2268,0.0436,81.33580374717712,3342.3694071769714
FedAvg,0.25,rep4,42,2026-04-09 01:38:04,0.7778,0.7116,0.9308,0.1642,0.0204,62.73925018310547,3405.108657360077
FedAvg,0.25,rep4,43,2026-04-09 01:39:07,0.9775,0.588,0.9201,0.2646,0.0335,81.17273616790771,3486.2813935279846
FedAvg,0.25,rep4,44,2026-04-09 01:40:28,1.0799,0.5547,0.9151,0.2866,0.0449,79.61441040039062,3565.8958039283752
FedAvg,0.25,rep4,45,2026-04-09 01:41:47,1.0291,0.5999,0.9103,0.3904,0.073,92.9517822265625,3658.8475861549377
FedAvg,0.25,rep4,46,2026-04-09 01:43:20,0.8549,0.6801,0.9283,0.2489,0.0404,85.48608446121216,3744.33367061615
FedAvg,0.25,rep4,47,2026-04-09 01:44:46,0.7715,0.7059,0.9259,0.1621,0.0276,81.5106589794159,3825.844329595566
FedAvg,0.25,rep4,48,2026-04-09 01:46:07,0.7608,0.7155,0.9307,0.1882,0.0254,76.20954990386963,3902.0538794994354
FedAvg,0.25,rep4,49,2026-04-09 01:47:24,0.8678,0.6861,0.9218,0.2487,0.0437,82.56778049468994,3984.6216599941254
FedAvg,0.25,rep4,50,2026-04-09 01:48:46,0.8414,0.6721,0.9199,0.2413,0.0419,83.5891170501709,4068.2107770442963
FedAvg,0.25,rep5,0,2026-04-09 01:50:32,2.3126,0.0569,0.4191,0.0872,0.1544,66.16351222991943,66.16351222991943
FedAvg,0.25,rep5,1,2026-04-09 01:51:38,2.1538,0.1821,0.7422,0.2209,0.0986,75.94350624084473,142.10701847076416
FedAvg,0.25,rep5,2,2026-04-09 01:52:54,1.8856,0.3655,0.7907,0.3684,0.1719,64.64546275138855,206.7524812221527
FedAvg,0.25,rep5,3,2026-04-09 01:53:59,1.8363,0.3166,0.801,0.4068,0.1588,65.15043354034424,271.90291476249695
FedAvg,0.25,rep5,4,2026-04-09 01:55:04,1.5852,0.4073,0.8447,0.4107,0.1077,58.953774213790894,330.85668897628784
FedAvg,0.25,rep5,5,2026-04-09 01:56:03,1.3243,0.5255,0.8835,0.26,0.061,64.49679398536682,395.35348296165466
FedAvg,0.25,rep5,6,2026-04-09 01:57:07,1.2835,0.542,0.8818,0.271,0.0736,69.10871887207031,464.462201833725
FedAvg,0.25,rep5,7,2026-04-09 01:58:16,1.3651,0.4729,0.8908,0.2943,0.0493,69.56164002418518,534.0238418579102
FedAvg,0.25,rep5,8,2026-04-09 01:59:26,1.331,0.3965,0.8801,0.3238,0.0559,66.42443895339966,600.4482808113098
FedAvg,0.25,rep5,9,2026-04-09 02:00:32,1.5622,0.4065,0.8799,0.3368,0.076,61.906983852386475,662.3552646636963
FedAvg,0.25,rep5,10,2026-04-09 02:01:34,1.0933,0.5777,0.9039,0.1551,0.0178,76.41682386398315,738.7720885276794
FedAvg,0.25,rep5,11,2026-04-09 02:02:51,1.4318,0.4139,0.8874,0.3251,0.0671,70.16305160522461,808.935140132904
FedAvg,0.25,rep5,12,2026-04-09 02:04:01,1.1356,0.5478,0.9046,0.1993,0.0388,68.79257369041443,877.7277138233185
FedAvg,0.25,rep5,13,2026-04-09 02:05:09,1.0414,0.5806,0.9092,0.1348,0.0191,85.16680884361267,962.8945226669312
FedAvg,0.25,rep5,14,2026-04-09 02:06:35,1.0712,0.5618,0.8992,0.2571,0.0464,86.81487131118774,1049.709393978119
FedAvg,0.25,rep5,15,2026-04-09 02:08:01,0.9763,0.6551,0.9122,0.1805,0.0282,61.28312015533447,1110.9925141334534
FedAvg,0.25,rep5,16,2026-04-09 02:09:03,1.131,0.6274,0.9008,0.2696,0.0646,64.62893867492676,1175.6214528083801
FedAvg,0.25,rep5,17,2026-04-09 02:10:07,0.9637,0.6479,0.9158,0.2097,0.037,86.78614044189453,1262.4075932502747
FedAvg,0.25,rep5,18,2026-04-09 02:11:34,0.9891,0.624,0.9166,0.2764,0.0415,85.00503182411194,1347.4126250743866
FedAvg,0.25,rep5,19,2026-04-09 02:12:59,0.9851,0.6346,0.91,0.2655,0.0537,65.16056823730469,1412.5731933116913
FedAvg,0.25,rep5,20,2026-04-09 02:14:04,1.1318,0.5922,0.9037,0.3811,0.0753,92.36865496635437,1504.9418482780457
FedAvg,0.25,rep5,21,2026-04-09 02:15:37,0.9661,0.6621,0.9154,0.2508,0.0477,73.94548511505127,1578.887333393097
FedAvg,0.25,rep5,22,2026-04-09 02:16:51,0.8727,0.6824,0.924,0.1873,0.0245,68.15537238121033,1647.0427057743073
FedAvg,0.25,rep5,23,2026-04-09 02:17:59,0.9391,0.6685,0.9151,0.2254,0.0428,90.65858244895935,1737.7012882232666
FedAvg,0.25,rep5,24,2026-04-09 02:19:29,0.8798,0.659,0.9209,0.1826,0.0261,79.0566291809082,1816.7579174041748
FedAvg,0.25,rep5,25,2026-04-09 02:20:49,0.8826,0.6899,0.9228,0.2092,0.0341,73.64739179611206,1890.4053092002869
FedAvg,0.25,rep5,26,2026-04-09 02:22:02,0.8929,0.6391,0.9159,0.2436,0.0396,78.70173048973083,1969.1070396900177
FedAvg,0.25,rep5,27,2026-04-09 02:23:21,1.1321,0.5625,0.8909,0.338,0.0792,61.61529755592346,2030.7223372459412
FedAvg,0.25,rep5,28,2026-04-09 02:24:22,0.9631,0.5999,0.919,0.348,0.0503,80.8493766784668,2111.571713924408
FedAvg,0.25,rep5,29,2026-04-09 02:25:43,0.9397,0.6429,0.9138,0.2303,0.0541,82.42662525177002,2193.998339176178
FedAvg,0.25,rep5,30,2026-04-09 02:27:06,0.9424,0.6318,0.9193,0.2903,0.0486,76.65227556228638,2270.6506147384644
FedAvg,0.25,rep5,31,2026-04-09 02:28:22,0.927,0.6495,0.9209,0.2189,0.0381,65.85988712310791,2336.5105018615723
FedAvg,0.25,rep5,32,2026-04-09 02:29:28,0.9127,0.6555,0.9176,0.2454,0.0415,82.63332891464233,2419.1438307762146
FedAvg,0.25,rep5,33,2026-04-09 02:30:51,0.8651,0.6676,0.9272,0.2107,0.0272,69.04001927375793,2488.1838500499725
FedAvg,0.25,rep5,34,2026-04-09 02:32:00,0.8042,0.6904,0.926,0.1429,0.0172,62.244375705718994,2550.4282257556915
FedAvg,0.25,rep5,35,2026-04-09 02:33:02,0.8539,0.6852,0.9174,0.2129,0.0409,75.23560070991516,2625.6638264656067
FedAvg,0.25,rep5,36,2026-04-09 02:34:17,0.9682,0.5921,0.9061,0.3165,0.0591,72.56277990341187,2698.2266063690186
FedAvg,0.25,rep5,37,2026-04-09 02:35:30,0.8618,0.6923,0.9236,0.2264,0.0369,78.6088216304779,2776.8354279994965
FedAvg,0.25,rep5,38,2026-04-09 02:36:49,0.8477,0.6455,0.9206,0.2514,0.0337,88.08211827278137,2864.917546272278
FedAvg,0.25,rep5,39,2026-04-09 02:38:17,0.8774,0.6777,0.9233,0.17,0.0285,76.40861654281616,2941.326162815094
FedAvg,0.25,rep5,40,2026-04-09 02:39:33,0.8481,0.6475,0.9183,0.2525,0.0381,62.07149529457092,3003.397658109665
FedAvg,0.25,rep5,41,2026-04-09 02:40:35,0.8306,0.6502,0.9234,0.2389,0.0285,65.37541723251343,3068.7730753421783
FedAvg,0.25,rep5,42,2026-04-09 02:41:41,0.8363,0.6975,0.9252,0.2247,0.039,79.72956132888794,3148.5026366710663
FedAvg,0.25,rep5,43,2026-04-09 02:43:00,0.831,0.6993,0.9256,0.2142,0.0313,77.05600309371948,3225.5586397647858
FedAvg,0.25,rep5,44,2026-04-09 02:44:17,0.8231,0.6701,0.9259,0.2064,0.0251,82.53879880905151,3308.0974385738373
FedAvg,0.25,rep5,45,2026-04-09 02:45:40,0.8259,0.6888,0.9284,0.0566,0.0097,73.4020459651947,3381.499484539032
FedAvg,0.25,rep5,46,2026-04-09 02:46:53,0.9026,0.6823,0.9149,0.2455,0.0612,76.33839821815491,3457.837882757187
FedAvg,0.25,rep5,47,2026-04-09 02:48:10,0.8727,0.6867,0.9247,0.2479,0.0395,89.44742274284363,3547.2853055000305
FedAvg,0.25,rep5,48,2026-04-09 02:49:39,0.9674,0.6417,0.9121,0.2622,0.053,74.6107120513916,3621.896017551422
FedAvg,0.25,rep5,49,2026-04-09 02:50:54,0.8129,0.6845,0.9245,0.1849,0.03,75.26668095588684,3697.162698507309
FedAvg,0.25,rep5,50,2026-04-09 02:52:09,0.9634,0.637,0.9112,0.3016,0.0633,72.94940328598022,3770.112101793289
FedAvg,0.5,rep1,0,2026-04-09 02:53:44,2.3126,0.0569,0.4191,0.0872,0.1544,107.15179562568665,107.15179562568665
FedAvg,0.5,rep1,1,2026-04-09 02:55:31,2.1738,0.1398,0.671,0.1787,0.2316,108.88663530349731,216.03843092918396
FedAvg,0.5,rep1,2,2026-04-09 02:57:20,1.8394,0.4063,0.8564,0.332,0.0981,109.77903723716736,325.8174681663513
FedAvg,0.5,rep1,3,2026-04-09 02:59:10,1.7045,0.3387,0.8256,0.3436,0.1547,153.8478763103485,479.66534447669983
FedAvg,0.5,rep1,4,2026-04-09 03:01:44,1.4904,0.499,0.8664,0.2688,0.1005,128.98320031166077,608.6485447883606
FedAvg,0.5,rep1,5,2026-04-09 03:03:53,1.474,0.4343,0.8679,0.2766,0.0892,150.04971957206726,758.6982643604279
FedAvg,0.5,rep1,6,2026-04-09 03:06:23,1.2523,0.5599,0.89,0.2159,0.0398,138.8301079273224,897.5283722877502
FedAvg,0.5,rep1,7,2026-04-09 03:08:42,1.2584,0.4789,0.8856,0.2807,0.0408,126.4197051525116,1023.9480774402618
FedAvg,0.5,rep1,8,2026-04-09 03:10:48,1.1597,0.5489,0.8922,0.1998,0.0435,124.14910340309143,1148.0971808433533
FedAvg,0.5,rep1,9,2026-04-09 03:12:52,1.1074,0.5838,0.908,0.1536,0.0174,109.98816275596619,1258.0853435993195
FedAvg,0.5,rep1,10,2026-04-09 03:14:42,1.0784,0.6102,0.9028,0.1445,0.0324,131.65239715576172,1389.7377407550812
FedAvg,0.5,rep1,11,2026-04-09 03:16:54,1.0848,0.5554,0.9043,0.1643,0.024,162.75186586380005,1552.4896066188812
FedAvg,0.5,rep1,12,2026-04-09 03:19:37,1.0854,0.5707,0.9021,0.2242,0.0433,127.32310485839844,1679.8127114772797
FedAvg,0.5,rep1,13,2026-04-09 03:21:44,1.0198,0.6445,0.9076,0.1824,0.033,131.44089698791504,1811.2536084651947
FedAvg,0.5,rep1,14,2026-04-09 03:23:56,1.0533,0.5635,0.9101,0.1822,0.0256,147.28125524520874,1958.5348637104034
FedAvg,0.5,rep1,15,2026-04-09 03:26:23,0.9879,0.6431,0.9147,0.1488,0.0212,130.5198471546173,2089.0547108650208
FedAvg,0.5,rep1,16,2026-04-09 03:28:33,0.9753,0.6191,0.9079,0.2291,0.0396,137.3444046974182,2226.399115562439
FedAvg,0.5,rep1,17,2026-04-09 03:30:51,0.9689,0.6149,0.9081,0.2471,0.0422,125.36125183105469,2351.7603673934937
FedAvg,0.5,rep1,18,2026-04-09 03:32:56,0.9333,0.6673,0.9159,0.1764,0.0292,105.99871444702148,2457.759081840515
FedAvg,0.5,rep1,19,2026-04-09 03:34:42,1.0096,0.5959,0.902,0.264,0.0506,170.3649640083313,2628.1240458488464
FedAvg,0.5,rep1,20,2026-04-09 03:37:32,0.9049,0.6752,0.9162,0.1805,0.0263,179.13649439811707,2807.2605402469635
FedAvg,0.5,rep1,21,2026-04-09 03:40:32,0.9911,0.6068,0.908,0.2673,0.0543,167.09562492370605,2974.3561651706696
FedAvg,0.5,rep1,22,2026-04-09 03:43:19,0.9684,0.6727,0.916,0.2289,0.0429,148.90175437927246,3123.257919549942
FedAvg,0.5,rep1,23,2026-04-09 03:45:48,0.8911,0.6722,0.9219,0.2261,0.0333,135.66822028160095,3258.926139831543
FedAvg,0.5,rep1,24,2026-04-09 03:48:03,0.9516,0.6449,0.9111,0.2556,0.0503,140.90410828590393,3399.830248117447
FedAvg,0.5,rep1,25,2026-04-09 03:50:24,0.9663,0.6677,0.9148,0.211,0.0424,125.67637348175049,3525.5066215991974
FedAvg,0.5,rep1,26,2026-04-09 03:52:30,0.8627,0.6845,0.9193,0.1729,0.0273,137.86182022094727,3663.3684418201447
FedAvg,0.5,rep1,27,2026-04-09 03:54:48,0.8991,0.6749,0.9161,0.2011,0.0474,138.05878710746765,3801.4272289276123
FedAvg,0.5,rep1,28,2026-04-09 03:57:06,0.8533,0.6852,0.9193,0.1648,0.0263,122.90099501609802,3924.3282239437103
FedAvg,0.5,rep1,29,2026-04-09 03:59:09,0.868,0.6774,0.9241,0.2055,0.0322,134.84551453590393,4059.1737384796143
FedAvg,0.5,rep1,30,2026-04-09 04:01:24,0.87,0.6585,0.9167,0.2145,0.0377,98.92649555206299,4158.100234031677
FedAvg,0.5,rep1,31,2026-04-09 04:03:02,0.843,0.6867,0.9218,0.1989,0.0292,131.63550186157227,4289.7357358932495
FedAvg,0.5,rep1,32,2026-04-09 04:05:14,0.8119,0.7007,0.9257,0.1442,0.017,157.9050669670105,4447.64080286026
FedAvg,0.5,rep1,33,2026-04-09 04:07:52,0.9777,0.6321,0.9143,0.2714,0.0564,123.31906819343567,4570.959871053696
FedAvg,0.5,rep1,34,2026-04-09 04:09:55,0.8178,0.6881,0.9261,0.1252,0.0131,112.26232314109802,4683.222194194794
FedAvg,0.5,rep1,35,2026-04-09 04:11:48,0.8786,0.6423,0.9153,0.2535,0.0443,131.47255206108093,4814.694746255875
FedAvg,0.5,rep1,36,2026-04-09 04:13:59,0.9258,0.6517,0.9129,0.2544,0.0488,151.46973133087158,4966.164477586746
FedAvg,0.5,rep1,37,2026-04-09 04:16:31,0.9732,0.6094,0.9037,0.2896,0.0612,140.67724561691284,5106.841723203659
FedAvg,0.5,rep1,38,2026-04-09 04:18:51,0.8493,0.6782,0.9215,0.2217,0.0349,129.56380796432495,5236.405531167984
FedAvg,0.5,rep1,39,2026-04-09 04:21:01,0.8096,0.6914,0.9252,0.1986,0.028,134.4280116558075,5370.8335428237915
FedAvg,0.5,rep1,40,2026-04-09 04:23:15,0.7865,0.7084,0.9266,0.1633,0.0217,127.97344160079956,5498.806984424591
FedAvg,0.5,rep1,41,2026-04-09 04:25:23,0.8358,0.6826,0.9235,0.1946,0.0273,106.29901766777039,5605.106002092361
FedAvg,0.5,rep1,42,2026-04-09 04:27:09,0.8007,0.693,0.9243,0.1846,0.0274,133.98243618011475,5739.088438272476
FedAvg,0.5,rep1,43,2026-04-09 04:29:23,0.8104,0.6898,0.9251,0.1945,0.0294,138.85401678085327,5877.9424550533295
FedAvg,0.5,rep1,44,2026-04-09 04:31:42,0.7823,0.6998,0.9285,0.1348,0.0183,129.53005385398865,6007.472508907318
FedAvg,0.5,rep1,45,2026-04-09 04:33:52,0.7799,0.699,0.9268,0.1492,0.0233,126.04898262023926,6133.521491527557
FedAvg,0.5,rep1,46,2026-04-09 04:35:58,0.7658,0.7145,0.9309,0.16,0.0172,139.23026990890503,6272.751761436462
FedAvg,0.5,rep1,47,2026-04-09 04:38:17,0.7648,0.7102,0.9298,0.1473,0.0177,142.05455613136292,6414.806317567825
FedAvg,0.5,rep1,48,2026-04-09 04:40:39,0.7691,0.7109,0.9295,0.1363,0.0223,125.29774975776672,6540.104067325592
FedAvg,0.5,rep1,49,2026-04-09 04:42:44,0.855,0.6321,0.9223,0.2512,0.0333,121.99453258514404,6662.098599910736
FedAvg,0.5,rep1,50,2026-04-09 04:44:46,0.7612,0.7134,0.9301,0.1553,0.0181,111.24768829345703,6773.346288204193
FedAvg,0.5,rep2,0,2026-04-09 04:47:02,2.3126,0.0569,0.4191,0.0872,0.1544,117.63947701454163,117.63947701454163
FedAvg,0.5,rep2,1,2026-04-09 04:49:00,2.1681,0.2122,0.6816,0.2991,0.2376,108.64329695701599,226.28277397155762
FedAvg,0.5,rep2,2,2026-04-09 04:50:48,1.8591,0.3605,0.7837,0.4095,0.165,135.02699303627014,361.30976700782776
FedAvg,0.5,rep2,3,2026-04-09 04:53:03,1.6463,0.3742,0.8458,0.3485,0.1348,107.21577763557434,468.5255446434021
FedAvg,0.5,rep2,4,2026-04-09 04:54:51,1.4053,0.4788,0.8809,0.2923,0.0741,126.30436778068542,594.8299124240875
FedAvg,0.5,rep2,5,2026-04-09 04:56:57,1.3195,0.5047,0.8856,0.2833,0.0593,136.89025378227234,731.7201662063599
FedAvg,0.5,rep2,6,2026-04-09 04:59:14,1.1803,0.6058,0.9006,0.1412,0.0327,124.33893847465515,856.059104681015
FedAvg,0.5,rep2,7,2026-04-09 05:01:18,1.1642,0.5695,0.899,0.2561,0.0477,134.22432708740234,990.2834317684174
FedAvg,0.5,rep2,8,2026-04-09 05:03:32,1.1138,0.6069,0.9006,0.1586,0.0397,136.5727276802063,1126.8561594486237
FedAvg,0.5,rep2,9,2026-04-09 05:05:49,1.0632,0.6205,0.9079,0.1053,0.014,133.44596123695374,1260.3021206855774
FedAvg,0.5,rep2,10,2026-04-09 05:08:02,1.0433,0.6366,0.9115,0.207,0.0334,119.64226150512695,1379.9443821907043
FedAvg,0.5,rep2,11,2026-04-09 05:10:02,1.0547,0.6071,0.912,0.225,0.0346,113.44035124778748,1493.3847334384918
FedAvg,0.5,rep2,12,2026-04-09 05:11:55,1.1211,0.5823,0.904,0.2524,0.0424,119.71582770347595,1613.1005611419678
FedAvg,0.5,rep2,13,2026-04-09 05:13:55,0.9721,0.6592,0.9126,0.1388,0.0233,136.53509211540222,1749.63565325737
FedAvg,0.5,rep2,14,2026-04-09 05:16:12,0.9936,0.6452,0.9121,0.2412,0.0434,134.3722379207611,1884.007891178131
FedAvg,0.5,rep2,15,2026-04-09 05:18:26,1.0256,0.5794,0.9101,0.2066,0.0273,125.50233125686646,2009.5102224349976
FedAvg,0.5,rep2,16,2026-04-09 05:20:32,0.9704,0.6581,0.9162,0.1567,0.0251,129.85710191726685,2139.3673243522644
FedAvg,0.5,rep2,17,2026-04-09 05:22:41,0.939,0.6637,0.9188,0.2315,0.035,182.83069324493408,2322.1980175971985
FedAvg,0.5,rep2,18,2026-04-09 05:25:44,0.9205,0.6661,0.9165,0.1763,0.0333,185.107812166214,2507.3058297634125
FedAvg,0.5,rep2,19,2026-04-09 05:28:49,0.9534,0.6526,0.9133,0.2304,0.0468,147.68225479125977,2654.9880845546722
FedAvg,0.5,rep2,20,2026-04-09 05:31:17,0.9165,0.6568,0.9135,0.1982,0.0354,178.7005696296692,2833.6886541843414
FedAvg,0.5,rep2,21,2026-04-09 05:34:16,0.8811,0.6792,0.9235,0.1578,0.022,144.69571447372437,2978.384368658066
FedAvg,0.5,rep2,22,2026-04-09 05:36:40,0.9093,0.6653,0.9236,0.1397,0.0204,148.73627018928528,3127.120638847351
FedAvg,0.5,rep2,23,2026-04-09 05:39:09,0.9199,0.6558,0.9157,0.2394,0.0383,134.36618423461914,3261.48682308197
FedAvg,0.5,rep2,24,2026-04-09 05:41:24,0.8596,0.6887,0.9229,0.1783,0.021,138.75764322280884,3400.244466304779
FedAvg,0.5,rep2,25,2026-04-09 05:43:42,0.8628,0.6892,0.9226,0.1967,0.0256,139.18399834632874,3539.428464651108
FedAvg,0.5,rep2,26,2026-04-09 05:46:01,0.8491,0.6866,0.9232,0.1135,0.0107,143.79821491241455,3683.2266795635223
FedAvg,0.5,rep2,27,2026-04-09 05:48:25,0.8634,0.6893,0.921,0.1958,0.0349,142.24278926849365,3825.469468832016
FedAvg,0.5,rep2,28,2026-04-09 05:50:48,0.8449,0.6872,0.9262,0.2006,0.0292,150.14906930923462,3975.6185381412506
FedAvg,0.5,rep2,29,2026-04-09 05:53:18,0.8536,0.6899,0.9256,0.1833,0.0288,158.76359128952026,4134.382129430771
FedAvg,0.5,rep2,30,2026-04-09 05:55:56,0.8685,0.6817,0.9208,0.2213,0.0379,140.23938655853271,4274.621515989304
FedAvg,0.5,rep2,31,2026-04-09 05:58:17,0.892,0.6635,0.9197,0.2788,0.0475,148.8690688610077,4423.490584850311
FedAvg,0.5,rep2,32,2026-04-09 06:00:46,0.8398,0.6885,0.9215,0.1685,0.0309,115.57533931732178,4539.065924167633
FedAvg,0.5,rep2,33,2026-04-09 06:02:41,0.8069,0.7047,0.9266,0.1666,0.0208,116.94248104095459,4656.008405208588
FedAvg,0.5,rep2,34,2026-04-09 06:04:38,0.8146,0.6992,0.9257,0.2027,0.0276,159.11234974861145,4815.120754957199
FedAvg,0.5,rep2,35,2026-04-09 06:07:17,0.8365,0.6773,0.9217,0.1817,0.0314,135.40378284454346,4950.524537801743
FedAvg,0.5,rep2,36,2026-04-09 06:09:33,0.8049,0.7014,0.9258,0.1842,0.0255,128.63924145698547,5079.163779258728
FedAvg,0.5,rep2,37,2026-04-09 06:11:41,0.8074,0.6981,0.9253,0.1814,0.0269,124.64017677307129,5203.803956031799
FedAvg,0.5,rep2,38,2026-04-09 06:13:46,0.8175,0.6938,0.9269,0.2122,0.032,120.60148501396179,5324.405441045761
FedAvg,0.5,rep2,39,2026-04-09 06:15:46,0.7945,0.7085,0.9296,0.1909,0.0255,121.16165709495544,5445.567098140717
FedAvg,0.5,rep2,40,2026-04-09 06:17:48,0.8105,0.6993,0.9251,0.1917,0.0261,107.96915817260742,5553.536256313324
FedAvg,0.5,rep2,41,2026-04-09 06:19:36,0.7855,0.7081,0.9271,0.1761,0.0237,121.42430067062378,5674.960556983948
FedAvg,0.5,rep2,42,2026-04-09 06:21:37,0.7898,0.7063,0.9283,0.2005,0.0289,138.57926726341248,5813.53982424736
FedAvg,0.5,rep2,43,2026-04-09 06:23:56,0.7951,0.7015,0.9238,0.1852,0.0308,105.68057513237,5919.22039937973
FedAvg,0.5,rep2,44,2026-04-09 06:25:41,0.7947,0.6921,0.9247,0.1849,0.0269,135.96790170669556,6055.188301086426
FedAvg,0.5,rep2,45,2026-04-09 06:27:57,0.8109,0.6859,0.9244,0.2212,0.0325,109.35578513145447,6164.54408621788
FedAvg,0.5,rep2,46,2026-04-09 06:29:47,0.7696,0.7135,0.9301,0.1298,0.0164,107.52704548835754,6272.071131706238
FedAvg,0.5,rep2,47,2026-04-09 06:31:34,0.7995,0.6937,0.9265,0.1639,0.0262,109.743497133255,6381.814628839493
FedAvg,0.5,rep2,48,2026-04-09 06:33:24,0.8152,0.7058,0.9272,0.2152,0.0347,116.72239685058594,6498.537025690079
FedAvg,0.5,rep2,49,2026-04-09 06:35:21,0.7689,0.7103,0.9296,0.1858,0.025,111.10238337516785,6609.639409065247
FedAvg,0.5,rep2,50,2026-04-09 06:37:12,0.7756,0.6993,0.9264,0.163,0.0264,150.51063013076782,6760.150039196014
FedAvg,0.5,rep3,0,2026-04-09 06:40:04,2.3126,0.0569,0.4191,0.0872,0.1544,109.36646580696106,109.36646580696106
FedAvg,0.5,rep3,1,2026-04-09 06:41:53,2.2699,0.1945,0.611,0.3573,0.3024,101.24125742912292,210.60772323608398
FedAvg,0.5,rep3,2,2026-04-09 06:43:34,1.8364,0.3638,0.8321,0.2609,0.1335,124.12610530853271,334.7338285446167
FedAvg,0.5,rep3,3,2026-04-09 06:45:39,1.6023,0.4399,0.8492,0.3391,0.1063,103.45414686203003,438.18797540664673
FedAvg,0.5,rep3,4,2026-04-09 06:47:22,1.3924,0.4747,0.8896,0.2294,0.0424,112.7937605381012,550.9817359447479
FedAvg,0.5,rep3,5,2026-04-09 06:49:15,1.2624,0.5694,0.8982,0.0814,0.0249,106.38978624343872,657.3715221881866
FedAvg,0.5,rep3,6,2026-04-09 06:51:01,1.216,0.6201,0.8955,0.192,0.0516,110.12379145622253,767.4953136444092
FedAvg,0.5,rep3,7,2026-04-09 06:52:51,1.1757,0.5321,0.8939,0.2332,0.0453,121.40884399414062,888.9041576385498
FedAvg,0.5,rep3,8,2026-04-09 06:54:53,1.1734,0.6154,0.8936,0.1903,0.0548,108.67242860794067,997.5765862464905
FedAvg,0.5,rep3,9,2026-04-09 06:56:41,1.0823,0.6307,0.9074,0.1525,0.0259,111.71786332130432,1109.2944495677948
FedAvg,0.5,rep3,10,2026-04-09 06:58:33,1.0887,0.5722,0.8983,0.2539,0.0521,115.51868987083435,1224.8131394386292
FedAvg,0.5,rep3,11,2026-04-09 07:00:29,1.1092,0.5966,0.9047,0.2243,0.0353,122.90404343605042,1347.7171828746796
FedAvg,0.5,rep3,12,2026-04-09 07:02:32,1.0729,0.5927,0.9011,0.243,0.0408,122.91801619529724,1470.6351990699768
FedAvg,0.5,rep3,13,2026-04-09 07:04:34,1.0445,0.5639,0.9093,0.2037,0.0244,120.05930757522583,1590.6945066452026
FedAvg,0.5,rep3,14,2026-04-09 07:06:35,1.0359,0.6235,0.9122,0.2602,0.0458,94.06516814231873,1684.7596747875214
FedAvg,0.5,rep3,15,2026-04-09 07:08:09,1.0493,0.6188,0.9126,0.1855,0.0342,103.27313041687012,1788.0328052043915
FedAvg,0.5,rep3,16,2026-04-09 07:09:52,0.9894,0.6482,0.9107,0.211,0.0343,125.42407774925232,1913.4568829536438
FedAvg,0.5,rep3,17,2026-04-09 07:11:57,0.9511,0.6344,0.9148,0.1955,0.028,127.43111443519592,2040.8879973888397
FedAvg,0.5,rep3,18,2026-04-09 07:14:05,0.9374,0.6624,0.9148,0.2012,0.043,117.16381168365479,2158.0518090724945
FedAvg,0.5,rep3,19,2026-04-09 07:16:02,0.928,0.6631,0.9166,0.2158,0.0388,114.50875616073608,2272.5605652332306
FedAvg,0.5,rep3,20,2026-04-09 07:17:56,0.894,0.6758,0.92,0.2086,0.0324,115.86382341384888,2388.4243886470795
FedAvg,0.5,rep3,21,2026-04-09 07:19:52,0.9208,0.6781,0.9223,0.2,0.0323,115.38840103149414,2503.8127896785736
FedAvg,0.5,rep3,22,2026-04-09 07:21:48,0.8669,0.682,0.9224,0.1249,0.0131,129.39577269554138,2633.208562374115
FedAvg,0.5,rep3,23,2026-04-09 07:23:57,0.8575,0.6889,0.9243,0.1781,0.0223,132.85799074172974,2766.0665531158447
FedAvg,0.5,rep3,24,2026-04-09 07:26:10,0.8524,0.6854,0.9212,0.1749,0.0256,125.15130615234375,2891.2178592681885
FedAvg,0.5,rep3,25,2026-04-09 07:28:15,0.8973,0.6504,0.9153,0.2141,0.0408,107.66843271255493,2998.8862919807434
FedAvg,0.5,rep3,26,2026-04-09 07:30:03,0.8751,0.6774,0.9167,0.1987,0.0399,115.28807473182678,3114.17436671257
FedAvg,0.5,rep3,27,2026-04-09 07:31:58,0.851,0.6784,0.9194,0.185,0.0307,122.03341722488403,3236.207783937454
FedAvg,0.5,rep3,28,2026-04-09 07:34:00,0.8566,0.6862,0.9206,0.1802,0.0364,123.15492749214172,3359.362711429596
FedAvg,0.5,rep3,29,2026-04-09 07:36:03,0.839,0.6886,0.9211,0.1934,0.0317,126.04134464263916,3485.404056072235
FedAvg,0.5,rep3,30,2026-04-09 07:38:09,0.9369,0.6171,0.9141,0.2894,0.0462,94.114262342453,3579.518318414688
FedAvg,0.5,rep3,31,2026-04-09 07:39:43,0.828,0.6954,0.9236,0.2118,0.0324,83.29178714752197,3662.81010556221
FedAvg,0.5,rep3,32,2026-04-09 07:41:07,0.8202,0.6942,0.927,0.1969,0.0284,81.04953479766846,3743.8596403598785
FedAvg,0.5,rep3,33,2026-04-09 07:42:28,0.8318,0.6923,0.9273,0.2147,0.0315,76.77101349830627,3820.630653858185
FedAvg,0.5,rep3,34,2026-04-09 07:43:45,0.834,0.6772,0.9214,0.1766,0.0304,77.41771841049194,3898.0483722686768
FedAvg,0.5,rep3,35,2026-04-09 07:45:02,0.8121,0.6972,0.9264,0.1719,0.0246,80.23776650428772,3978.2861387729645
FedAvg,0.5,rep3,36,2026-04-09 07:46:22,0.8185,0.6925,0.9247,0.1785,0.0285,79.1529438495636,4057.439082622528
FedAvg,0.5,rep3,37,2026-04-09 07:47:41,0.8225,0.6836,0.9228,0.1741,0.0314,82.66209840774536,4140.101181030273
FedAvg,0.5,rep3,38,2026-04-09 07:49:04,0.8198,0.6993,0.9268,0.2199,0.0342,82.86992383003235,4222.971104860306
FedAvg,0.5,rep3,39,2026-04-09 07:50:27,0.8003,0.7001,0.9276,0.1437,0.0156,77.70401668548584,4300.675121545792
FedAvg,0.5,rep3,40,2026-04-09 07:51:45,0.783,0.7067,0.9257,0.1559,0.0257,79.85792779922485,4380.5330493450165
FedAvg,0.5,rep3,41,2026-04-09 07:53:04,0.7682,0.7114,0.9291,0.15,0.0195,76.98132228851318,4457.51437163353
FedAvg,0.5,rep3,42,2026-04-09 07:54:21,0.7749,0.706,0.9267,0.1559,0.0224,75.31293106079102,4532.827302694321
FedAvg,0.5,rep3,43,2026-04-09 07:55:37,0.7729,0.7107,0.9304,0.1727,0.0221,75.80492520332336,4608.632227897644
FedAvg,0.5,rep3,44,2026-04-09 07:56:52,0.7891,0.6978,0.9259,0.1719,0.0265,75.23161387443542,4683.8638417720795
FedAvg,0.5,rep3,45,2026-04-09 07:58:08,0.799,0.7034,0.9252,0.1827,0.0344,73.60748195648193,4757.471323728561
FedAvg,0.5,rep3,46,2026-04-09 07:59:21,0.8332,0.6773,0.9265,0.2076,0.0286,75.83887267112732,4833.310196399689
FedAvg,0.5,rep3,47,2026-04-09 08:00:37,0.7608,0.7125,0.9289,0.151,0.0202,74.73044085502625,4908.040637254715
FedAvg,0.5,rep3,48,2026-04-09 08:01:52,0.8298,0.6878,0.9191,0.2157,0.0474,73.84768748283386,4981.888324737549
FedAvg,0.5,rep3,49,2026-04-09 08:03:06,0.7631,0.7146,0.9286,0.1734,0.0222,75.38376021385193,5057.272084951401
FedAvg,0.5,rep3,50,2026-04-09 08:04:21,0.7856,0.7095,0.9302,0.1952,0.026,75.51245713233948,5132.78454208374
FedAvg,0.5,rep4,0,2026-04-09 08:05:59,2.3126,0.0569,0.4191,0.0872,0.1544,77.80164527893066,77.80164527893066
FedAvg,0.5,rep4,1,2026-04-09 08:07:16,2.1644,0.177,0.7364,0.23,0.1267,77.74933862686157,155.55098390579224
FedAvg,0.5,rep4,2,2026-04-09 08:08:34,1.8416,0.4074,0.8457,0.3338,0.1064,75.71147799491882,231.26246190071106
FedAvg,0.5,rep4,3,2026-04-09 08:09:50,1.5792,0.4192,0.87,0.3487,0.0835,77.76808571815491,309.03054761886597
FedAvg,0.5,rep4,4,2026-04-09 08:11:08,1.3903,0.5173,0.889,0.1568,0.0471,76.9593858718872,385.9899334907532
FedAvg,0.5,rep4,5,2026-04-09 08:12:25,1.2964,0.5155,0.8967,0.2459,0.0391,75.74914383888245,461.7390773296356
FedAvg,0.5,rep4,6,2026-04-09 08:13:40,1.2084,0.5576,0.897,0.1652,0.027,78.17087030410767,539.9099476337433
FedAvg,0.5,rep4,7,2026-04-09 08:14:58,1.2421,0.5161,0.8906,0.2294,0.0571,77.00040674209595,616.9103543758392
FedAvg,0.5,rep4,8,2026-04-09 08:16:15,1.1185,0.5789,0.904,0.1203,0.017,77.48194909095764,694.3923034667969
FedAvg,0.5,rep4,9,2026-04-09 08:17:33,1.0811,0.5993,0.9061,0.1167,0.0173,76.05717206001282,770.4494755268097
FedAvg,0.5,rep4,10,2026-04-09 08:18:49,1.0518,0.6246,0.9095,0.1185,0.0139,75.84702253341675,846.2964980602264
FedAvg,0.5,rep4,11,2026-04-09 08:20:05,1.0565,0.6307,0.909,0.1604,0.0262,76.9909040927887,923.2874021530151
FedAvg,0.5,rep4,12,2026-04-09 08:21:22,1.0685,0.5777,0.8996,0.2399,0.0429,77.24267959594727,1000.5300817489624
FedAvg,0.5,rep4,13,2026-04-09 08:22:39,1.0031,0.6269,0.9125,0.0984,0.0145,78.35645008087158,1078.886531829834
FedAvg,0.5,rep4,14,2026-04-09 08:23:57,0.9946,0.6467,0.9162,0.1543,0.0258,78.4115240573883,1157.2980558872223
FedAvg,0.5,rep4,15,2026-04-09 08:25:16,0.9531,0.6547,0.9154,0.0949,0.0131,79.54165267944336,1236.8397085666656
FedAvg,0.5,rep4,16,2026-04-09 08:26:35,0.9395,0.6672,0.9181,0.1299,0.0151,78.19567942619324,1315.035387992859
FedAvg,0.5,rep4,17,2026-04-09 08:27:54,0.9368,0.6685,0.9148,0.1996,0.0331,81.38176488876343,1396.4171528816223
FedAvg,0.5,rep4,18,2026-04-09 08:29:15,0.9146,0.6727,0.9174,0.2066,0.0307,81.0431764125824,1477.4603292942047
FedAvg,0.5,rep4,19,2026-04-09 08:30:36,0.9554,0.6471,0.9101,0.2201,0.0374,83.04205179214478,1560.5023810863495
FedAvg,0.5,rep4,20,2026-04-09 08:31:59,0.988,0.6483,0.9166,0.2383,0.0409,81.3058135509491,1641.8081946372986
FedAvg,0.5,rep4,21,2026-04-09 08:33:20,0.8742,0.6864,0.9217,0.1689,0.0207,80.82456040382385,1722.6327550411224
FedAvg,0.5,rep4,22,2026-04-09 08:34:41,0.9211,0.6779,0.9156,0.2175,0.0383,83.6808910369873,1806.3136460781097
FedAvg,0.5,rep4,23,2026-04-09 08:36:05,0.8681,0.6867,0.9213,0.1913,0.0294,78.70333051681519,1885.016976594925
FedAvg,0.5,rep4,24,2026-04-09 08:37:24,0.8743,0.6631,0.9172,0.191,0.0315,81.10761380195618,1966.124590396881
FedAvg,0.5,rep4,25,2026-04-09 08:38:45,0.8432,0.6927,0.925,0.1759,0.0226,81.73078608512878,2047.85537648201
FedAvg,0.5,rep4,26,2026-04-09 08:40:06,0.8615,0.6694,0.9222,0.1484,0.02,81.72058653831482,2129.5759630203247
FedAvg,0.5,rep4,27,2026-04-09 08:41:28,0.8437,0.6814,0.9222,0.1564,0.0244,81.42789793014526,2211.00386095047
FedAvg,0.5,rep4,28,2026-04-09 08:42:50,0.8346,0.6988,0.9271,0.1682,0.0202,80.55714702606201,2291.561007976532
FedAvg,0.5,rep4,29,2026-04-09 08:44:10,0.852,0.6863,0.927,0.1787,0.02,81.72788977622986,2373.288897752762
FedAvg,0.5,rep4,30,2026-04-09 08:45:32,0.8468,0.6882,0.9232,0.2289,0.0357,82.86624050140381,2456.1551382541656
FedAvg,0.5,rep4,31,2026-04-09 08:46:55,0.8184,0.6886,0.9256,0.1515,0.0187,81.67492055892944,2537.830058813095
FedAvg,0.5,rep4,32,2026-04-09 08:48:16,0.8377,0.6738,0.9217,0.2029,0.0308,82.28504657745361,2620.1151053905487
FedAvg,0.5,rep4,33,2026-04-09 08:49:39,0.8434,0.6947,0.9227,0.184,0.0316,82.66056728363037,2702.775672674179
FedAvg,0.5,rep4,34,2026-04-09 08:51:01,0.8043,0.7004,0.9257,0.1798,0.0259,82.18478631973267,2784.9604589939117
FedAvg,0.5,rep4,35,2026-04-09 08:52:23,0.8386,0.6536,0.9231,0.215,0.0247,82.30992150306702,2867.2703804969788
FedAvg,0.5,rep4,36,2026-04-09 08:53:46,0.7937,0.7066,0.9262,0.1485,0.0216,73.07221102714539,2940.342591524124
FedAvg,0.5,rep4,37,2026-04-09 08:54:59,0.8266,0.6883,0.9222,0.1597,0.0243,72.66762375831604,3013.01021528244
FedAvg,0.5,rep4,38,2026-04-09 08:56:12,0.8146,0.6994,0.9263,0.2061,0.0293,73.5161600112915,3086.5263752937317
FedAvg,0.5,rep4,39,2026-04-09 08:57:25,0.8237,0.7039,0.9265,0.2093,0.0319,71.83219599723816,3158.35857129097
FedAvg,0.5,rep4,40,2026-04-09 08:58:37,0.8877,0.6917,0.9225,0.2384,0.0456,70.46504592895508,3228.823617219925
FedAvg,0.5,rep4,41,2026-04-09 08:59:47,0.7837,0.7046,0.9258,0.1663,0.0245,71.59182024002075,3300.4154374599457
FedAvg,0.5,rep4,42,2026-04-09 09:00:59,0.8267,0.6819,0.9204,0.203,0.0346,74.51532030105591,3374.9307577610016
FedAvg,0.5,rep4,43,2026-04-09 09:02:13,0.8015,0.702,0.9239,0.1999,0.0324,75.20646715164185,3450.1372249126434
FedAvg,0.5,rep4,44,2026-04-09 09:03:29,0.8226,0.6877,0.9285,0.2343,0.0334,71.59780359268188,3521.7350285053253
FedAvg,0.5,rep4,45,2026-04-09 09:04:40,0.8149,0.7062,0.9292,0.2051,0.0313,75.04863357543945,3596.7836620807648
FedAvg,0.5,rep4,46,2026-04-09 09:05:55,0.8106,0.6995,0.9247,0.2042,0.0326,73.18519306182861,3669.9688551425934
FedAvg,0.5,rep4,47,2026-04-09 09:07:09,0.781,0.7049,0.9265,0.1736,0.0276,72.9313371181488,3742.900192260742
FedAvg,0.5,rep4,48,2026-04-09 09:08:21,0.7731,0.7117,0.9266,0.1718,0.027,71.01401138305664,3813.914203643799
FedAvg,0.5,rep4,49,2026-04-09 09:09:32,0.804,0.6869,0.9213,0.1926,0.0334,70.76612949371338,3884.680333137512
FedAvg,0.5,rep4,50,2026-04-09 09:10:43,0.7784,0.7147,0.9276,0.1686,0.0222,73.51483869552612,3958.1951718330383
FedAvg,0.5,rep5,0,2026-04-09 09:12:19,2.3126,0.0569,0.4191,0.0872,0.1544,75.05317974090576,75.05317974090576
FedAvg,0.5,rep5,1,2026-04-09 09:13:34,2.1775,0.2038,0.7022,0.3247,0.1858,72.39524674415588,147.44842648506165
FedAvg,0.5,rep5,2,2026-04-09 09:14:46,1.8719,0.4127,0.7937,0.3818,0.2064,71.21254920959473,218.66097569465637
FedAvg,0.5,rep5,3,2026-04-09 09:15:58,1.5736,0.475,0.8607,0.3137,0.0831,72.39078569412231,291.0517613887787
FedAvg,0.5,rep5,4,2026-04-09 09:17:10,1.4015,0.5378,0.8814,0.2681,0.0732,72.65840101242065,363.71016240119934
FedAvg,0.5,rep5,5,2026-04-09 09:18:23,1.3324,0.4656,0.8904,0.2407,0.042,71.2376983165741,434.94786071777344
FedAvg,0.5,rep5,6,2026-04-09 09:19:34,1.2386,0.5941,0.8913,0.2175,0.0554,71.81310701370239,506.76096773147583
FedAvg,0.5,rep5,7,2026-04-09 09:20:46,1.215,0.5054,0.9,0.2341,0.0392,71.69124555587769,578.4522132873535
FedAvg,0.5,rep5,8,2026-04-09 09:21:57,1.1321,0.5725,0.9058,0.1434,0.0175,79.39884233474731,657.8510556221008
FedAvg,0.5,rep5,9,2026-04-09 09:23:17,1.0858,0.6179,0.9073,0.1877,0.0302,72.09112906455994,729.9421846866608
FedAvg,0.5,rep5,10,2026-04-09 09:24:29,1.0417,0.6377,0.9081,0.1557,0.024,70.06995606422424,800.012140750885
FedAvg,0.5,rep5,11,2026-04-09 09:25:39,1.0263,0.6325,0.9077,0.1494,0.0231,70.26676487922668,870.2789056301117
FedAvg,0.5,rep5,12,2026-04-09 09:26:49,1.0229,0.6166,0.9089,0.141,0.0168,70.8069396018982,941.0858452320099
FedAvg,0.5,rep5,13,2026-04-09 09:28:00,1.0337,0.6209,0.9026,0.1858,0.0421,71.05764937400818,1012.1434946060181
FedAvg,0.5,rep5,14,2026-04-09 09:29:11,0.9799,0.6356,0.9149,0.0765,0.0083,70.40450024604797,1082.547994852066
FedAvg,0.5,rep5,15,2026-04-09 09:30:22,1.0262,0.6268,0.9136,0.1641,0.0274,71.13368463516235,1153.6816794872284
FedAvg,0.5,rep5,16,2026-04-09 09:31:33,1.018,0.5884,0.9064,0.2543,0.0444,75.01092028617859,1228.692599773407
FedAvg,0.5,rep5,17,2026-04-09 09:32:48,0.9575,0.6156,0.9124,0.2244,0.0294,70.34488987922668,1299.0374896526337
FedAvg,0.5,rep5,18,2026-04-09 09:33:58,0.9266,0.6539,0.9133,0.1846,0.03,72.71793174743652,1371.7554214000702
FedAvg,0.5,rep5,19,2026-04-09 09:35:11,0.9462,0.6565,0.9124,0.244,0.0429,72.68833374977112,1444.4437551498413
FedAvg,0.5,rep5,20,2026-04-09 09:36:23,0.8905,0.6791,0.9228,0.1732,0.0229,71.31849002838135,1515.7622451782227
FedAvg,0.5,rep5,21,2026-04-09 09:37:35,0.9415,0.6561,0.9175,0.2684,0.0447,72.10262632369995,1587.8648715019226
FedAvg,0.5,rep5,22,2026-04-09 09:38:47,0.9578,0.6438,0.9164,0.2933,0.051,70.66478443145752,1658.5296559333801
FedAvg,0.5,rep5,23,2026-04-09 09:39:58,0.8767,0.6847,0.9222,0.1674,0.019,71.89556002616882,1730.425215959549
FedAvg,0.5,rep5,24,2026-04-09 09:41:09,0.8549,0.6886,0.9213,0.1666,0.021,72.13061285018921,1802.5558288097382
FedAvg,0.5,rep5,25,2026-04-09 09:42:22,0.9055,0.667,0.9169,0.232,0.0473,72.083322763443,1874.6391515731812
FedAvg,0.5,rep5,26,2026-04-09 09:43:34,0.8979,0.6613,0.9132,0.2154,0.0447,72.47501969337463,1947.1141712665558
FedAvg,0.5,rep5,27,2026-04-09 09:44:46,0.8551,0.6893,0.9197,0.1826,0.0333,72.85106539726257,2019.9652366638184
FedAvg,0.5,rep5,28,2026-04-09 09:45:59,0.8338,0.689,0.9229,0.1516,0.0198,72.85442018508911,2092.8196568489075
FedAvg,0.5,rep5,29,2026-04-09 09:47:12,0.8668,0.6698,0.9176,0.1931,0.0362,70.81872177124023,2163.6383786201477
FedAvg,0.5,rep5,30,2026-04-09 09:48:23,0.8427,0.6896,0.9242,0.2022,0.0311,72.34486174583435,2235.983240365982
FedAvg,0.5,rep5,31,2026-04-09 09:49:35,0.8311,0.6879,0.9223,0.1818,0.0271,70.80075788497925,2306.7839982509613
FedAvg,0.5,rep5,32,2026-04-09 09:50:46,0.8189,0.6884,0.9236,0.1599,0.0234,71.12642908096313,2377.9104273319244
FedAvg,0.5,rep5,33,2026-04-09 09:51:57,0.8185,0.7002,0.9276,0.1895,0.026,71.17812538146973,2449.088552713394
FedAvg,0.5,rep5,34,2026-04-09 09:53:08,0.8168,0.6982,0.9284,0.1701,0.0237,71.44989562034607,2520.5384483337402
FedAvg,0.5,rep5,35,2026-04-09 09:54:20,0.8483,0.678,0.9293,0.2174,0.029,69.81046986579895,2590.348918199539
FedAvg,0.5,rep5,36,2026-04-09 09:55:29,0.826,0.6881,0.9234,0.1875,0.0315,72.81966137886047,2663.1685795783997
FedAvg,0.5,rep5,37,2026-04-09 09:56:42,0.8219,0.6944,0.9224,0.1909,0.0302,71.18692684173584,2734.3555064201355
FedAvg,0.5,rep5,38,2026-04-09 09:57:53,0.8322,0.691,0.9225,0.228,0.037,71.21295094490051,2805.568457365036
FedAvg,0.5,rep5,39,2026-04-09 09:59:05,0.8014,0.6951,0.9249,0.1514,0.0226,72.48060989379883,2878.049067258835
FedAvg,0.5,rep5,40,2026-04-09 10:00:17,0.8472,0.6877,0.9243,0.2098,0.0367,71.67051362991333,2949.719580888748
FedAvg,0.5,rep5,41,2026-04-09 10:01:29,0.808,0.6976,0.9255,0.2213,0.0346,71.1103572845459,3020.829938173294
FedAvg,0.5,rep5,42,2026-04-09 10:02:40,0.7798,0.7009,0.9268,0.155,0.0201,71.53158569335938,3092.3615238666534
FedAvg,0.5,rep5,43,2026-04-09 10:03:51,0.7686,0.7152,0.9292,0.1404,0.0148,71.53514289855957,3163.896666765213
FedAvg,0.5,rep5,44,2026-04-09 10:05:03,0.7754,0.7057,0.9286,0.1243,0.0183,70.84837198257446,3234.7450387477875
FedAvg,0.5,rep5,45,2026-04-09 10:06:14,0.7959,0.6975,0.9232,0.1819,0.0335,70.74952483177185,3305.4945635795593
FedAvg,0.5,rep5,46,2026-04-09 10:07:25,0.7732,0.7031,0.9282,0.1527,0.022,71.58086228370667,3377.075425863266
FedAvg,0.5,rep5,47,2026-04-09 10:08:36,0.8197,0.6934,0.9281,0.2454,0.0367,71.3570384979248,3448.432464361191
FedAvg,0.5,rep5,48,2026-04-09 10:09:47,0.7911,0.7119,0.9303,0.2106,0.0311,71.09754776954651,3519.5300121307373
FedAvg,0.5,rep5,49,2026-04-09 10:10:59,0.7705,0.7083,0.9259,0.1679,0.0292,70.12619948387146,3589.6562116146088
FedAvg,0.5,rep5,50,2026-04-09 10:12:09,0.8117,0.6884,0.922,0.2082,0.0393,70.90151834487915,3660.557729959488
FedAvg,0.75,rep1,0,2026-04-09 10:13:41,2.3126,0.0569,0.4191,0.0872,0.1544,105.08727812767029,105.08727812767029
FedAvg,0.75,rep1,1,2026-04-09 10:15:27,2.1647,0.1857,0.7288,0.2289,0.1502,102.00146460533142,207.0887427330017
FedAvg,0.75,rep1,2,2026-04-09 10:17:09,1.8295,0.4368,0.8477,0.3046,0.0876,98.27247953414917,305.3612222671509
FedAvg,0.75,rep1,3,2026-04-09 10:18:47,1.5527,0.4923,0.8868,0.2653,0.0542,99.48744559288025,404.8486678600311
FedAvg,0.75,rep1,4,2026-04-09 10:20:26,1.3584,0.5618,0.8976,0.0915,0.0154,100.89897751808167,505.7476453781128
FedAvg,0.75,rep1,5,2026-04-09 10:22:07,1.2533,0.5903,0.8998,0.1294,0.0218,101.58277916908264,607.3304245471954
FedAvg,0.75,rep1,6,2026-04-09 10:23:49,1.2211,0.5267,0.8962,0.2145,0.0306,98.38918447494507,705.7196090221405
FedAvg,0.75,rep1,7,2026-04-09 10:25:27,1.1374,0.6007,0.9037,0.1468,0.0269,103.9301495552063,809.6497585773468
FedAvg,0.75,rep1,8,2026-04-09 10:27:11,1.0993,0.6049,0.9033,0.1192,0.0231,105.8643536567688,915.5141122341156
FedAvg,0.75,rep1,9,2026-04-09 10:28:57,1.0677,0.6327,0.9044,0.1442,0.0276,113.07062768936157,1028.5847399234772
FedAvg,0.75,rep1,10,2026-04-09 10:30:50,1.0459,0.6305,0.9104,0.1245,0.0156,114.2324275970459,1142.817167520523
FedAvg,0.75,rep1,11,2026-04-09 10:32:44,1.0141,0.6545,0.9119,0.1689,0.0253,111.80142498016357,1254.6185925006866
FedAvg,0.75,rep1,12,2026-04-09 10:34:36,0.9844,0.6593,0.9126,0.1366,0.0209,116.74680471420288,1371.3653972148895
FedAvg,0.75,rep1,13,2026-04-09 10:36:33,0.9883,0.6418,0.9093,0.1686,0.0294,121.92971730232239,1493.295114517212
FedAvg,0.75,rep1,14,2026-04-09 10:38:35,0.9559,0.6647,0.9166,0.1063,0.0128,128.6221160888672,1621.917230606079
FedAvg,0.75,rep1,15,2026-04-09 10:40:43,0.953,0.6563,0.9123,0.1615,0.0306,129.78286480903625,1751.7000954151154
FedAvg,0.75,rep1,16,2026-04-09 10:42:53,0.9242,0.6765,0.9182,0.1648,0.0201,123.77247428894043,1875.4725697040558
FedAvg,0.75,rep1,17,2026-04-09 10:44:57,0.9236,0.6729,0.9167,0.1545,0.0193,139.71879315376282,2015.1913628578186
FedAvg,0.75,rep1,18,2026-04-09 10:47:17,0.9083,0.6743,0.9189,0.1331,0.0133,138.4070427417755,2153.598405599594
FedAvg,0.75,rep1,19,2026-04-09 10:49:35,0.8875,0.6825,0.9194,0.1651,0.021,141.07345271110535,2294.6718583106995
FedAvg,0.75,rep1,20,2026-04-09 10:51:56,0.8818,0.6829,0.9205,0.169,0.0226,139.6905815601349,2434.3624398708344
FedAvg,0.75,rep1,21,2026-04-09 10:54:16,0.8935,0.6804,0.9179,0.1955,0.0301,168.22805881500244,2602.590498685837
FedAvg,0.75,rep1,22,2026-04-09 10:57:04,0.9,0.6722,0.9215,0.2387,0.035,174.39294505119324,2776.98344373703
FedAvg,0.75,rep1,23,2026-04-09 10:59:59,0.872,0.6814,0.9194,0.197,0.031,174.9461259841919,2951.929569721222
FedAvg,0.75,rep1,24,2026-04-09 11:02:53,0.8669,0.6818,0.919,0.1846,0.0284,275.0976643562317,3227.0272340774536
FedAvg,0.75,rep1,25,2026-04-09 11:07:28,0.8599,0.6676,0.9202,0.1786,0.0265,119.06406378746033,3346.091297864914
FedAvg,0.75,rep1,26,2026-04-09 11:09:28,0.8413,0.6939,0.9228,0.1569,0.019,113.6653664112091,3459.756664276123
FedAvg,0.75,rep1,27,2026-04-09 11:11:21,0.8533,0.6917,0.9257,0.2114,0.0299,103.12317299842834,3562.8798372745514
FedAvg,0.75,rep1,28,2026-04-09 11:13:04,0.8213,0.6961,0.9256,0.1222,0.0154,104.87871956825256,3667.758556842804
FedAvg,0.75,rep1,29,2026-04-09 11:14:49,0.8217,0.6937,0.9241,0.1421,0.0225,102.97159457206726,3770.730151414871
FedAvg,0.75,rep1,30,2026-04-09 11:16:32,0.8392,0.6905,0.9226,0.1722,0.0317,106.57912683486938,3877.3092782497406
FedAvg,0.75,rep1,31,2026-04-09 11:18:19,0.8271,0.6898,0.9221,0.1642,0.0271,101.90647888183594,3979.2157571315765
FedAvg,0.75,rep1,32,2026-04-09 11:20:01,0.8014,0.7049,0.9269,0.158,0.0211,97.29203009605408,4076.5077872276306
FedAvg,0.75,rep1,33,2026-04-09 11:21:38,0.8068,0.6993,0.9253,0.1736,0.0252,100.18481040000916,4176.69259762764
FedAvg,0.75,rep1,34,2026-04-09 11:23:18,0.8214,0.6906,0.9224,0.1626,0.0265,97.80479979515076,4274.4973974227905
FedAvg,0.75,rep1,35,2026-04-09 11:24:56,0.7976,0.7026,0.9254,0.1634,0.0212,99.03138756752014,4373.528784990311
FedAvg,0.75,rep1,36,2026-04-09 11:26:35,0.8005,0.7031,0.9252,0.1751,0.0272,98.67576861381531,4472.204553604126
FedAvg,0.75,rep1,37,2026-04-09 11:28:14,0.8097,0.6951,0.9224,0.1733,0.0303,98.73202562332153,4570.9365792274475
FedAvg,0.75,rep1,38,2026-04-09 11:29:52,0.7946,0.6967,0.9247,0.1657,0.0256,102.13674449920654,4673.073323726654
FedAvg,0.75,rep1,39,2026-04-09 11:31:35,0.8022,0.6838,0.9235,0.1791,0.0251,103.49594068527222,4776.569264411926
FedAvg,0.75,rep1,40,2026-04-09 11:33:18,0.7887,0.7055,0.9263,0.1748,0.0272,101.36423373222351,4877.93349814415
FedAvg,0.75,rep1,41,2026-04-09 11:34:59,0.7728,0.7105,0.9289,0.1537,0.0188,100.88970756530762,4978.823205709457
FedAvg,0.75,rep1,42,2026-04-09 11:36:40,0.7898,0.7091,0.9291,0.1892,0.0263,102.66818928718567,5081.491394996643
FedAvg,0.75,rep1,43,2026-04-09 11:38:23,0.7804,0.7054,0.9257,0.1628,0.026,100.29124999046326,5181.782644987106
FedAvg,0.75,rep1,44,2026-04-09 11:40:03,0.7692,0.7141,0.9288,0.1724,0.0212,100.74169111251831,5282.524336099625
FedAvg,0.75,rep1,45,2026-04-09 11:41:44,0.7734,0.7121,0.9288,0.1905,0.0253,100.90366840362549,5383.42800450325
FedAvg,0.75,rep1,46,2026-04-09 11:43:25,0.7724,0.7132,0.929,0.1881,0.0241,100.47889041900635,5483.9068949222565
FedAvg,0.75,rep1,47,2026-04-09 11:45:05,0.7602,0.7121,0.9277,0.1528,0.0225,102.08450484275818,5585.991399765015
FedAvg,0.75,rep1,48,2026-04-09 11:46:47,0.757,0.713,0.9289,0.1239,0.0165,101.9172010421753,5687.90860080719
FedAvg,0.75,rep1,49,2026-04-09 11:48:29,0.7675,0.7059,0.9282,0.1725,0.0235,98.84833431243896,5786.756935119629
FedAvg,0.75,rep1,50,2026-04-09 11:50:08,0.7764,0.7064,0.9251,0.1779,0.0306,97.62633776664734,5884.383272886276
FedAvg,0.75,rep2,0,2026-04-09 11:52:09,2.3126,0.0569,0.4191,0.0872,0.1544,100.45999383926392,100.45999383926392
FedAvg,0.75,rep2,1,2026-04-09 11:53:49,2.186,0.2254,0.6605,0.3528,0.2473,118.23489952087402,218.69489336013794
FedAvg,0.75,rep2,2,2026-04-09 11:55:47,1.8305,0.4331,0.8637,0.3154,0.0847,120.02492809295654,338.7198214530945
FedAvg,0.75,rep2,3,2026-04-09 11:57:47,1.5828,0.4861,0.8686,0.2641,0.0915,119.6214451789856,458.3412666320801
FedAvg,0.75,rep2,4,2026-04-09 11:59:47,1.4005,0.4806,0.8922,0.2241,0.0311,121.78104019165039,580.1223068237305
FedAvg,0.75,rep2,5,2026-04-09 12:01:49,1.2716,0.5454,0.8976,0.0991,0.0188,121.58519864082336,701.7075054645538
FedAvg,0.75,rep2,6,2026-04-09 12:03:50,1.2,0.567,0.8989,0.1454,0.0233,118.25648140907288,819.9639868736267
FedAvg,0.75,rep2,7,2026-04-09 12:05:49,1.1402,0.5989,0.9058,0.1024,0.0186,120.24653697013855,940.2105238437653
FedAvg,0.75,rep2,8,2026-04-09 12:07:49,1.1034,0.6269,0.9062,0.1226,0.0211,121.52639126777649,1061.7369151115417
FedAvg,0.75,rep2,9,2026-04-09 12:09:50,1.0894,0.6158,0.9047,0.1236,0.0237,121.75910210609436,1183.496017217636
FedAvg,0.75,rep2,10,2026-04-09 12:11:52,1.0389,0.6499,0.9097,0.1769,0.0283,119.46099472045898,1302.957011938095
FedAvg,0.75,rep2,11,2026-04-09 12:13:51,1.0168,0.6483,0.9087,0.1596,0.0286,121.11490297317505,1424.0719149112701
FedAvg,0.75,rep2,12,2026-04-09 12:15:53,1.0008,0.6533,0.9102,0.1391,0.0313,118.93982815742493,1543.011743068695
FedAvg,0.75,rep2,13,2026-04-09 12:17:52,0.9786,0.6484,0.911,0.1331,0.0227,121.67191433906555,1664.6836574077606
FedAvg,0.75,rep2,14,2026-04-09 12:19:53,0.9623,0.6631,0.9134,0.1885,0.031,123.08405065536499,1787.7677080631256
FedAvg,0.75,rep2,15,2026-04-09 12:21:56,0.9551,0.6506,0.914,0.1129,0.0146,121.0106143951416,1908.7783224582672
FedAvg,0.75,rep2,16,2026-04-09 12:23:57,0.9273,0.6739,0.9172,0.1456,0.0175,125.68865537643433,2034.4669778347015
FedAvg,0.75,rep2,17,2026-04-09 12:26:03,0.9352,0.6732,0.9148,0.1519,0.032,121.99230098724365,2156.459278821945
FedAvg,0.75,rep2,18,2026-04-09 12:28:05,0.9101,0.6759,0.9187,0.1562,0.025,120.02795267105103,2276.487231492996
FedAvg,0.75,rep2,19,2026-04-09 12:30:05,0.8962,0.6819,0.9208,0.1698,0.0227,123.13650417327881,2399.623735666275
FedAvg,0.75,rep2,20,2026-04-09 12:32:08,0.9027,0.6759,0.9163,0.1912,0.0304,116.01419520378113,2515.637930870056
FedAvg,0.75,rep2,21,2026-04-09 12:34:04,0.8797,0.6819,0.9206,0.1757,0.0257,104.78158116340637,2620.4195120334625
FedAvg,0.75,rep2,22,2026-04-09 12:35:49,0.8716,0.6841,0.9187,0.1792,0.0282,100.87063884735107,2721.2901508808136
FedAvg,0.75,rep2,23,2026-04-09 12:37:30,0.8807,0.6829,0.923,0.2125,0.0325,100.9001624584198,2822.1903133392334
FedAvg,0.75,rep2,24,2026-04-09 12:39:11,0.8487,0.6934,0.9226,0.1351,0.017,101.36299443244934,2923.5533077716827
FedAvg,0.75,rep2,25,2026-04-09 12:40:52,0.86,0.6716,0.9203,0.163,0.0244,102.64123106002808,3026.194538831711
FedAvg,0.75,rep2,26,2026-04-09 12:42:35,0.8357,0.6962,0.9231,0.143,0.0173,102.84453415870667,3129.0390729904175
FedAvg,0.75,rep2,27,2026-04-09 12:44:18,0.8369,0.6978,0.9249,0.1808,0.0226,106.06255149841309,3235.1016244888306
FedAvg,0.75,rep2,28,2026-04-09 12:46:04,0.8285,0.6951,0.9225,0.1555,0.022,102.13496327400208,3337.2365877628326
FedAvg,0.75,rep2,29,2026-04-09 12:47:46,0.8556,0.6711,0.9177,0.1922,0.0331,101.62372088432312,3438.8603086471558
FedAvg,0.75,rep2,30,2026-04-09 12:49:27,0.829,0.7013,0.926,0.1887,0.0262,138.5892174243927,3577.4495260715485
FedAvg,0.75,rep2,31,2026-04-09 12:51:46,0.8309,0.7017,0.9252,0.1958,0.0278,103.3107635974884,3680.760289669037
FedAvg,0.75,rep2,32,2026-04-09 12:53:29,0.8106,0.7015,0.9248,0.1712,0.0236,101.35029602050781,3782.1105856895447
FedAvg,0.75,rep2,33,2026-04-09 12:55:11,0.8049,0.7022,0.9251,0.1682,0.0239,99.69584369659424,3881.806429386139
FedAvg,0.75,rep2,34,2026-04-09 12:56:50,0.8076,0.6988,0.924,0.1627,0.0231,100.40992307662964,3982.2163524627686
FedAvg,0.75,rep2,35,2026-04-09 12:58:31,0.8084,0.695,0.9233,0.1618,0.0246,100.61549663543701,4082.8318490982056
FedAvg,0.75,rep2,36,2026-04-09 13:00:11,0.8118,0.684,0.9225,0.1778,0.0271,100.84818649291992,4183.6800355911255
FedAvg,0.75,rep2,37,2026-04-09 13:01:52,0.8004,0.6991,0.9274,0.1582,0.0219,100.69423699378967,4284.374272584915
FedAvg,0.75,rep2,38,2026-04-09 13:03:33,0.7817,0.71,0.9279,0.1552,0.0204,104.56935143470764,4388.943624019623
FedAvg,0.75,rep2,39,2026-04-09 13:05:17,0.7803,0.7078,0.9292,0.1717,0.0224,102.08198618888855,4491.025610208511
FedAvg,0.75,rep2,40,2026-04-09 13:07:00,0.7994,0.6999,0.9243,0.1864,0.0293,101.60194802284241,4592.627558231354
FedAvg,0.75,rep2,41,2026-04-09 13:08:41,0.7816,0.7101,0.9284,0.1849,0.0246,100.15830874443054,4692.785866975784
FedAvg,0.75,rep2,42,2026-04-09 13:10:21,0.7842,0.7022,0.9273,0.1769,0.0239,102.37911128997803,4795.164978265762
FedAvg,0.75,rep2,43,2026-04-09 13:12:04,0.8006,0.6955,0.9235,0.1818,0.0291,102.23860740661621,4897.4035856723785
FedAvg,0.75,rep2,44,2026-04-09 13:13:46,0.7792,0.7099,0.929,0.1971,0.0267,100.45563793182373,4997.859223604202
FedAvg,0.75,rep2,45,2026-04-09 13:15:26,0.7638,0.7154,0.9287,0.1529,0.0223,105.79250240325928,5103.651726007462
FedAvg,0.75,rep2,46,2026-04-09 13:17:12,0.7775,0.7078,0.9261,0.174,0.0265,99.75886344909668,5203.410589456558
FedAvg,0.75,rep2,47,2026-04-09 13:18:52,0.7578,0.7143,0.9295,0.1412,0.0194,104.05851531028748,5307.469104766846
FedAvg,0.75,rep2,48,2026-04-09 13:20:36,0.7542,0.7183,0.9303,0.1517,0.0169,103.07895636558533,5410.548061132431
FedAvg,0.75,rep2,49,2026-04-09 13:22:19,0.7555,0.7171,0.9294,0.1587,0.0194,99.44984149932861,5509.99790263176
FedAvg,0.75,rep2,50,2026-04-09 13:23:59,0.7636,0.7142,0.9302,0.1914,0.0259,101.52796363830566,5611.525866270065
FedAvg,0.75,rep3,0,2026-04-09 13:26:01,2.3126,0.0569,0.4191,0.0872,0.1544,99.03729963302612,99.03729963302612
FedAvg,0.75,rep3,1,2026-04-09 13:27:40,2.1621,0.1347,0.7321,0.2079,0.1034,101.6419448852539,200.67924451828003
FedAvg,0.75,rep3,2,2026-04-09 13:29:22,1.8343,0.4629,0.8552,0.3105,0.097,98.0846176147461,298.7638621330261
FedAvg,0.75,rep3,3,2026-04-09 13:31:00,1.5523,0.5059,0.8849,0.2272,0.0496,102.57300567626953,401.33686780929565
FedAvg,0.75,rep3,4,2026-04-09 13:32:42,1.378,0.5397,0.8941,0.2201,0.0372,97.92148447036743,499.2583522796631
FedAvg,0.75,rep3,5,2026-04-09 13:34:20,1.3029,0.5229,0.8957,0.2464,0.0384,99.50157284736633,598.7599251270294
FedAvg,0.75,rep3,6,2026-04-09 13:36:00,1.205,0.5883,0.9002,0.1067,0.0203,98.9202208518982,697.6801459789276
FedAvg,0.75,rep3,7,2026-04-09 13:37:39,1.1622,0.5847,0.9038,0.136,0.0181,97.43484735488892,795.1149933338165
FedAvg,0.75,rep3,8,2026-04-09 13:39:16,1.1116,0.6034,0.9064,0.1075,0.0178,98.93671298027039,894.0517063140869
FedAvg,0.75,rep3,9,2026-04-09 13:40:55,1.0723,0.6385,0.9083,0.1563,0.0268,97.83509278297424,991.8867990970612
FedAvg,0.75,rep3,10,2026-04-09 13:42:33,1.0503,0.6295,0.9068,0.1589,0.0241,98.73908543586731,1090.6258845329285
FedAvg,0.75,rep3,11,2026-04-09 13:44:12,1.0296,0.6487,0.9111,0.1773,0.0299,96.43367910385132,1187.0595636367798
FedAvg,0.75,rep3,12,2026-04-09 13:45:48,1.0343,0.6279,0.9042,0.2028,0.037,109.24137139320374,1296.3009350299835
FedAvg,0.75,rep3,13,2026-04-09 13:47:37,0.9875,0.6578,0.9098,0.1917,0.0309,98.92322754859924,1395.2241625785828
FedAvg,0.75,rep3,14,2026-04-09 13:49:16,0.9774,0.6578,0.9132,0.2197,0.0339,96.46796488761902,1491.6921274662018
FedAvg,0.75,rep3,15,2026-04-09 13:50:53,0.949,0.6661,0.9139,0.1979,0.0305,96.99422693252563,1588.6863543987274
FedAvg,0.75,rep3,16,2026-04-09 13:52:30,0.9273,0.6701,0.9175,0.1311,0.0174,95.16511845588684,1683.8514728546143
FedAvg,0.75,rep3,17,2026-04-09 13:54:05,0.9284,0.6799,0.9167,0.184,0.0267,96.05759859085083,1779.909071445465
FedAvg,0.75,rep3,18,2026-04-09 13:55:41,0.9105,0.6751,0.9178,0.1696,0.0256,96.29177236557007,1876.2008438110352
FedAvg,0.75,rep3,19,2026-04-09 13:57:17,0.8933,0.6822,0.9189,0.1804,0.024,94.9791579246521,1971.1800017356873
FedAvg,0.75,rep3,20,2026-04-09 13:58:52,0.8847,0.6822,0.9184,0.1423,0.0204,96.81196546554565,2067.991967201233
FedAvg,0.75,rep3,21,2026-04-09 14:00:29,0.8871,0.6663,0.9182,0.1815,0.0264,97.37169170379639,2165.3636589050293
FedAvg,0.75,rep3,22,2026-04-09 14:02:06,0.8743,0.6926,0.9222,0.1812,0.0234,95.31150579452515,2260.6751646995544
FedAvg,0.75,rep3,23,2026-04-09 14:03:42,0.8567,0.6882,0.9227,0.1616,0.0219,95.48096108436584,2356.1561257839203
FedAvg,0.75,rep3,24,2026-04-09 14:05:17,0.8716,0.6671,0.9174,0.1879,0.0311,96.47751259803772,2452.633638381958
FedAvg,0.75,rep3,25,2026-04-09 14:06:54,0.8645,0.6893,0.9214,0.1931,0.0262,95.20553660392761,2547.8391749858856
FedAvg,0.75,rep3,26,2026-04-09 14:08:29,0.8446,0.694,0.9239,0.1923,0.0275,94.48787355422974,2642.3270485401154
FedAvg,0.75,rep3,27,2026-04-09 14:10:03,0.8538,0.6843,0.9203,0.2113,0.0359,96.88811469078064,2739.215163230896
FedAvg,0.75,rep3,28,2026-04-09 14:11:40,0.8431,0.6916,0.9209,0.1856,0.028,98.29204034805298,2837.507203578949
FedAvg,0.75,rep3,29,2026-04-09 14:13:18,0.8566,0.6801,0.9176,0.1889,0.0353,96.46955037117004,2933.976753950119
FedAvg,0.75,rep3,30,2026-04-09 14:14:55,0.8257,0.6953,0.9236,0.1835,0.0278,95.4552149772644,3029.4319689273834
FedAvg,0.75,rep3,31,2026-04-09 14:16:30,0.8101,0.6979,0.9257,0.139,0.0188,95.62232708930969,3125.054296016693
FedAvg,0.75,rep3,32,2026-04-09 14:18:06,0.8157,0.6903,0.923,0.1589,0.024,97.03783202171326,3222.0921280384064
FedAvg,0.75,rep3,33,2026-04-09 14:19:43,0.817,0.6993,0.9263,0.1932,0.0276,96.01968669891357,3318.11181473732
FedAvg,0.75,rep3,34,2026-04-09 14:21:19,0.8155,0.6912,0.9233,0.1785,0.0271,98.73198962211609,3416.843804359436
FedAvg,0.75,rep3,35,2026-04-09 14:22:58,0.8157,0.6971,0.9251,0.1895,0.0281,99.55952143669128,3516.4033257961273
FedAvg,0.75,rep3,36,2026-04-09 14:24:37,0.8088,0.695,0.9264,0.1649,0.0224,102.68430066108704,3619.0876264572144
FedAvg,0.75,rep3,37,2026-04-09 14:26:20,0.7858,0.7103,0.9281,0.1397,0.0171,104.89507174491882,3723.982698202133
FedAvg,0.75,rep3,38,2026-04-09 14:28:05,0.7917,0.7089,0.9285,0.1829,0.023,102.24515128135681,3826.22784948349
FedAvg,0.75,rep3,39,2026-04-09 14:29:47,0.7847,0.7052,0.9288,0.1405,0.0191,103.86820387840271,3930.0960533618927
FedAvg,0.75,rep3,40,2026-04-09 14:31:31,0.7808,0.7061,0.9283,0.1584,0.0199,104.11661696434021,4034.212670326233
FedAvg,0.75,rep3,41,2026-04-09 14:33:15,0.824,0.6698,0.9219,0.2201,0.0332,106.64841151237488,4140.861081838608
FedAvg,0.75,rep3,42,2026-04-09 14:35:02,0.7829,0.7059,0.9261,0.1549,0.0219,120.01965022087097,4260.880732059479
FedAvg,0.75,rep3,43,2026-04-09 14:37:02,0.8178,0.6778,0.9248,0.2204,0.0321,134.93605756759644,4395.816789627075
FedAvg,0.75,rep3,44,2026-04-09 14:39:17,0.7702,0.7119,0.9279,0.1606,0.0231,123.78262162208557,4519.599411249161
FedAvg,0.75,rep3,45,2026-04-09 14:41:21,0.7711,0.7108,0.9288,0.1716,0.0246,104.56967115402222,4624.169082403183
FedAvg,0.75,rep3,46,2026-04-09 14:43:05,0.7588,0.7165,0.9308,0.1556,0.0175,104.36272072792053,4728.5318031311035
FedAvg,0.75,rep3,47,2026-04-09 14:44:50,0.7647,0.7081,0.9283,0.1426,0.0198,103.65442109107971,4832.186224222183
FedAvg,0.75,rep3,48,2026-04-09 14:46:33,0.7733,0.7093,0.9282,0.1861,0.029,102.92616629600525,4935.1123905181885
FedAvg,0.75,rep3,49,2026-04-09 14:48:16,0.7706,0.7019,0.9273,0.157,0.0226,104.32993412017822,5039.442324638367
FedAvg,0.75,rep3,50,2026-04-09 14:50:00,0.7793,0.7035,0.9251,0.1748,0.0315,104.12267923355103,5143.565003871918
FedAvg,0.75,rep4,0,2026-04-09 14:52:07,2.3126,0.0569,0.4191,0.0872,0.1544,103.1502513885498,103.1502513885498
FedAvg,0.75,rep4,1,2026-04-09 14:53:50,2.1632,0.1177,0.7199,0.2146,0.1331,103.04760980606079,206.1978611946106
FedAvg,0.75,rep4,2,2026-04-09 14:55:33,1.8572,0.3137,0.8338,0.3188,0.0828,107.24090719223022,313.4387683868408
FedAvg,0.75,rep4,3,2026-04-09 14:57:20,1.5842,0.4382,0.8761,0.2397,0.062,104.24078464508057,417.6795530319214
FedAvg,0.75,rep4,4,2026-04-09 14:59:04,1.3782,0.5389,0.8966,0.1374,0.03,107.9424159526825,525.6219689846039
FedAvg,0.75,rep4,5,2026-04-09 15:00:52,1.2678,0.5842,0.8985,0.1892,0.0344,125.54518342018127,651.1671524047852
FedAvg,0.75,rep4,6,2026-04-09 15:02:58,1.198,0.6016,0.8993,0.1295,0.0246,106.5956461429596,757.7627985477448
FedAvg,0.75,rep4,7,2026-04-09 15:04:44,1.1479,0.5817,0.9018,0.0827,0.019,107.96799874305725,865.730797290802
FedAvg,0.75,rep4,8,2026-04-09 15:06:32,1.1017,0.6173,0.9077,0.1153,0.0188,105.61947059631348,971.3502678871155
FedAvg,0.75,rep4,9,2026-04-09 15:08:18,1.08,0.6288,0.9084,0.1615,0.0256,102.19539451599121,1073.5456624031067
FedAvg,0.75,rep4,10,2026-04-09 15:10:00,1.055,0.6066,0.9056,0.1341,0.0212,104.67011427879333,1178.2157766819
FedAvg,0.75,rep4,11,2026-04-09 15:11:45,1.0244,0.6383,0.9067,0.1333,0.0252,103.27026772499084,1281.4860444068909
FedAvg,0.75,rep4,12,2026-04-09 15:13:28,0.997,0.6569,0.91,0.1556,0.0242,104.75776290893555,1386.2438073158264
FedAvg,0.75,rep4,13,2026-04-09 15:15:13,0.9911,0.6347,0.908,0.1644,0.0269,104.94614124298096,1491.1899485588074
FedAvg,0.75,rep4,14,2026-04-09 15:16:58,0.9643,0.6525,0.9137,0.1231,0.0175,103.21929979324341,1594.4092483520508
FedAvg,0.75,rep4,15,2026-04-09 15:18:41,0.9537,0.6666,0.9175,0.1643,0.0211,103.12035131454468,1697.5295996665955
FedAvg,0.75,rep4,16,2026-04-09 15:20:24,0.931,0.6661,0.9149,0.1473,0.0212,106.48480916023254,1804.014408826828
FedAvg,0.75,rep4,17,2026-04-09 15:22:11,0.9332,0.6632,0.9131,0.1787,0.0303,99.90066647529602,1903.915075302124
FedAvg,0.75,rep4,18,2026-04-09 15:23:51,0.9146,0.6759,0.9164,0.1694,0.0238,102.34521889686584,2006.2602941989899
FedAvg,0.75,rep4,19,2026-04-09 15:25:33,0.8972,0.6726,0.9166,0.169,0.0265,103.54554343223572,2109.8058376312256
FedAvg,0.75,rep4,20,2026-04-09 15:27:17,0.8785,0.6845,0.9202,0.135,0.0217,115.51469016075134,2225.320527791977
FedAvg,0.75,rep4,21,2026-04-09 15:29:12,0.887,0.6755,0.9204,0.1893,0.0316,119.79211211204529,2345.112639904022
FedAvg,0.75,rep4,22,2026-04-09 15:31:12,0.8592,0.6893,0.9212,0.1613,0.0222,111.6379907131195,2456.7506306171417
FedAvg,0.75,rep4,23,2026-04-09 15:33:03,0.8736,0.674,0.9178,0.179,0.0297,107.90518069267273,2564.6558113098145
FedAvg,0.75,rep4,24,2026-04-09 15:34:51,0.8487,0.6898,0.9234,0.1261,0.0167,123.6386468410492,2688.2944581508636
FedAvg,0.75,rep4,25,2026-04-09 15:36:55,0.8721,0.6845,0.919,0.1965,0.0317,110.44685482978821,2798.741312980652
FedAvg,0.75,rep4,26,2026-04-09 15:38:45,0.8363,0.6966,0.9244,0.1601,0.0199,106.41315293312073,2905.1544659137726
FedAvg,0.75,rep4,27,2026-04-09 15:40:32,0.8311,0.6965,0.9247,0.1858,0.0249,113.4893126487732,3018.643778562546
FedAvg,0.75,rep4,28,2026-04-09 15:42:25,0.8677,0.6706,0.9159,0.2009,0.038,109.62674117088318,3128.270519733429
FedAvg,0.75,rep4,29,2026-04-09 15:44:15,0.8384,0.6845,0.9213,0.169,0.0297,105.32000422477722,3233.590523958206
FedAvg,0.75,rep4,30,2026-04-09 15:46:00,0.8299,0.6973,0.9256,0.1847,0.024,107.92107367515564,3341.511597633362
FedAvg,0.75,rep4,31,2026-04-09 15:47:48,0.8144,0.6994,0.9242,0.1701,0.0265,103.43386816978455,3444.9454658031464
FedAvg,0.75,rep4,32,2026-04-09 15:49:32,0.8016,0.7041,0.9261,0.1613,0.0229,108.04502701759338,3552.9904928207397
FedAvg,0.75,rep4,33,2026-04-09 15:51:20,0.8224,0.6939,0.9217,0.1872,0.0316,105.58506083488464,3658.5755536556244
FedAvg,0.75,rep4,34,2026-04-09 15:53:05,0.8037,0.6991,0.9237,0.1512,0.0224,109.6052041053772,3768.1807577610016
FedAvg,0.75,rep4,35,2026-04-09 15:54:55,0.789,0.7076,0.9267,0.1454,0.0173,109.18430685997009,3877.3650646209717
FedAvg,0.75,rep4,36,2026-04-09 15:56:44,0.7984,0.7019,0.9287,0.1911,0.0256,104.86225652694702,3982.2273211479187
FedAvg,0.75,rep4,37,2026-04-09 15:58:29,0.7869,0.7043,0.9257,0.1565,0.0232,108.49437522888184,4090.7216963768005
FedAvg,0.75,rep4,38,2026-04-09 16:00:17,0.808,0.6959,0.9231,0.188,0.0304,109.26017260551453,4199.981868982315
FedAvg,0.75,rep4,39,2026-04-09 16:02:07,0.8045,0.6958,0.9225,0.172,0.0282,99.15703463554382,4299.138903617859
FedAvg,0.75,rep4,40,2026-04-09 16:03:46,0.8072,0.6996,0.9263,0.2229,0.0331,98.15310835838318,4397.292011976242
FedAvg,0.75,rep4,41,2026-04-09 16:05:24,0.809,0.7008,0.9284,0.2197,0.033,96.99699401855469,4494.289005994797
FedAvg,0.75,rep4,42,2026-04-09 16:07:01,0.7712,0.7102,0.9274,0.1436,0.0211,97.81584024429321,4592.10484623909
FedAvg,0.75,rep4,43,2026-04-09 16:08:39,0.7801,0.7065,0.9254,0.1537,0.0233,99.73878216743469,4691.843628406525
FedAvg,0.75,rep4,44,2026-04-09 16:10:19,0.7996,0.698,0.9229,0.1767,0.0288,99.82186508178711,4791.665493488312
FedAvg,0.75,rep4,45,2026-04-09 16:11:58,0.7644,0.7114,0.9301,0.1564,0.0182,97.4431984424591,4889.108691930771
FedAvg,0.75,rep4,46,2026-04-09 16:13:36,0.7712,0.7082,0.9275,0.172,0.024,95.15837597846985,4984.267067909241
FedAvg,0.75,rep4,47,2026-04-09 16:15:11,0.7782,0.7091,0.9287,0.1909,0.0278,93.90009212493896,5078.16716003418
FedAvg,0.75,rep4,48,2026-04-09 16:16:45,0.7869,0.6958,0.9242,0.1816,0.0287,96.47821760177612,5174.645377635956
FedAvg,0.75,rep4,49,2026-04-09 16:18:21,0.7611,0.7104,0.9281,0.1414,0.0207,96.5733642578125,5271.218741893768
FedAvg,0.75,rep4,50,2026-04-09 16:19:58,0.7559,0.7134,0.9304,0.1494,0.0184,98.01618981361389,5369.234931707382
FedAvg,0.75,rep5,0,2026-04-09 16:21:57,2.3126,0.0569,0.4191,0.0872,0.1544,96.99026775360107,96.99026775360107
FedAvg,0.75,rep5,1,2026-04-09 16:23:34,2.1664,0.1887,0.706,0.1579,0.1795,96.3447208404541,193.33498859405518
FedAvg,0.75,rep5,2,2026-04-09 16:25:11,1.844,0.3529,0.8397,0.3856,0.1226,95.67439985275269,289.00938844680786
FedAvg,0.75,rep5,3,2026-04-09 16:26:46,1.55,0.5403,0.8858,0.2162,0.0487,95.95424914360046,384.9636375904083
FedAvg,0.75,rep5,4,2026-04-09 16:28:22,1.3965,0.4874,0.8905,0.2846,0.0491,96.30156922340393,481.26520681381226
FedAvg,0.75,rep5,5,2026-04-09 16:29:59,1.3181,0.5233,0.8925,0.2903,0.0543,95.28327822685242,576.5484850406647
FedAvg,0.75,rep5,6,2026-04-09 16:31:34,1.2163,0.5437,0.8954,0.201,0.0382,99.96852207183838,676.517007112503
FedAvg,0.75,rep5,7,2026-04-09 16:33:14,1.1646,0.5965,0.9021,0.1583,0.029,97.0758843421936,773.5928914546967
FedAvg,0.75,rep5,8,2026-04-09 16:34:51,1.1154,0.5953,0.902,0.1492,0.0242,96.48673152923584,870.0796229839325
FedAvg,0.75,rep5,9,2026-04-09 16:36:28,1.0712,0.6406,0.9076,0.1474,0.0242,98.32742166519165,968.4070446491241
FedAvg,0.75,rep5,10,2026-04-09 16:38:06,1.0448,0.6337,0.9101,0.1907,0.0309,97.97599506378174,1066.3830397129059
FedAvg,0.75,rep5,11,2026-04-09 16:39:44,1.0293,0.6205,0.9057,0.1509,0.0275,97.6401629447937,1164.0232026576996
FedAvg,0.75,rep5,12,2026-04-09 16:41:21,1.0161,0.6293,0.9066,0.1722,0.0325,97.38034534454346,1261.403548002243
FedAvg,0.75,rep5,13,2026-04-09 16:42:59,0.9786,0.665,0.9144,0.166,0.023,97.18493938446045,1358.5884873867035
FedAvg,0.75,rep5,14,2026-04-09 16:44:36,0.9638,0.6697,0.9156,0.1731,0.0238,98.06725525856018,1456.6557426452637
FedAvg,0.75,rep5,15,2026-04-09 16:46:14,0.947,0.6627,0.9143,0.1496,0.0212,97.47094798088074,1554.1266906261444
FedAvg,0.75,rep5,16,2026-04-09 16:47:52,0.9346,0.6688,0.9156,0.1643,0.023,98.28033638000488,1652.4070270061493
FedAvg,0.75,rep5,17,2026-04-09 16:49:30,0.9257,0.6723,0.9167,0.1727,0.0256,100.0186505317688,1752.425677537918
FedAvg,0.75,rep5,18,2026-04-09 16:51:10,0.9139,0.6752,0.9197,0.1404,0.0174,101.80743336677551,1854.2331109046936
FedAvg,0.75,rep5,19,2026-04-09 16:52:52,0.9006,0.6733,0.9161,0.1771,0.0292,105.73715305328369,1959.9702639579773
FedAvg,0.75,rep5,20,2026-04-09 16:54:37,0.8904,0.6764,0.921,0.2092,0.0318,110.22380232810974,2070.194066286087
FedAvg,0.75,rep5,21,2026-04-09 16:56:28,0.9134,0.6351,0.9131,0.237,0.0372,109.84618330001831,2180.0402495861053
FedAvg,0.75,rep5,22,2026-04-09 16:58:18,0.8943,0.6698,0.9159,0.1964,0.033,107.97250080108643,2288.0127503871918
FedAvg,0.75,rep5,23,2026-04-09 17:00:06,0.864,0.6821,0.9196,0.16,0.0223,108.24996209144592,2396.2627124786377
FedAvg,0.75,rep5,24,2026-04-09 17:01:54,0.8548,0.6875,0.924,0.2045,0.0269,112.05184745788574,2508.3145599365234
FedAvg,0.75,rep5,25,2026-04-09 17:03:46,0.8412,0.6902,0.9227,0.1641,0.0209,110.6572527885437,2618.971812725067
FedAvg,0.75,rep5,26,2026-04-09 17:05:36,0.8459,0.6913,0.9222,0.1795,0.0224,115.08376216888428,2734.0555748939514
FedAvg,0.75,rep5,27,2026-04-09 17:07:32,0.8388,0.6909,0.9221,0.1458,0.0225,118.81992506980896,2852.8754999637604
FedAvg,0.75,rep5,28,2026-04-09 17:09:30,0.8449,0.6921,0.9242,0.2041,0.0302,124.14274263381958,2977.01824259758
FedAvg,0.75,rep5,29,2026-04-09 17:11:34,0.8348,0.6919,0.9214,0.1931,0.0301,135.1807677745819,3112.199010372162
FedAvg,0.75,rep5,30,2026-04-09 17:13:50,0.8248,0.6902,0.9219,0.1657,0.0256,112.80841612815857,3225.0074265003204
FedAvg,0.75,rep5,31,2026-04-09 17:15:42,0.8172,0.6909,0.9233,0.1541,0.0215,107.83134508132935,3332.83877158165
FedAvg,0.75,rep5,32,2026-04-09 17:17:30,0.82,0.6913,0.9223,0.1698,0.0294,106.21571898460388,3439.0544905662537
FedAvg,0.75,rep5,33,2026-04-09 17:19:17,0.8104,0.6992,0.9248,0.1842,0.0258,103.95571398735046,3543.010204553604
FedAvg,0.75,rep5,34,2026-04-09 17:21:00,0.8165,0.6944,0.9236,0.1913,0.0304,104.913503408432,3647.923707962036
FedAvg,0.75,rep5,35,2026-04-09 17:22:45,0.8034,0.7014,0.9255,0.1786,0.0247,106.31580781936646,3754.2395157814026
FedAvg,0.75,rep5,36,2026-04-09 17:24:32,0.7971,0.6963,0.9255,0.1475,0.0209,103.45326352119446,3857.692779302597
FedAvg,0.75,rep5,37,2026-04-09 17:26:15,0.8108,0.692,0.9221,0.1757,0.0293,103.98094773292542,3961.6737270355225
FedAvg,0.75,rep5,38,2026-04-09 17:27:59,0.7973,0.7036,0.9255,0.1928,0.0292,101.91832232475281,4063.5920493602753
FedAvg,0.75,rep5,39,2026-04-09 17:29:41,0.7776,0.7095,0.9279,0.1587,0.021,102.26362562179565,4165.855674982071
FedAvg,0.75,rep5,40,2026-04-09 17:31:23,0.7744,0.7112,0.9289,0.1542,0.0171,107.71347904205322,4273.569154024124
FedAvg,0.75,rep5,41,2026-04-09 17:33:11,0.7721,0.7106,0.9279,0.1436,0.0174,107.14478635787964,4380.713940382004
FedAvg,0.75,rep5,42,2026-04-09 17:34:58,0.7698,0.711,0.9281,0.1577,0.0207,103.79539680480957,4484.509337186813
FedAvg,0.75,rep5,43,2026-04-09 17:36:42,0.7693,0.7142,0.9285,0.1333,0.0161,106.04799127578735,4590.557328462601
FedAvg,0.75,rep5,44,2026-04-09 17:38:28,0.7676,0.7118,0.9277,0.159,0.0221,102.3833749294281,4692.940703392029
FedAvg,0.75,rep5,45,2026-04-09 17:40:10,0.7687,0.7154,0.9298,0.1842,0.0233,103.37654113769531,4796.317244529724
FedAvg,0.75,rep5,46,2026-04-09 17:41:54,0.7569,0.7152,0.93,0.1597,0.0195,100.89636445045471,4897.213608980179
FedAvg,0.75,rep5,47,2026-04-09 17:43:35,0.7968,0.6964,0.9227,0.1941,0.0364,113.98161220550537,5011.195221185684
FedAvg,0.75,rep5,48,2026-04-09 17:45:29,0.7715,0.7034,0.9267,0.1604,0.0243,105.20845031738281,5116.403671503067
FedAvg,0.75,rep5,49,2026-04-09 17:47:14,0.8057,0.681,0.9229,0.2102,0.0336,106.89904236793518,5223.302713871002
FedAvg,0.75,rep5,50,2026-04-09 17:49:01,0.762,0.7099,0.9285,0.1576,0.0214,107.517751455307,5330.820465326309
FedAvg,1.0,rep1,0,2026-04-09 17:51:09,2.3126,0.0569,0.4191,0.0872,0.1544,135.470055103302,135.470055103302
FedAvg,1.0,rep1,1,2026-04-09 17:53:25,2.1559,0.1817,0.7401,0.2196,0.0993,132.95186519622803,268.42192029953003
FedAvg,1.0,rep1,2,2026-04-09 17:55:38,1.8257,0.4949,0.8655,0.2655,0.0755,137.70388913154602,406.12580943107605
FedAvg,1.0,rep1,3,2026-04-09 17:57:56,1.539,0.5591,0.8913,0.1812,0.036,134.624773979187,540.7505834102631
FedAvg,1.0,rep1,4,2026-04-09 18:00:10,1.3644,0.5668,0.8984,0.1566,0.0207,143.0925407409668,683.8431241512299
FedAvg,1.0,rep1,5,2026-04-09 18:02:33,1.2589,0.5784,0.9011,0.131,0.0156,138.418071269989,822.2611954212189
FedAvg,1.0,rep1,6,2026-04-09 18:04:52,1.1902,0.591,0.9025,0.117,0.015,131.2987666130066,953.5599620342255
FedAvg,1.0,rep1,7,2026-04-09 18:07:03,1.1384,0.6044,0.9048,0.11,0.015,133.65483856201172,1087.2148005962372
FedAvg,1.0,rep1,8,2026-04-09 18:09:17,1.0963,0.6161,0.907,0.1127,0.0153,131.69843530654907,1218.9132359027863
FedAvg,1.0,rep1,9,2026-04-09 18:11:28,1.0668,0.6249,0.9082,0.115,0.0161,132.90235424041748,1351.8155901432037
FedAvg,1.0,rep1,10,2026-04-09 18:13:41,1.0375,0.6384,0.9101,0.1174,0.017,135.1981647014618,1487.0137548446655
FedAvg,1.0,rep1,11,2026-04-09 18:15:56,1.0089,0.6514,0.9118,0.1283,0.0177,131.38794422149658,1618.401699066162
FedAvg,1.0,rep1,12,2026-04-09 18:18:08,0.9897,0.6567,0.9127,0.1364,0.0184,132.37347316741943,1750.7751722335815
FedAvg,1.0,rep1,13,2026-04-09 18:20:20,0.9719,0.6616,0.9138,0.1405,0.0187,138.1464548110962,1888.9216270446777
FedAvg,1.0,rep1,14,2026-04-09 18:22:38,0.9522,0.6669,0.9151,0.1447,0.0189,134.07403659820557,2022.9956636428833
FedAvg,1.0,rep1,15,2026-04-09 18:24:52,0.9382,0.6697,0.916,0.1499,0.0199,135.49717545509338,2158.4928390979767
FedAvg,1.0,rep1,16,2026-04-09 18:27:08,0.9247,0.6739,0.9168,0.1527,0.0199,134.5914328098297,2293.0842719078064
FedAvg,1.0,rep1,17,2026-04-09 18:29:23,0.9097,0.6742,0.9177,0.1531,0.0199,134.1122395992279,2427.1965115070343
FedAvg,1.0,rep1,18,2026-04-09 18:31:37,0.9005,0.6773,0.9183,0.1552,0.0209,140.2609932422638,2567.457504749298
FedAvg,1.0,rep1,19,2026-04-09 18:33:57,0.8877,0.6793,0.9192,0.1565,0.021,157.09260368347168,2724.55010843277
FedAvg,1.0,rep1,20,2026-04-09 18:36:34,0.8799,0.6814,0.9199,0.1603,0.0216,160.0535807609558,2884.6036891937256
FedAvg,1.0,rep1,21,2026-04-09 18:39:14,0.8701,0.6859,0.9206,0.1595,0.0212,163.36454606056213,3047.9682352542877
FedAvg,1.0,rep1,22,2026-04-09 18:41:57,0.8616,0.6876,0.9212,0.1609,0.0216,159.4513578414917,3207.4195930957794
FedAvg,1.0,rep1,23,2026-04-09 18:44:37,0.8543,0.6886,0.9216,0.1588,0.0215,161.89965295791626,3369.3192460536957
FedAvg,1.0,rep1,24,2026-04-09 18:47:19,0.8466,0.6898,0.9224,0.1605,0.0221,161.7584207057953,3531.077666759491
FedAvg,1.0,rep1,25,2026-04-09 18:50:01,0.8419,0.6918,0.9226,0.1604,0.0222,160.8976330757141,3691.975299835205
FedAvg,1.0,rep1,26,2026-04-09 18:52:42,0.8355,0.6938,0.9233,0.1616,0.0222,161.3734712600708,3853.348771095276
FedAvg,1.0,rep1,27,2026-04-09 18:55:23,0.8308,0.6942,0.9235,0.1607,0.0223,161.214777469635,4014.563548564911
FedAvg,1.0,rep1,28,2026-04-09 18:58:04,0.8242,0.6958,0.9241,0.162,0.0221,158.0885443687439,4172.652092933655
FedAvg,1.0,rep1,29,2026-04-09 19:00:42,0.8175,0.6984,0.9246,0.1619,0.0223,166.72021412849426,4339.372307062149
FedAvg,1.0,rep1,30,2026-04-09 19:03:29,0.8114,0.6988,0.9252,0.1645,0.0232,164.97737741470337,4504.349684476852
FedAvg,1.0,rep1,31,2026-04-09 19:06:14,0.8083,0.6995,0.9253,0.1609,0.0224,163.77990794181824,4668.129592418671
FedAvg,1.0,rep1,32,2026-04-09 19:08:58,0.8042,0.7017,0.9255,0.1589,0.0216,164.89386248588562,4833.023454904556
FedAvg,1.0,rep1,33,2026-04-09 19:11:42,0.8013,0.7026,0.9258,0.1598,0.0223,168.64359331130981,5001.667048215866
FedAvg,1.0,rep1,34,2026-04-09 19:14:31,0.7985,0.7039,0.926,0.1602,0.0223,148.743346452713,5150.410394668579
FedAvg,1.0,rep1,35,2026-04-09 19:17:00,0.7944,0.7042,0.9262,0.1608,0.0227,139.91444396972656,5290.324838638306
FedAvg,1.0,rep1,36,2026-04-09 19:19:20,0.789,0.7059,0.9265,0.1616,0.0228,141.25866174697876,5431.583500385284
FedAvg,1.0,rep1,37,2026-04-09 19:21:41,0.7884,0.7058,0.9266,0.1602,0.0224,136.30062341690063,5567.884123802185
FedAvg,1.0,rep1,38,2026-04-09 19:23:57,0.7866,0.7076,0.9268,0.1589,0.0223,138.3112232685089,5706.195347070694
FedAvg,1.0,rep1,39,2026-04-09 19:26:16,0.7822,0.7082,0.9269,0.1604,0.0226,139.08100771903992,5845.276354789734
FedAvg,1.0,rep1,40,2026-04-09 19:28:35,0.7786,0.7102,0.9274,0.1611,0.0223,132.4190731048584,5977.695427894592
FedAvg,1.0,rep1,41,2026-04-09 19:30:47,0.7748,0.7117,0.9277,0.1574,0.0218,135.28976154327393,6112.985189437866
FedAvg,1.0,rep1,42,2026-04-09 19:33:02,0.7747,0.7102,0.9277,0.16,0.0218,133.26125288009644,6246.246442317963
FedAvg,1.0,rep1,43,2026-04-09 19:35:16,0.77,0.7127,0.928,0.1594,0.0221,130.00539088249207,6376.251833200455
FedAvg,1.0,rep1,44,2026-04-09 19:37:26,0.7699,0.7119,0.928,0.1594,0.022,136.74655485153198,6512.998388051987
FedAvg,1.0,rep1,45,2026-04-09 19:39:42,0.7683,0.7131,0.928,0.1602,0.0222,140.4111292362213,6653.409517288208
FedAvg,1.0,rep1,46,2026-04-09 19:42:03,0.7653,0.7131,0.9283,0.1565,0.0215,127.02471494674683,6780.434232234955
FedAvg,1.0,rep1,47,2026-04-09 19:44:10,0.7619,0.7135,0.9283,0.157,0.0216,134.44249176979065,6914.8767240047455
FedAvg,1.0,rep1,48,2026-04-09 19:46:24,0.7583,0.7139,0.9286,0.1612,0.022,123.74174356460571,7038.618467569351
FedAvg,1.0,rep1,49,2026-04-09 19:48:28,0.7554,0.7147,0.9288,0.1597,0.0219,124.80363893508911,7163.42210650444
FedAvg,1.0,rep1,50,2026-04-09 19:50:33,0.7553,0.7155,0.9289,0.1583,0.0216,127.21944832801819,7290.6415548324585
FedAvg,1.0,rep2,0,2026-04-09 19:53:02,2.3126,0.0569,0.4191,0.0872,0.1544,127.42437148094177,127.42437148094177
FedAvg,1.0,rep2,1,2026-04-09 19:55:10,2.155,0.1819,0.7417,0.2202,0.0993,125.95247602462769,253.37684750556946
FedAvg,1.0,rep2,2,2026-04-09 19:57:15,1.8233,0.499,0.867,0.2653,0.074,124.55294370651245,377.9297912120819
FedAvg,1.0,rep2,3,2026-04-09 19:59:20,1.5376,0.5614,0.892,0.1813,0.0353,125.25545454025269,503.1852457523346
FedAvg,1.0,rep2,4,2026-04-09 20:01:25,1.3629,0.5685,0.8984,0.1551,0.0208,123.21243858337402,626.3976843357086
FedAvg,1.0,rep2,5,2026-04-09 20:03:28,1.2579,0.5793,0.9011,0.1306,0.0157,124.91579222679138,751.3134765625
FedAvg,1.0,rep2,6,2026-04-09 20:05:33,1.1877,0.5909,0.903,0.1208,0.0153,127.9090507030487,879.2225272655487
FedAvg,1.0,rep2,7,2026-04-09 20:07:41,1.1376,0.6009,0.905,0.1165,0.0155,126.8216962814331,1006.0442235469818
FedAvg,1.0,rep2,8,2026-04-09 20:09:48,1.0965,0.6164,0.9068,0.1125,0.0159,127.31225967407227,1133.356483221054
FedAvg,1.0,rep2,9,2026-04-09 20:11:55,1.0645,0.6265,0.9084,0.117,0.0162,124.7539427280426,1258.1104259490967
FedAvg,1.0,rep2,10,2026-04-09 20:14:00,1.0386,0.6366,0.9095,0.1191,0.0171,127.60203051567078,1385.7124564647675
FedAvg,1.0,rep2,11,2026-04-09 20:16:08,1.0137,0.6475,0.9108,0.1257,0.0175,126.74002623558044,1512.452482700348
FedAvg,1.0,rep2,12,2026-04-09 20:18:15,0.9929,0.6545,0.9123,0.1333,0.0179,126.3617148399353,1638.8141975402832
FedAvg,1.0,rep2,13,2026-04-09 20:20:21,0.9708,0.6614,0.9138,0.1409,0.0187,128.3793966770172,1767.1935942173004
FedAvg,1.0,rep2,14,2026-04-09 20:22:29,0.9554,0.6648,0.9146,0.1449,0.019,130.497465133667,1897.6910593509674
FedAvg,1.0,rep2,15,2026-04-09 20:24:40,0.9366,0.6697,0.9158,0.1528,0.0201,127.32546281814575,2025.0165221691132
FedAvg,1.0,rep2,16,2026-04-09 20:26:47,0.9228,0.6736,0.9169,0.1537,0.0201,127.3467047214508,2152.363226890564
FedAvg,1.0,rep2,17,2026-04-09 20:28:54,0.9093,0.6751,0.9176,0.1556,0.0207,128.67934942245483,2281.042576313019
FedAvg,1.0,rep2,18,2026-04-09 20:31:03,0.8972,0.6768,0.9185,0.1576,0.021,133.14997053146362,2414.1925468444824
FedAvg,1.0,rep2,19,2026-04-09 20:33:16,0.8859,0.6819,0.9193,0.1612,0.0217,128.6813063621521,2542.8738532066345
FedAvg,1.0,rep2,20,2026-04-09 20:35:25,0.8767,0.6847,0.9201,0.1603,0.0214,128.5566108226776,2671.430464029312
FedAvg,1.0,rep2,21,2026-04-09 20:37:34,0.8722,0.6857,0.9204,0.1637,0.0218,126.54699969291687,2797.977463722229
FedAvg,1.0,rep2,22,2026-04-09 20:39:40,0.8618,0.6849,0.9209,0.1641,0.0223,129.71548748016357,2927.6929512023926
FedAvg,1.0,rep2,23,2026-04-09 20:41:50,0.8555,0.6885,0.9215,0.1621,0.0218,126.59019422531128,3054.283145427704
FedAvg,1.0,rep2,24,2026-04-09 20:43:56,0.8494,0.6895,0.9221,0.1608,0.022,128.6671347618103,3182.950280189514
FedAvg,1.0,rep2,25,2026-04-09 20:46:05,0.8422,0.6901,0.9225,0.1617,0.022,130.9481496810913,3313.8984298706055
FedAvg,1.0,rep2,26,2026-04-09 20:48:16,0.8366,0.693,0.9229,0.159,0.0219,132.6029348373413,3446.501364707947
FedAvg,1.0,rep2,27,2026-04-09 20:50:29,0.8318,0.6966,0.9234,0.1596,0.0216,125.9246575832367,3572.4260222911835
FedAvg,1.0,rep2,28,2026-04-09 20:52:35,0.8229,0.6974,0.9238,0.1625,0.0226,126.01971054077148,3698.445732831955
FedAvg,1.0,rep2,29,2026-04-09 20:54:41,0.8182,0.6984,0.9243,0.1634,0.0225,125.92231631278992,3824.368049144745
FedAvg,1.0,rep2,30,2026-04-09 20:56:46,0.8138,0.6975,0.9247,0.1629,0.0224,124.14923548698425,3948.517284631729
FedAvg,1.0,rep2,31,2026-04-09 20:58:51,0.8089,0.7001,0.9251,0.1611,0.0224,123.55605030059814,4072.0733349323273
FedAvg,1.0,rep2,32,2026-04-09 21:00:54,0.8062,0.701,0.9252,0.1621,0.0225,124.81555199623108,4196.888886928558
FedAvg,1.0,rep2,33,2026-04-09 21:02:59,0.803,0.7014,0.9253,0.1618,0.0222,123.71490454673767,4320.603791475296
FedAvg,1.0,rep2,34,2026-04-09 21:05:03,0.797,0.7026,0.9258,0.1623,0.0225,121.73998641967773,4442.343777894974
FedAvg,1.0,rep2,35,2026-04-09 21:07:04,0.795,0.7033,0.926,0.1608,0.0221,122.63233780860901,4564.976115703583
FedAvg,1.0,rep2,36,2026-04-09 21:09:07,0.7879,0.705,0.9264,0.1615,0.0225,124.67942810058594,4689.655543804169
FedAvg,1.0,rep2,37,2026-04-09 21:11:12,0.7875,0.7055,0.9265,0.1612,0.0221,124.0160493850708,4813.6715931892395
FedAvg,1.0,rep2,38,2026-04-09 21:13:16,0.7851,0.7059,0.9267,0.16,0.0222,124.72765588760376,4938.399249076843
FedAvg,1.0,rep2,39,2026-04-09 21:15:21,0.7812,0.7086,0.9268,0.1619,0.0227,121.6889021396637,5060.088151216507
FedAvg,1.0,rep2,40,2026-04-09 21:17:22,0.779,0.7089,0.927,0.1579,0.0217,120.39026618003845,5180.478417396545
FedAvg,1.0,rep2,41,2026-04-09 21:19:23,0.7749,0.7108,0.9275,0.1572,0.0217,122.27738428115845,5302.755801677704
FedAvg,1.0,rep2,42,2026-04-09 21:21:25,0.775,0.7103,0.9274,0.1613,0.0221,121.7168698310852,5424.472671508789
FedAvg,1.0,rep2,43,2026-04-09 21:23:27,0.7703,0.7107,0.9276,0.1649,0.023,125.801344871521,5550.27401638031
FedAvg,1.0,rep2,44,2026-04-09 21:25:32,0.7679,0.7125,0.9278,0.1584,0.0216,122.03673887252808,5672.310755252838
FedAvg,1.0,rep2,45,2026-04-09 21:27:34,0.7657,0.7133,0.9281,0.1565,0.0214,121.80782985687256,5794.118585109711
FedAvg,1.0,rep2,46,2026-04-09 21:29:36,0.7621,0.7138,0.9283,0.1599,0.0221,124.22799873352051,5918.346583843231
FedAvg,1.0,rep2,47,2026-04-09 21:31:40,0.7588,0.7142,0.9283,0.1602,0.0223,123.77279806137085,6042.119381904602
FedAvg,1.0,rep2,48,2026-04-09 21:33:44,0.7597,0.7138,0.9285,0.1593,0.0216,123.17386078834534,6165.293242692947
FedAvg,1.0,rep2,49,2026-04-09 21:35:47,0.7567,0.7147,0.9287,0.1585,0.0219,124.8071813583374,6290.100424051285
FedAvg,1.0,rep2,50,2026-04-09 21:37:52,0.7554,0.7149,0.9288,0.1598,0.0216,125.45649433135986,6415.556918382645
FedAvg,1.0,rep3,0,2026-04-09 21:40:18,2.3126,0.0569,0.4191,0.0872,0.1544,125.81539583206177,125.81539583206177
FedAvg,1.0,rep3,1,2026-04-09 21:42:24,2.1558,0.1821,0.7411,0.2191,0.0999,122.51888346672058,248.33427929878235
FedAvg,1.0,rep3,2,2026-04-09 21:44:27,1.8267,0.4974,0.8654,0.2625,0.075,124.01476716995239,372.34904646873474
FedAvg,1.0,rep3,3,2026-04-09 21:46:31,1.5378,0.5595,0.8915,0.1821,0.0365,123.82235169410706,496.1713981628418
FedAvg,1.0,rep3,4,2026-04-09 21:48:35,1.3626,0.5709,0.8988,0.1532,0.0206,129.82820630073547,625.9996044635773
FedAvg,1.0,rep3,5,2026-04-09 21:50:44,1.2595,0.5746,0.9009,0.1379,0.0162,122.60552477836609,748.6051292419434
FedAvg,1.0,rep3,6,2026-04-09 21:52:47,1.1854,0.5946,0.9034,0.1154,0.0146,123.12766361236572,871.7327928543091
FedAvg,1.0,rep3,7,2026-04-09 21:54:50,1.1353,0.6057,0.9051,0.1147,0.0155,122.50702476501465,994.2398176193237
FedAvg,1.0,rep3,8,2026-04-09 21:56:53,1.0978,0.6131,0.9066,0.1117,0.0157,123.11766195297241,1117.3574795722961
FedAvg,1.0,rep3,9,2026-04-09 21:58:56,1.0627,0.6266,0.9085,0.1147,0.0163,122.87737011909485,1240.234849691391
FedAvg,1.0,rep3,10,2026-04-09 22:00:59,1.035,0.6378,0.91,0.1207,0.017,124.0100519657135,1364.2449016571045
FedAvg,1.0,rep3,11,2026-04-09 22:03:03,1.0096,0.6491,0.9114,0.1269,0.0175,122.6388623714447,1486.8837640285492
FedAvg,1.0,rep3,12,2026-04-09 22:05:05,0.987,0.6571,0.9129,0.1375,0.0184,122.03013443946838,1608.9138984680176
FedAvg,1.0,rep3,13,2026-04-09 22:07:07,0.9679,0.6609,0.9142,0.1434,0.019,122.29886817932129,1731.2127666473389
FedAvg,1.0,rep3,14,2026-04-09 22:09:10,0.9502,0.667,0.9152,0.1468,0.0192,124.28803730010986,1855.5008039474487
FedAvg,1.0,rep3,15,2026-04-09 22:11:14,0.9356,0.6693,0.9159,0.1484,0.0192,122.30996179580688,1977.8107657432556
FedAvg,1.0,rep3,16,2026-04-09 22:13:16,0.9239,0.6726,0.9167,0.1506,0.0195,124.21320343017578,2102.0239691734314
FedAvg,1.0,rep3,17,2026-04-09 22:15:20,0.9097,0.6745,0.9178,0.154,0.0201,124.12576842308044,2226.149737596512
FedAvg,1.0,rep3,18,2026-04-09 22:17:25,0.8986,0.6769,0.9184,0.1562,0.0207,123.70655393600464,2349.8562915325165
FedAvg,1.0,rep3,19,2026-04-09 22:19:28,0.8878,0.6798,0.919,0.1599,0.0216,123.5513072013855,2473.407598733902
FedAvg,1.0,rep3,20,2026-04-09 22:21:32,0.8794,0.6826,0.9199,0.1592,0.0209,123.75837349891663,2597.1659722328186
FedAvg,1.0,rep3,21,2026-04-09 22:23:36,0.868,0.6861,0.9207,0.1619,0.0218,122.0499975681305,2719.215969800949
FedAvg,1.0,rep3,22,2026-04-09 22:25:38,0.8628,0.6871,0.9212,0.159,0.0211,122.40874195098877,2841.624711751938
FedAvg,1.0,rep3,23,2026-04-09 22:27:40,0.853,0.6889,0.9219,0.1604,0.0217,121.43724250793457,2963.0619542598724
FedAvg,1.0,rep3,24,2026-04-09 22:29:41,0.847,0.6901,0.9224,0.1617,0.0219,125.14990878105164,3088.211863040924
FedAvg,1.0,rep3,25,2026-04-09 22:31:47,0.8397,0.6924,0.9228,0.1624,0.0222,124.03256130218506,3212.244424343109
FedAvg,1.0,rep3,26,2026-04-09 22:33:51,0.8317,0.6925,0.9234,0.1627,0.0224,123.02466654777527,3335.2690908908844
FedAvg,1.0,rep3,27,2026-04-09 22:35:54,0.8286,0.6938,0.9236,0.1632,0.0225,120.77903652191162,3456.048127412796
FedAvg,1.0,rep3,28,2026-04-09 22:37:54,0.8241,0.6953,0.924,0.1625,0.0222,125.11594033241272,3581.1640677452087
FedAvg,1.0,rep3,29,2026-04-09 22:40:00,0.8217,0.6951,0.9239,0.1619,0.022,124.60063576698303,3705.7647035121918
FedAvg,1.0,rep3,30,2026-04-09 22:42:04,0.8164,0.6986,0.9247,0.1621,0.022,122.98191428184509,3828.746617794037
FedAvg,1.0,rep3,31,2026-04-09 22:44:07,0.8114,0.6984,0.9248,0.1619,0.0221,123.08223462104797,3951.828852415085
FedAvg,1.0,rep3,32,2026-04-09 22:46:10,0.8074,0.7014,0.9251,0.1611,0.0219,124.88066077232361,4076.7095131874084
FedAvg,1.0,rep3,33,2026-04-09 22:48:15,0.8034,0.7007,0.9253,0.1643,0.0229,122.84047842025757,4199.549991607666
FedAvg,1.0,rep3,34,2026-04-09 22:50:18,0.8012,0.7011,0.9254,0.1619,0.022,124.8648567199707,4324.414848327637
FedAvg,1.0,rep3,35,2026-04-09 22:52:23,0.7957,0.704,0.926,0.1607,0.022,124.09006428718567,4448.504912614822
FedAvg,1.0,rep3,36,2026-04-09 22:54:27,0.7928,0.7038,0.9261,0.1627,0.0226,123.91148328781128,4572.416395902634
FedAvg,1.0,rep3,37,2026-04-09 22:56:31,0.7898,0.7057,0.9265,0.1611,0.0223,123.76399183273315,4696.180387735367
FedAvg,1.0,rep3,38,2026-04-09 22:58:35,0.7855,0.7081,0.9268,0.1623,0.0225,122.75903820991516,4818.939425945282
FedAvg,1.0,rep3,39,2026-04-09 23:00:37,0.7819,0.7082,0.927,0.1596,0.0219,122.7863118648529,4941.725737810135
FedAvg,1.0,rep3,40,2026-04-09 23:02:40,0.7808,0.7095,0.9271,0.1591,0.0222,122.74242520332336,5064.468163013458
FedAvg,1.0,rep3,41,2026-04-09 23:04:43,0.7755,0.711,0.9275,0.1602,0.0221,121.98184204101562,5186.450005054474
FedAvg,1.0,rep3,42,2026-04-09 23:06:45,0.7737,0.7121,0.9279,0.1588,0.0221,121.6312141418457,5308.08121919632
FedAvg,1.0,rep3,43,2026-04-09 23:08:46,0.7704,0.7121,0.928,0.1584,0.0217,122.77818393707275,5430.859403133392
FedAvg,1.0,rep3,44,2026-04-09 23:10:49,0.7691,0.7127,0.9283,0.1611,0.022,123.65429472923279,5554.513697862625
FedAvg,1.0,rep3,45,2026-04-09 23:12:53,0.7672,0.7128,0.928,0.1592,0.022,123.76442766189575,5678.278125524521
FedAvg,1.0,rep3,46,2026-04-09 23:14:57,0.7637,0.7143,0.9283,0.1574,0.0219,126.63798546791077,5804.916110992432
FedAvg,1.0,rep3,47,2026-04-09 23:17:03,0.7616,0.7134,0.9284,0.1581,0.0214,124.95428991317749,5929.870400905609
FedAvg,1.0,rep3,48,2026-04-09 23:19:08,0.7598,0.7133,0.9286,0.1595,0.0217,123.37646770477295,6053.246868610382
FedAvg,1.0,rep3,49,2026-04-09 23:21:12,0.7573,0.7145,0.9289,0.157,0.0213,123.7923858165741,6177.039254426956
FedAvg,1.0,rep3,50,2026-04-09 23:23:15,0.7551,0.715,0.9291,0.1612,0.0224,126.23158121109009,6303.270835638046
FedAvg,1.0,rep4,0,2026-04-09 23:25:43,2.3126,0.0569,0.4191,0.0872,0.1544,122.3319296836853,122.3319296836853
FedAvg,1.0,rep4,1,2026-04-09 23:27:46,2.1552,0.183,0.7424,0.2207,0.1007,120.76581120491028,243.09774088859558
FedAvg,1.0,rep4,2,2026-04-09 23:29:46,1.8247,0.5023,0.866,0.2578,0.0751,120.27822136878967,363.37596225738525
FedAvg,1.0,rep4,3,2026-04-09 23:31:47,1.5375,0.5612,0.8918,0.1813,0.0363,129.03862833976746,492.4145905971527
FedAvg,1.0,rep4,4,2026-04-09 23:33:56,1.3625,0.5701,0.8985,0.151,0.0204,122.06839084625244,614.4829814434052
FedAvg,1.0,rep4,5,2026-04-09 23:35:58,1.2588,0.5747,0.9009,0.138,0.0165,118.4663074016571,732.9492888450623
FedAvg,1.0,rep4,6,2026-04-09 23:37:56,1.1882,0.5877,0.9029,0.122,0.0154,125.12254190444946,858.0718307495117
FedAvg,1.0,rep4,7,2026-04-09 23:40:01,1.1353,0.6058,0.9051,0.1105,0.0154,154.77600860595703,1012.8478393554688
FedAvg,1.0,rep4,8,2026-04-09 23:42:36,1.097,0.6159,0.9064,0.1108,0.0157,143.27102136611938,1156.1188607215881
FedAvg,1.0,rep4,9,2026-04-09 23:44:59,1.0646,0.6267,0.9082,0.114,0.0162,133.60035061836243,1289.7192113399506
FedAvg,1.0,rep4,10,2026-04-09 23:47:13,1.0357,0.6397,0.9098,0.1227,0.0178,128.75602889060974,1418.4752402305603
FedAvg,1.0,rep4,11,2026-04-09 23:49:22,1.0128,0.6467,0.9112,0.1288,0.0178,129.7016887664795,1548.1769289970398
FedAvg,1.0,rep4,12,2026-04-09 23:51:31,0.9911,0.6533,0.9122,0.1371,0.0186,127.21815514564514,1675.395084142685
FedAvg,1.0,rep4,13,2026-04-09 23:53:39,0.9724,0.6605,0.9138,0.1435,0.0191,125.80517029762268,1801.2002544403076
FedAvg,1.0,rep4,14,2026-04-09 23:55:44,0.9519,0.6659,0.9151,0.1459,0.0193,129.36210227012634,1930.562356710434
FedAvg,1.0,rep4,15,2026-04-09 23:57:54,0.9363,0.67,0.9161,0.1485,0.0195,128.74673891067505,2059.309095621109
FedAvg,1.0,rep4,16,2026-04-10 00:00:03,0.9231,0.6727,0.9168,0.1526,0.0201,134.21454906463623,2193.5236446857452
FedAvg,1.0,rep4,17,2026-04-10 00:02:17,0.9091,0.6767,0.9179,0.1549,0.0208,130.6915361881256,2324.215180873871
FedAvg,1.0,rep4,18,2026-04-10 00:04:27,0.8983,0.6785,0.9185,0.1556,0.0208,131.4084119796753,2455.623592853546
FedAvg,1.0,rep4,19,2026-04-10 00:06:39,0.8889,0.6802,0.919,0.158,0.0214,128.48556399345398,2584.109156847
FedAvg,1.0,rep4,20,2026-04-10 00:08:47,0.8798,0.6837,0.9199,0.1602,0.0216,132.50469088554382,2716.613847732544
FedAvg,1.0,rep4,21,2026-04-10 00:11:00,0.8711,0.6854,0.9206,0.1598,0.0218,134.6142554283142,2851.228103160858
FedAvg,1.0,rep4,22,2026-04-10 00:13:14,0.8614,0.6875,0.9213,0.1612,0.0219,132.83021116256714,2984.0583143234253
FedAvg,1.0,rep4,23,2026-04-10 00:15:27,0.8539,0.6882,0.9218,0.1612,0.0219,132.5765335559845,3116.63484787941
FedAvg,1.0,rep4,24,2026-04-10 00:17:40,0.8478,0.6898,0.9222,0.1615,0.022,133.96318554878235,3250.598033428192
FedAvg,1.0,rep4,25,2026-04-10 00:19:54,0.841,0.6924,0.9228,0.1622,0.0222,131.81381130218506,3382.411844730377
FedAvg,1.0,rep4,26,2026-04-10 00:22:06,0.835,0.6944,0.9232,0.162,0.0222,131.47723031044006,3513.8890750408173
FedAvg,1.0,rep4,27,2026-04-10 00:24:17,0.8284,0.6953,0.9237,0.1623,0.0226,133.042498588562,3646.9315736293793
FedAvg,1.0,rep4,28,2026-04-10 00:26:30,0.8239,0.6967,0.924,0.1623,0.0224,139.52613925933838,3786.4577128887177
FedAvg,1.0,rep4,29,2026-04-10 00:28:50,0.8183,0.6971,0.9244,0.1622,0.0224,140.78586339950562,3927.2435762882233
FedAvg,1.0,rep4,30,2026-04-10 00:31:11,0.8156,0.6979,0.9245,0.1628,0.0224,138.28105640411377,4065.524632692337
FedAvg,1.0,rep4,31,2026-04-10 00:33:29,0.8119,0.6977,0.9248,0.1622,0.0224,133.1475794315338,4198.672212123871
FedAvg,1.0,rep4,32,2026-04-10 00:35:42,0.8087,0.6991,0.925,0.161,0.0221,134.1157352924347,4332.7879474163055
FedAvg,1.0,rep4,33,2026-04-10 00:37:56,0.8035,0.7017,0.9256,0.1617,0.0224,134.3916404247284,4467.179587841034
FedAvg,1.0,rep4,34,2026-04-10 00:40:10,0.7982,0.7017,0.9259,0.1625,0.0223,139.46518397331238,4606.644771814346
FedAvg,1.0,rep4,35,2026-04-10 00:42:30,0.7959,0.7026,0.9259,0.1614,0.0224,130.44215393066406,4737.08692574501
FedAvg,1.0,rep4,36,2026-04-10 00:44:40,0.7905,0.704,0.9264,0.1615,0.0223,134.10163569450378,4871.188561439514
FedAvg,1.0,rep4,37,2026-04-10 00:46:54,0.7886,0.705,0.9265,0.1616,0.0226,130.44637393951416,5001.634935379028
FedAvg,1.0,rep4,38,2026-04-10 00:49:05,0.7838,0.7067,0.9269,0.1619,0.0223,136.29309391975403,5137.928029298782
FedAvg,1.0,rep4,39,2026-04-10 00:51:21,0.7848,0.7056,0.9267,0.1594,0.0219,131.4560158252716,5269.384045124054
FedAvg,1.0,rep4,40,2026-04-10 00:53:33,0.7779,0.7086,0.9272,0.162,0.0224,131.0986306667328,5400.482675790787
FedAvg,1.0,rep4,41,2026-04-10 00:55:44,0.7777,0.7094,0.9271,0.1596,0.022,135.54943132400513,5536.032107114792
FedAvg,1.0,rep4,42,2026-04-10 00:57:59,0.773,0.7102,0.9276,0.1632,0.0223,133.9596652984619,5669.991772413254
FedAvg,1.0,rep4,43,2026-04-10 01:00:13,0.7725,0.7106,0.9276,0.1614,0.0223,135.83588528633118,5805.827657699585
FedAvg,1.0,rep4,44,2026-04-10 01:02:29,0.7692,0.7114,0.9278,0.1592,0.0222,128.56448101997375,5934.392138719559
FedAvg,1.0,rep4,45,2026-04-10 01:04:38,0.7682,0.7123,0.928,0.1588,0.0217,134.67384338378906,6069.065982103348
FedAvg,1.0,rep4,46,2026-04-10 01:06:52,0.7633,0.7141,0.9285,0.1607,0.022,131.55750226974487,6200.623484373093
FedAvg,1.0,rep4,47,2026-04-10 01:09:04,0.7608,0.7145,0.9286,0.1565,0.0213,130.86837673187256,6331.491861104965
FedAvg,1.0,rep4,48,2026-04-10 01:11:15,0.7579,0.7145,0.9288,0.1608,0.022,133.308655500412,6464.800516605377
FedAvg,1.0,rep4,49,2026-04-10 01:13:28,0.7569,0.7142,0.9287,0.1584,0.0217,138.3553683757782,6603.155884981155
FedAvg,1.0,rep4,50,2026-04-10 01:15:46,0.7578,0.7141,0.9284,0.1583,0.022,155.06612396240234,6758.222008943558
FedAvg,1.0,rep5,0,2026-04-10 01:18:47,2.3126,0.0569,0.4191,0.0872,0.1544,159.20278096199036,159.20278096199036
FedAvg,1.0,rep5,1,2026-04-10 01:21:27,2.1556,0.1825,0.7404,0.2199,0.1,156.2647523880005,315.46753334999084
FedAvg,1.0,rep5,2,2026-04-10 01:24:03,1.8261,0.5029,0.8655,0.2622,0.0756,155.87545585632324,471.3429892063141
FedAvg,1.0,rep5,3,2026-04-10 01:26:39,1.5382,0.5613,0.8915,0.1772,0.0354,159.42266249656677,630.7656517028809
FedAvg,1.0,rep5,4,2026-04-10 01:29:18,1.3631,0.5719,0.8987,0.144,0.0194,159.36939406394958,790.1350457668304
FedAvg,1.0,rep5,5,2026-04-10 01:31:57,1.2589,0.5786,0.9008,0.1314,0.0161,158.12795901298523,948.2630047798157
FedAvg,1.0,rep5,6,2026-04-10 01:34:36,1.1876,0.5962,0.903,0.1162,0.0151,159.78382968902588,1108.0468344688416
FedAvg,1.0,rep5,7,2026-04-10 01:37:15,1.1383,0.6071,0.9046,0.1142,0.0151,154.43780279159546,1262.484637260437
FedAvg,1.0,rep5,8,2026-04-10 01:39:50,1.1005,0.6148,0.9062,0.1127,0.0154,153.34465789794922,1415.8292951583862
FedAvg,1.0,rep5,9,2026-04-10 01:42:23,1.0665,0.625,0.9081,0.1131,0.016,165.99134016036987,1581.820635318756
FedAvg,1.0,rep5,10,2026-04-10 01:45:09,1.0368,0.6374,0.9099,0.1221,0.0172,160.90617895126343,1742.7268142700195
FedAvg,1.0,rep5,11,2026-04-10 01:47:50,1.012,0.647,0.9113,0.1245,0.0172,167.0975193977356,1909.8243336677551
FedAvg,1.0,rep5,12,2026-04-10 01:50:37,0.9925,0.655,0.9122,0.1329,0.0177,165.61277866363525,2075.4371123313904
FedAvg,1.0,rep5,13,2026-04-10 01:53:23,0.971,0.6617,0.9139,0.1413,0.0184,152.18738722801208,2227.6244995594025
FedAvg,1.0,rep5,14,2026-04-10 01:55:55,0.9533,0.6656,0.9148,0.1434,0.0189,135.17327165603638,2362.797771215439
FedAvg,1.0,rep5,15,2026-04-10 01:58:10,0.9389,0.6692,0.916,0.1464,0.0194,135.99125361442566,2498.7890248298645
FedAvg,1.0,rep5,16,2026-04-10 02:00:26,0.9238,0.6733,0.9169,0.1515,0.0198,135.8970763683319,2634.6861011981964
FedAvg,1.0,rep5,17,2026-04-10 02:02:42,0.9128,0.6741,0.9174,0.154,0.0204,133.5626881122589,2768.2487893104553
FedAvg,1.0,rep5,18,2026-04-10 02:04:56,0.9012,0.6771,0.9182,0.1558,0.0209,130.70698356628418,2898.9557728767395
FedAvg,1.0,rep5,19,2026-04-10 02:07:06,0.8882,0.679,0.9192,0.1562,0.0208,130.73132181167603,3029.6870946884155
FedAvg,1.0,rep5,20,2026-04-10 02:09:17,0.8771,0.683,0.9202,0.1585,0.0215,128.73464965820312,3158.4217443466187
FedAvg,1.0,rep5,21,2026-04-10 02:11:26,0.8716,0.6841,0.9205,0.1587,0.0211,133.55987691879272,3291.9816212654114
FedAvg,1.0,rep5,22,2026-04-10 02:13:39,0.863,0.6878,0.9212,0.1601,0.0212,131.7144956588745,3423.696116924286
FedAvg,1.0,rep5,23,2026-04-10 02:15:51,0.8563,0.6869,0.9214,0.1617,0.0217,132.72395062446594,3556.420067548752
FedAvg,1.0,rep5,24,2026-04-10 02:18:04,0.8535,0.6871,0.9216,0.162,0.0217,128.67136597633362,3685.0914335250854
FedAvg,1.0,rep5,25,2026-04-10 02:20:12,0.8426,0.6915,0.9224,0.161,0.0224,131.5017900466919,3816.5932235717773
FedAvg,1.0,rep5,26,2026-04-10 02:22:24,0.8364,0.6932,0.9229,0.162,0.0224,131.16547226905823,3947.7586958408356
FedAvg,1.0,rep5,27,2026-04-10 02:24:35,0.831,0.6946,0.9234,0.1638,0.0225,128.31718945503235,4076.075885295868
FedAvg,1.0,rep5,28,2026-04-10 02:26:43,0.8248,0.6951,0.9238,0.1637,0.0227,128.7900674343109,4204.865952730179
FedAvg,1.0,rep5,29,2026-04-10 02:28:52,0.8192,0.6967,0.9242,0.1623,0.0227,132.49182200431824,4337.357774734497
FedAvg,1.0,rep5,30,2026-04-10 02:31:05,0.8136,0.6991,0.9249,0.1612,0.0223,130.8882143497467,4468.245989084244
FedAvg,1.0,rep5,31,2026-04-10 02:33:16,0.8099,0.7003,0.9251,0.1609,0.022,129.25471234321594,4597.50070142746
FedAvg,1.0,rep5,32,2026-04-10 02:35:25,0.8067,0.6995,0.9252,0.1621,0.0222,134.99913907051086,4732.499840497971
FedAvg,1.0,rep5,33,2026-04-10 02:37:40,0.8028,0.7007,0.9255,0.1607,0.0224,137.22875499725342,4869.728595495224
FedAvg,1.0,rep5,34,2026-04-10 02:39:57,0.7995,0.7032,0.9257,0.1591,0.0223,126.94838881492615,4996.67698431015
FedAvg,1.0,rep5,35,2026-04-10 02:42:04,0.7974,0.7042,0.9259,0.1571,0.022,147.72833251953125,5144.405316829681
FedAvg,1.0,rep5,36,2026-04-10 02:44:32,0.7935,0.7037,0.9261,0.1601,0.0222,127.34769058227539,5271.753007411957
FedAvg,1.0,rep5,37,2026-04-10 02:46:39,0.7916,0.705,0.9261,0.1598,0.0224,128.93665647506714,5400.689663887024
FedAvg,1.0,rep5,38,2026-04-10 02:48:48,0.7856,0.7078,0.9266,0.1582,0.0216,127.6295747756958,5528.31923866272
FedAvg,1.0,rep5,39,2026-04-10 02:50:56,0.7816,0.7074,0.927,0.1579,0.022,126.30630493164062,5654.62554359436
FedAvg,1.0,rep5,40,2026-04-10 02:53:02,0.78,0.709,0.9271,0.1596,0.0222,126.60074067115784,5781.226284265518
FedAvg,1.0,rep5,41,2026-04-10 02:55:08,0.7789,0.709,0.9271,0.1563,0.0215,126.5352566242218,5907.76154088974
FedAvg,1.0,rep5,42,2026-04-10 02:57:15,0.7742,0.7109,0.9275,0.1608,0.0225,123.70479607582092,6031.466336965561
FedAvg,1.0,rep5,43,2026-04-10 02:59:19,0.7738,0.7103,0.9273,0.1577,0.0218,123.40772700309753,6154.874063968658
FedAvg,1.0,rep5,44,2026-04-10 03:01:22,0.7703,0.7127,0.9278,0.1601,0.0222,124.34203720092773,6279.216101169586
FedAvg,1.0,rep5,45,2026-04-10 03:03:26,0.7693,0.7125,0.9277,0.1601,0.0224,126.79950642585754,6406.015607595444
FedAvg,1.0,rep5,46,2026-04-10 03:05:33,0.7636,0.7129,0.9283,0.1607,0.0222,126.21990871429443,6532.235516309738
FedAvg,1.0,rep5,47,2026-04-10 03:07:40,0.76,0.7131,0.9284,0.1607,0.0225,124.8384177684784,6657.073934078217
FedAvg,1.0,rep5,48,2026-04-10 03:09:44,0.7601,0.7142,0.9284,0.1586,0.0222,124.39468193054199,6781.4686160087585
FedAvg,1.0,rep5,49,2026-04-10 03:11:49,0.7559,0.7161,0.9289,0.159,0.0221,125.30902242660522,6906.777638435364
FedAvg,1.0,rep5,50,2026-04-10 03:13:54,0.755,0.7161,0.9291,0.1574,0.0211,122.5615234375,7029.339161872864
FedProx,0.1,rep1,0,2026-04-10 07:01:15,2.3126,0.0569,0.4191,0.0872,0.1544,34.1874258518219,34.1874258518219
FedProx,0.1,rep1,1,2026-04-10 07:01:42,2.5437,0.2186,0.5537,0.3734,0.3377,26.402962684631348,60.59038853645325
FedProx,0.1,rep1,2,2026-04-10 07:02:08,3.9081,0.1989,0.5939,0.3978,0.274,25.86755919456482,86.45794773101807
FedProx,0.1,rep1,3,2026-04-10 07:02:35,2.1002,0.3079,0.6999,0.3963,0.2707,27.57096529006958,114.02891302108765
FedProx,0.1,rep1,4,2026-04-10 07:03:04,1.992,0.2782,0.7826,0.3795,0.2109,29.32302737236023,143.35194039344788
FedProx,0.1,rep1,5,2026-04-10 07:03:34,2.7373,0.2341,0.7356,0.3857,0.2283,30.42927575111389,173.78121614456177
FedProx,0.1,rep1,6,2026-04-10 07:04:05,1.5764,0.4174,0.8545,0.3771,0.1071,31.47127914428711,205.25249528884888
FedProx,0.1,rep1,7,2026-04-10 07:04:35,1.6297,0.4823,0.8263,0.3531,0.1583,29.08516764640808,234.33766293525696
FedProx,0.1,rep1,8,2026-04-10 07:05:04,1.6882,0.3965,0.8656,0.3642,0.0904,29.40615487098694,263.7438178062439
FedProx,0.1,rep1,9,2026-04-10 07:05:34,2.5414,0.3839,0.8247,0.4328,0.1353,29.67464518547058,293.4184629917145
FedProx,0.1,rep1,10,2026-04-10 07:06:04,1.8965,0.4367,0.8414,0.3716,0.1351,29.269218683242798,322.6876816749573
FedProx,0.1,rep1,11,2026-04-10 07:06:33,1.1246,0.5662,0.9,0.2888,0.0614,29.064751148223877,351.75243282318115
FedProx,0.1,rep1,12,2026-04-10 07:07:02,1.2813,0.5731,0.8847,0.2236,0.0706,28.991076946258545,380.7435097694397
FedProx,0.1,rep1,13,2026-04-10 07:07:30,1.1579,0.5807,0.9016,0.2839,0.063,28.99094820022583,409.7344579696655
FedProx,0.1,rep1,14,2026-04-10 07:08:00,1.2304,0.5514,0.8782,0.3085,0.1107,30.759909629821777,440.4943675994873
FedProx,0.1,rep1,15,2026-04-10 07:08:31,1.1789,0.5358,0.9086,0.3224,0.0501,30.77039885520935,471.26476645469666
FedProx,0.1,rep1,16,2026-04-10 07:09:02,1.3505,0.4917,0.9031,0.3118,0.0559,31.338114500045776,502.60288095474243
FedProx,0.1,rep1,17,2026-04-10 07:09:33,1.2028,0.5651,0.8981,0.3876,0.0803,30.757462739944458,533.3603436946869
FedProx,0.1,rep1,18,2026-04-10 07:10:04,1.4545,0.4433,0.8582,0.365,0.0955,30.51213812828064,563.8724818229675
FedProx,0.1,rep1,19,2026-04-10 07:10:34,1.2874,0.4746,0.9005,0.2962,0.0409,29.96513080596924,593.8376126289368
FedProx,0.1,rep1,20,2026-04-10 07:11:04,1.027,0.5981,0.9095,0.2829,0.0455,30.228565454483032,624.0661780834198
FedProx,0.1,rep1,21,2026-04-10 07:11:35,1.0292,0.605,0.9171,0.3427,0.0491,32.13619899749756,656.2023770809174
FedProx,0.1,rep1,22,2026-04-10 07:12:07,1.6385,0.4442,0.8849,0.3522,0.0925,31.780115842819214,687.9824929237366
FedProx,0.1,rep1,23,2026-04-10 07:12:38,1.0176,0.6209,0.9079,0.3109,0.0616,30.64976954460144,718.632262468338
FedProx,0.1,rep1,24,2026-04-10 07:13:09,1.1357,0.5214,0.9122,0.3314,0.0413,31.097660303115845,749.7299227714539
FedProx,0.1,rep1,25,2026-04-10 07:13:41,1.4953,0.4627,0.9,0.2732,0.0484,30.53499698638916,780.264919757843
FedProx,0.1,rep1,26,2026-04-10 07:14:12,1.7385,0.3762,0.8948,0.3275,0.0612,31.63707137107849,811.9019911289215
FedProx,0.1,rep1,27,2026-04-10 07:14:42,1.1014,0.5693,0.9039,0.3191,0.0764,30.765318870544434,842.6673099994659
FedProx,0.1,rep1,28,2026-04-10 07:15:14,1.1361,0.5834,0.8999,0.3064,0.0677,31.668508291244507,874.3358182907104
FedProx,0.1,rep1,29,2026-04-10 07:15:45,1.2039,0.5277,0.9003,0.313,0.0749,31.420812368392944,905.7566306591034
FedProx,0.1,rep1,30,2026-04-10 07:16:16,0.8296,0.6943,0.924,0.1827,0.0299,31.260789155960083,937.0174198150635
FedProx,0.1,rep1,31,2026-04-10 07:16:47,1.2422,0.4953,0.908,0.275,0.0497,31.751450538635254,968.7688703536987
FedProx,0.1,rep1,32,2026-04-10 07:17:20,0.9559,0.6721,0.9226,0.1897,0.0381,31.36658024787903,1000.1354506015778
FedProx,0.1,rep1,33,2026-04-10 07:17:51,0.9058,0.6513,0.9232,0.2301,0.0286,31.174039363861084,1031.3094899654388
FedProx,0.1,rep1,34,2026-04-10 07:18:22,1.6665,0.423,0.9003,0.3515,0.0614,31.932209253311157,1063.24169921875
FedProx,0.1,rep1,35,2026-04-10 07:18:54,1.5076,0.5014,0.9003,0.3115,0.0563,31.134363174438477,1094.3760623931885
FedProx,0.1,rep1,36,2026-04-10 07:19:25,1.1201,0.5429,0.8982,0.3217,0.0644,31.328331470489502,1125.704393863678
FedProx,0.1,rep1,37,2026-04-10 07:19:56,1.0443,0.5749,0.9042,0.3547,0.0675,30.439037561416626,1156.1434314250946
FedProx,0.1,rep1,38,2026-04-10 07:20:27,0.9169,0.6509,0.9173,0.2881,0.0482,31.006287097930908,1187.1497185230255
FedProx,0.1,rep1,39,2026-04-10 07:20:58,0.91,0.6677,0.9185,0.1907,0.0475,32.78449487686157,1219.934213399887
FedProx,0.1,rep1,40,2026-04-10 07:21:31,0.9401,0.6602,0.9153,0.2861,0.0568,31.598056077957153,1251.5322694778442
FedProx,0.1,rep1,41,2026-04-10 07:22:03,1.1882,0.5549,0.8885,0.3492,0.0827,31.668485164642334,1283.2007546424866
FedProx,0.1,rep1,42,2026-04-10 07:22:34,1.0465,0.5541,0.9211,0.2873,0.0346,32.02306413650513,1315.2238187789917
FedProx,0.1,rep1,43,2026-04-10 07:23:06,1.2078,0.5568,0.892,0.3325,0.0975,31.94273328781128,1347.166552066803
FedProx,0.1,rep1,44,2026-04-10 07:23:38,1.0736,0.563,0.9158,0.1919,0.0347,30.88127589225769,1378.0478279590607
FedProx,0.1,rep1,45,2026-04-10 07:24:09,1.2346,0.569,0.9028,0.3352,0.0711,31.951358556747437,1409.999186515808
FedProx,0.1,rep1,46,2026-04-10 07:24:41,1.0602,0.5969,0.8973,0.3024,0.0788,32.379772663116455,1442.3789591789246
FedProx,0.1,rep1,47,2026-04-10 07:25:13,0.9614,0.6134,0.9113,0.2618,0.0437,31.04509162902832,1473.4240508079529
FedProx,0.1,rep1,48,2026-04-10 07:25:44,0.8946,0.6505,0.9212,0.2908,0.0427,31.481096029281616,1504.9051468372345
FedProx,0.1,rep1,49,2026-04-10 07:26:16,1.2447,0.5821,0.9054,0.3913,0.0773,31.966503381729126,1536.8716502189636
FedProx,0.1,rep1,50,2026-04-10 07:26:48,1.4588,0.456,0.9084,0.3223,0.0533,31.698511600494385,1568.570161819458
FedProx,0.1,rep2,0,2026-04-10 07:27:42,2.3126,0.0569,0.4191,0.0872,0.1544,32.90946555137634,32.90946555137634
FedProx,0.1,rep2,1,2026-04-10 07:28:13,2.361,0.2049,0.6053,0.3039,0.354,31.05244016647339,63.96190571784973
FedProx,0.1,rep2,2,2026-04-10 07:28:44,1.8485,0.3446,0.8268,0.3413,0.1277,31.64864492416382,95.61055064201355
FedProx,0.1,rep2,3,2026-04-10 07:29:16,1.6423,0.3786,0.8325,0.3356,0.1257,32.32275724411011,127.93330788612366
FedProx,0.1,rep2,4,2026-04-10 07:29:48,1.8339,0.3438,0.7882,0.3702,0.1624,31.47748613357544,159.4107940196991
FedProx,0.1,rep2,5,2026-04-10 07:30:20,1.3341,0.4697,0.8767,0.268,0.0487,33.17549443244934,192.58628845214844
FedProx,0.1,rep2,6,2026-04-10 07:30:53,1.4966,0.4293,0.8398,0.3712,0.1451,33.104904890060425,225.69119334220886
FedProx,0.1,rep2,7,2026-04-10 07:31:26,2.4804,0.2354,0.8102,0.3695,0.1393,33.508894205093384,259.20008754730225
FedProx,0.1,rep2,8,2026-04-10 07:32:00,1.3622,0.4415,0.8762,0.3095,0.0701,32.69982433319092,291.89991188049316
FedProx,0.1,rep2,9,2026-04-10 07:32:33,1.6308,0.3713,0.8674,0.3447,0.0939,33.14928936958313,325.0492012500763
FedProx,0.1,rep2,10,2026-04-10 07:33:06,1.2366,0.483,0.893,0.2119,0.0509,33.03333520889282,358.0825364589691
FedProx,0.1,rep2,11,2026-04-10 07:33:39,1.4259,0.4508,0.8809,0.2647,0.0711,32.84203004837036,390.9245665073395
FedProx,0.1,rep2,12,2026-04-10 07:34:12,1.1517,0.5201,0.8974,0.2549,0.058,33.54054260253906,424.46510910987854
FedProx,0.1,rep2,13,2026-04-10 07:34:45,1.4673,0.5004,0.8784,0.3396,0.0678,32.865912199020386,457.3310213088989
FedProx,0.1,rep2,14,2026-04-10 07:35:18,1.2998,0.5067,0.8796,0.2872,0.0605,32.89272594451904,490.22374725341797
FedProx,0.1,rep2,15,2026-04-10 07:35:51,1.2145,0.5131,0.886,0.3204,0.0736,31.735028982162476,521.9587762355804
FedProx,0.1,rep2,16,2026-04-10 07:36:22,1.5471,0.4961,0.8479,0.3723,0.1428,31.26215386390686,553.2209300994873
FedProx,0.1,rep2,17,2026-04-10 07:36:54,1.0777,0.5463,0.9156,0.2652,0.034,32.376843214035034,585.5977733135223
FedProx,0.1,rep2,18,2026-04-10 07:37:27,1.0502,0.6248,0.9096,0.1683,0.049,32.3950879573822,617.9928612709045
FedProx,0.1,rep2,19,2026-04-10 07:37:59,1.1115,0.5641,0.8885,0.3338,0.0856,33.49378037452698,651.4866416454315
FedProx,0.1,rep2,20,2026-04-10 07:38:32,1.0188,0.6134,0.9016,0.2755,0.0614,31.968567609786987,683.4552092552185
FedProx,0.1,rep2,21,2026-04-10 07:39:04,1.3256,0.4979,0.8686,0.3798,0.102,32.41256380081177,715.8677730560303
FedProx,0.1,rep2,22,2026-04-10 07:39:37,1.3837,0.5175,0.8836,0.3848,0.1076,33.65901160240173,749.526784658432
FedProx,0.1,rep2,23,2026-04-10 07:40:10,0.9348,0.657,0.9216,0.2269,0.0345,31.982123613357544,781.5089082717896
FedProx,0.1,rep2,24,2026-04-10 07:40:42,0.972,0.6271,0.9161,0.251,0.0438,31.852107763290405,813.36101603508
FedProx,0.1,rep2,25,2026-04-10 07:41:14,1.0092,0.6025,0.9205,0.2999,0.0487,32.34114599227905,845.702162027359
FedProx,0.1,rep2,26,2026-04-10 07:41:46,1.0706,0.5737,0.9077,0.2655,0.0558,31.972567796707153,877.6747298240662
FedProx,0.1,rep2,27,2026-04-10 07:42:18,1.0865,0.5912,0.9073,0.2686,0.0559,31.22347068786621,908.8982005119324
FedProx,0.1,rep2,28,2026-04-10 07:42:50,0.9498,0.6324,0.9107,0.2589,0.051,32.12425994873047,941.0224604606628
FedProx,0.1,rep2,29,2026-04-10 07:43:22,0.9066,0.6637,0.9225,0.1136,0.0183,33.22947382926941,974.2519342899323
FedProx,0.1,rep2,30,2026-04-10 07:43:55,0.8681,0.6538,0.917,0.2301,0.0397,32.5786509513855,1006.8305852413177
FedProx,0.1,rep2,31,2026-04-10 07:44:27,1.7431,0.4739,0.8845,0.2692,0.0788,32.328381299972534,1039.1589665412903
FedProx,0.1,rep2,32,2026-04-10 07:45:00,0.8606,0.6679,0.9251,0.1338,0.0192,33.14795923233032,1072.3069257736206
FedProx,0.1,rep2,33,2026-04-10 07:45:33,0.8775,0.6963,0.9262,0.2083,0.0378,31.995272874832153,1104.3021986484528
FedProx,0.1,rep2,34,2026-04-10 07:46:05,0.8988,0.6547,0.9148,0.2592,0.0502,32.12721085548401,1136.4294095039368
FedProx,0.1,rep2,35,2026-04-10 07:46:37,1.0339,0.6471,0.9201,0.2444,0.0473,31.96578574180603,1168.3951952457428
FedProx,0.1,rep2,36,2026-04-10 07:47:09,0.8972,0.6837,0.9221,0.2376,0.0484,32.28288912773132,1200.6780843734741
FedProx,0.1,rep2,37,2026-04-10 07:47:42,1.0659,0.5537,0.9211,0.2824,0.0361,32.2218918800354,1232.8999762535095
FedProx,0.1,rep2,38,2026-04-10 07:48:15,1.3675,0.5334,0.8962,0.3617,0.0892,33.60687279701233,1266.5068490505219
FedProx,0.1,rep2,39,2026-04-10 07:48:47,1.22,0.6395,0.8981,0.3257,0.0842,31.906062841415405,1298.4129118919373
FedProx,0.1,rep2,40,2026-04-10 07:49:20,0.8921,0.6769,0.9208,0.2626,0.0454,32.59633541107178,1331.009247303009
FedProx,0.1,rep2,41,2026-04-10 07:49:52,1.1903,0.5814,0.9061,0.3692,0.0797,32.422608375549316,1363.4318556785583
FedProx,0.1,rep2,42,2026-04-10 07:50:24,1.132,0.6394,0.9095,0.3333,0.0912,33.15010666847229,1396.5819623470306
FedProx,0.1,rep2,43,2026-04-10 07:50:57,1.3329,0.5745,0.8936,0.3484,0.0844,33.14721727371216,1429.7291796207428
FedProx,0.1,rep2,44,2026-04-10 07:51:31,1.4617,0.527,0.9042,0.3057,0.0533,32.49799036979675,1462.2271699905396
FedProx,0.1,rep2,45,2026-04-10 07:52:02,1.0838,0.5684,0.8995,0.3717,0.0829,32.094820737838745,1494.3219907283783
FedProx,0.1,rep2,46,2026-04-10 07:52:35,1.0337,0.6304,0.9202,0.2639,0.0505,32.99862265586853,1527.3206133842468
FedProx,0.1,rep2,47,2026-04-10 07:53:08,0.8502,0.6739,0.9292,0.2182,0.034,32.76577353477478,1560.0863869190216
FedProx,0.1,rep2,48,2026-04-10 07:53:42,1.285,0.5757,0.9155,0.2191,0.0447,34.47870993614197,1594.5650968551636
FedProx,0.1,rep2,49,2026-04-10 07:54:15,1.055,0.6058,0.9062,0.2935,0.063,32.25731706619263,1626.8224139213562
FedProx,0.1,rep2,50,2026-04-10 07:54:48,0.8978,0.6598,0.9258,0.169,0.0289,33.24587392807007,1660.0682878494263
FedProx,0.1,rep3,0,2026-04-10 07:55:49,2.3126,0.0569,0.4191,0.0872,0.1544,39.52868986129761,39.52868986129761
FedProx,0.1,rep3,1,2026-04-10 07:56:27,2.2105,0.1931,0.6396,0.3861,0.2907,38.56024169921875,78.08893156051636
FedProx,0.1,rep3,2,2026-04-10 07:57:06,2.0268,0.3371,0.7132,0.2903,0.3006,40.716717004776,118.80564856529236
FedProx,0.1,rep3,3,2026-04-10 07:57:48,1.8232,0.3342,0.7783,0.3379,0.2707,39.964659214019775,158.77030777931213
FedProx,0.1,rep3,4,2026-04-10 07:58:27,1.8809,0.3832,0.7559,0.3476,0.1988,39.30994009971619,198.08024787902832
FedProx,0.1,rep3,5,2026-04-10 07:59:07,1.6848,0.3279,0.81,0.3915,0.1276,42.384334087371826,240.46458196640015
FedProx,0.1,rep3,6,2026-04-10 07:59:49,1.6184,0.3463,0.8493,0.3323,0.1021,41.00651168823242,281.47109365463257
FedProx,0.1,rep3,7,2026-04-10 08:00:30,1.4721,0.3747,0.8694,0.3306,0.0927,41.38568639755249,322.85678005218506
FedProx,0.1,rep3,8,2026-04-10 08:01:11,2.2051,0.3279,0.8441,0.3594,0.1027,40.28520965576172,363.1419897079468
FedProx,0.1,rep3,9,2026-04-10 08:01:52,1.2531,0.5019,0.8943,0.243,0.0526,40.31866788864136,403.46065759658813
FedProx,0.1,rep3,10,2026-04-10 08:02:32,1.0578,0.6334,0.9115,0.1316,0.0159,40.10366868972778,443.5643262863159
FedProx,0.1,rep3,11,2026-04-10 08:03:13,1.808,0.4607,0.8387,0.3771,0.1277,42.08840894699097,485.6527352333069
FedProx,0.1,rep3,12,2026-04-10 08:03:54,1.243,0.5051,0.8784,0.3159,0.0791,40.713345527648926,526.3660807609558
FedProx,0.1,rep3,13,2026-04-10 08:04:34,1.418,0.5019,0.8757,0.3118,0.0992,39.30029273033142,565.6663734912872
FedProx,0.1,rep3,14,2026-04-10 08:05:16,1.4698,0.4434,0.8735,0.3153,0.1018,42.08637547492981,607.752748966217
FedProx,0.1,rep3,15,2026-04-10 08:05:55,1.6748,0.3889,0.8388,0.3615,0.1128,40.570701599121094,648.3234505653381
FedProx,0.1,rep3,16,2026-04-10 08:06:36,1.2411,0.5532,0.8858,0.2941,0.1032,40.77478361129761,689.0982341766357
FedProx,0.1,rep3,17,2026-04-10 08:07:18,1.161,0.5827,0.8916,0.3311,0.0836,40.43467354774475,729.5329077243805
FedProx,0.1,rep3,18,2026-04-10 08:07:59,1.733,0.3991,0.8808,0.3537,0.0881,42.67460560798645,772.207513332367
FedProx,0.1,rep3,19,2026-04-10 08:08:41,1.219,0.5457,0.9034,0.3016,0.0679,40.33400559425354,812.5415189266205
FedProx,0.1,rep3,20,2026-04-10 08:09:22,1.3341,0.4734,0.8737,0.3935,0.0908,41.46988010406494,854.0113990306854
FedProx,0.1,rep3,21,2026-04-10 08:10:04,1.2159,0.5243,0.9024,0.2348,0.0359,42.208831548690796,896.2202305793762
FedProx,0.1,rep3,22,2026-04-10 08:10:45,1.2051,0.5237,0.8919,0.3427,0.0739,40.93412637710571,937.1543569564819
FedProx,0.1,rep3,23,2026-04-10 08:11:28,2.0308,0.3323,0.8764,0.3708,0.0881,42.00526738166809,979.15962433815
FedProx,0.1,rep3,24,2026-04-10 08:12:09,1.1227,0.5649,0.9016,0.2923,0.0757,41.889636516571045,1021.0492608547211
FedProx,0.1,rep3,25,2026-04-10 08:12:49,1.0527,0.5594,0.9014,0.2993,0.0531,40.04655885696411,1061.0958197116852
FedProx,0.1,rep3,26,2026-04-10 08:13:31,1.109,0.5993,0.9038,0.329,0.0715,42.291523694992065,1103.3873434066772
FedProx,0.1,rep3,27,2026-04-10 08:14:14,1.4572,0.4688,0.8708,0.3804,0.0918,43.03910303115845,1146.4264464378357
FedProx,0.1,rep3,28,2026-04-10 08:14:56,0.9597,0.6256,0.9088,0.2531,0.0446,40.271933794021606,1186.6983802318573
FedProx,0.1,rep3,29,2026-04-10 08:15:35,1.2837,0.5528,0.8959,0.3134,0.0946,40.194579124450684,1226.892959356308
FedProx,0.1,rep3,30,2026-04-10 08:16:16,1.3506,0.5502,0.8938,0.3471,0.0826,41.05070114135742,1267.9436604976654
FedProx,0.1,rep3,31,2026-04-10 08:16:57,1.2989,0.5578,0.879,0.3731,0.1188,42.51453399658203,1310.4581944942474
FedProx,0.1,rep3,32,2026-04-10 08:17:40,1.0951,0.6046,0.9038,0.3226,0.0745,43.05418872833252,1353.51238322258
FedProx,0.1,rep3,33,2026-04-10 08:18:23,0.9242,0.661,0.9177,0.2035,0.0473,43.17174983024597,1396.684133052826
FedProx,0.1,rep3,34,2026-04-10 08:19:06,1.235,0.5751,0.9032,0.3039,0.0616,41.129661321640015,1437.813794374466
FedProx,0.1,rep3,35,2026-04-10 08:19:47,1.7363,0.427,0.889,0.3782,0.0888,41.50297427177429,1479.3167686462402
FedProx,0.1,rep3,36,2026-04-10 08:20:28,1.125,0.5713,0.8971,0.3646,0.0806,40.93940711021423,1520.2561757564545
FedProx,0.1,rep3,37,2026-04-10 08:21:11,1.0235,0.5744,0.9071,0.3254,0.067,42.0948646068573,1562.3510403633118
FedProx,0.1,rep3,38,2026-04-10 08:21:53,1.9932,0.4054,0.892,0.3871,0.0757,42.40969395637512,1604.760734319687
FedProx,0.1,rep3,39,2026-04-10 08:22:33,1.2073,0.5662,0.9081,0.312,0.0685,40.48954391479492,1645.2502782344818
FedProx,0.1,rep3,40,2026-04-10 08:23:16,0.9114,0.6507,0.9171,0.2712,0.0469,41.77600336074829,1687.02628159523
FedProx,0.1,rep3,41,2026-04-10 08:23:56,0.918,0.623,0.9165,0.2757,0.0473,41.2377655506134,1728.2640471458435
FedProx,0.1,rep3,42,2026-04-10 08:24:38,1.4705,0.4821,0.9097,0.3035,0.0474,42.25983786582947,1770.523885011673
FedProx,0.1,rep3,43,2026-04-10 08:25:21,1.2539,0.553,0.8819,0.3977,0.109,42.92125201225281,1813.4451370239258
FedProx,0.1,rep3,44,2026-04-10 08:26:03,1.3227,0.5642,0.888,0.3775,0.0915,41.36218547821045,1854.8073225021362
FedProx,0.1,rep3,45,2026-04-10 08:26:44,0.8088,0.7018,0.9304,0.1588,0.0189,41.087684631347656,1895.895007133484
FedProx,0.1,rep3,46,2026-04-10 08:27:24,0.9156,0.6151,0.9204,0.2086,0.0308,38.86323428153992,1934.7582414150238
FedProx,0.1,rep3,47,2026-04-10 08:28:04,0.8538,0.6815,0.9229,0.2613,0.0436,41.59924244880676,1976.3574838638306
FedProx,0.1,rep3,48,2026-04-10 08:28:45,1.1952,0.5982,0.902,0.409,0.0877,40.13803267478943,2016.49551653862
FedProx,0.1,rep3,49,2026-04-10 08:29:25,0.8722,0.6685,0.9186,0.222,0.0411,40.671265840530396,2057.1667823791504
FedProx,0.1,rep3,50,2026-04-10 08:30:05,1.1524,0.5607,0.9122,0.4015,0.0703,40.2044198513031,2097.3712022304535
FedProx,0.1,rep4,0,2026-04-10 08:31:14,2.3126,0.0569,0.4191,0.0872,0.1544,41.32558846473694,41.32558846473694
FedProx,0.1,rep4,1,2026-04-10 08:31:52,2.3937,0.2982,0.6188,0.2793,0.3715,37.89480972290039,79.22039818763733
FedProx,0.1,rep4,2,2026-04-10 08:32:28,2.4526,0.199,0.697,0.3979,0.1933,34.073678731918335,113.29407691955566
FedProx,0.1,rep4,3,2026-04-10 08:33:01,1.7864,0.379,0.7556,0.3765,0.2451,34.47610425949097,147.77018117904663
FedProx,0.1,rep4,4,2026-04-10 08:33:36,1.5701,0.3798,0.8316,0.3487,0.168,33.76627588272095,181.53645706176758
FedProx,0.1,rep4,5,2026-04-10 08:34:09,1.6471,0.3833,0.8405,0.3851,0.1086,32.764809370040894,214.30126643180847
FedProx,0.1,rep4,6,2026-04-10 08:34:42,2.2666,0.2681,0.8248,0.3698,0.1087,33.34457063674927,247.64583706855774
FedProx,0.1,rep4,7,2026-04-10 08:35:15,1.7555,0.3655,0.8466,0.3171,0.0993,33.1669602394104,280.81279730796814
FedProx,0.1,rep4,8,2026-04-10 08:35:49,1.2657,0.5362,0.8866,0.188,0.0604,33.95589780807495,314.7686951160431
FedProx,0.1,rep4,9,2026-04-10 08:36:23,1.2393,0.5605,0.8852,0.1817,0.061,33.814494609832764,348.58318972587585
FedProx,0.1,rep4,10,2026-04-10 08:36:56,1.2888,0.5312,0.8803,0.3258,0.1002,33.707868337631226,382.2910580635071
FedProx,0.1,rep4,11,2026-04-10 08:37:31,1.2463,0.5214,0.8773,0.2717,0.0642,35.20590591430664,417.4969639778137
FedProx,0.1,rep4,12,2026-04-10 08:38:05,1.4989,0.5113,0.8714,0.2414,0.0936,34.388083696365356,451.8850476741791
FedProx,0.1,rep4,13,2026-04-10 08:38:40,1.2406,0.5058,0.8959,0.2725,0.0721,34.16075015068054,486.0457978248596
FedProx,0.1,rep4,14,2026-04-10 08:39:13,1.0871,0.5778,0.8936,0.2796,0.0688,33.22862482070923,519.2744226455688
FedProx,0.1,rep4,15,2026-04-10 08:39:47,1.1429,0.5968,0.896,0.2226,0.0546,33.044347047805786,552.3187696933746
FedProx,0.1,rep4,16,2026-04-10 08:40:20,2.1093,0.4151,0.8072,0.3861,0.1482,33.29487729072571,585.6136469841003
FedProx,0.1,rep4,17,2026-04-10 08:40:54,1.6293,0.4851,0.8414,0.3843,0.1461,35.31071734428406,620.9243643283844
FedProx,0.1,rep4,18,2026-04-10 08:41:29,1.7458,0.377,0.8767,0.3474,0.0883,33.936606645584106,654.8609709739685
FedProx,0.1,rep4,19,2026-04-10 08:42:03,1.0592,0.5942,0.9019,0.2084,0.0362,34.45646786689758,689.3174388408661
FedProx,0.1,rep4,20,2026-04-10 08:42:37,1.323,0.5276,0.8949,0.3323,0.0653,33.348721742630005,722.6661605834961
FedProx,0.1,rep4,21,2026-04-10 08:43:10,1.4068,0.4655,0.8971,0.2667,0.0535,32.94552946090698,755.6116900444031
FedProx,0.1,rep4,22,2026-04-10 08:43:44,1.0275,0.541,0.9138,0.2199,0.0251,33.86524415016174,789.4769341945648
FedProx,0.1,rep4,23,2026-04-10 08:44:19,1.1863,0.5231,0.8928,0.3277,0.0694,35.200111389160156,824.677045583725
FedProx,0.1,rep4,24,2026-04-10 08:44:53,1.2921,0.4651,0.881,0.4059,0.0863,33.86145496368408,858.5385005474091
FedProx,0.1,rep4,25,2026-04-10 08:45:27,0.9755,0.6487,0.9099,0.2848,0.0573,34.113821029663086,892.6523215770721
FedProx,0.1,rep4,26,2026-04-10 08:46:04,1.0002,0.5913,0.9112,0.2847,0.045,37.46052622795105,930.1128478050232
FedProx,0.1,rep4,27,2026-04-10 08:46:38,1.0363,0.6015,0.908,0.3298,0.0698,33.71673846244812,963.8295862674713
FedProx,0.1,rep4,28,2026-04-10 08:47:13,0.8837,0.6651,0.9208,0.2334,0.0369,36.66854643821716,1000.4981327056885
FedProx,0.1,rep4,29,2026-04-10 08:47:49,1.1456,0.6083,0.8943,0.2335,0.0744,35.253544092178345,1035.7516767978668
FedProx,0.1,rep4,30,2026-04-10 08:48:24,0.9796,0.6118,0.9122,0.2499,0.0434,33.762370347976685,1069.5140471458435
FedProx,0.1,rep4,31,2026-04-10 08:48:57,0.8562,0.6802,0.9255,0.1925,0.0227,33.03607225418091,1102.5501194000244
FedProx,0.1,rep4,32,2026-04-10 08:49:30,0.9799,0.6135,0.9193,0.3309,0.0445,33.27680802345276,1135.8269274234772
FedProx,0.1,rep4,33,2026-04-10 08:50:03,0.9906,0.6321,0.9136,0.2164,0.0416,33.915071964263916,1169.741999387741
FedProx,0.1,rep4,34,2026-04-10 08:50:37,1.2998,0.5133,0.8853,0.3369,0.068,33.93771266937256,1203.6797120571136
FedProx,0.1,rep4,35,2026-04-10 08:51:12,1.4706,0.4775,0.8867,0.3604,0.0838,34.194538831710815,1237.8742508888245
FedProx,0.1,rep4,36,2026-04-10 08:51:47,1.0716,0.5535,0.9028,0.3489,0.0626,35.665353298187256,1273.5396041870117
FedProx,0.1,rep4,37,2026-04-10 08:52:21,1.049,0.5842,0.9147,0.3694,0.0589,33.461923360824585,1307.0015275478363
FedProx,0.1,rep4,38,2026-04-10 08:52:55,0.8546,0.6982,0.9281,0.2225,0.0362,36.19331073760986,1343.1948382854462
FedProx,0.1,rep4,39,2026-04-10 08:53:33,1.1293,0.644,0.9066,0.3108,0.0791,35.64108324050903,1378.8359215259552
FedProx,0.1,rep4,40,2026-04-10 08:54:08,1.0717,0.5943,0.9071,0.3163,0.0621,34.77951121330261,1413.6154327392578
FedProx,0.1,rep4,41,2026-04-10 08:54:41,0.9255,0.6272,0.9176,0.2799,0.0538,33.910882234573364,1447.5263149738312
FedProx,0.1,rep4,42,2026-04-10 08:55:16,1.1824,0.5677,0.9022,0.2674,0.0508,34.65122199058533,1482.1775369644165
FedProx,0.1,rep4,43,2026-04-10 08:55:51,0.8355,0.687,0.93,0.2024,0.0236,35.634560108184814,1517.8120970726013
FedProx,0.1,rep4,44,2026-04-10 08:56:26,1.0322,0.6109,0.9091,0.346,0.0677,33.990177392959595,1551.802274465561
FedProx,0.1,rep4,45,2026-04-10 08:56:59,0.9234,0.6345,0.9256,0.3182,0.0476,33.724672079086304,1585.5269465446472
FedProx,0.1,rep4,46,2026-04-10 08:57:33,1.7714,0.4355,0.8879,0.3803,0.0827,33.50829029083252,1619.0352368354797
FedProx,0.1,rep4,47,2026-04-10 08:58:06,1.1991,0.6418,0.9064,0.2983,0.0846,33.41822266578674,1652.4534595012665
FedProx,0.1,rep4,48,2026-04-10 08:58:40,1.0396,0.5963,0.9067,0.2889,0.0573,33.50505709648132,1685.9585165977478
FedProx,0.1,rep4,49,2026-04-10 08:59:16,0.8977,0.6298,0.9197,0.2847,0.048,36.11452889442444,1722.0730454921722
FedProx,0.1,rep4,50,2026-04-10 08:59:52,0.778,0.709,0.933,0.184,0.0219,37.65062117576599,1759.7236666679382
FedProx,0.1,rep5,0,2026-04-10 09:00:49,2.3126,0.0569,0.4191,0.0872,0.1544,34.37410831451416,34.37410831451416
FedProx,0.1,rep5,1,2026-04-10 09:01:23,2.4774,0.1983,0.5497,0.3966,0.3035,35.06488919258118,69.43899750709534
FedProx,0.1,rep5,2,2026-04-10 09:02:00,2.056,0.3194,0.702,0.339,0.3195,35.229315519332886,104.66831302642822
FedProx,0.1,rep5,3,2026-04-10 09:02:33,1.7559,0.3692,0.7785,0.3702,0.2017,34.228358030319214,138.89667105674744
FedProx,0.1,rep5,4,2026-04-10 09:03:09,2.0005,0.3615,0.7398,0.4464,0.2286,34.7638680934906,173.66053915023804
FedProx,0.1,rep5,5,2026-04-10 09:03:44,3.1657,0.2316,0.7437,0.3809,0.223,35.78339719772339,209.44393634796143
FedProx,0.1,rep5,6,2026-04-10 09:04:19,1.818,0.3463,0.7886,0.3491,0.1588,34.23737287521362,243.68130922317505
FedProx,0.1,rep5,7,2026-04-10 09:04:52,1.322,0.5695,0.8734,0.3313,0.1102,33.64208626747131,277.32339549064636
FedProx,0.1,rep5,8,2026-04-10 09:05:26,1.7652,0.3953,0.8531,0.3068,0.1389,34.002628564834595,311.32602405548096
FedProx,0.1,rep5,9,2026-04-10 09:06:00,2.1039,0.3762,0.797,0.4428,0.1951,33.60917520523071,344.93519926071167
FedProx,0.1,rep5,10,2026-04-10 09:06:36,1.7325,0.4142,0.8222,0.3295,0.1343,37.504546880722046,382.4397461414337
FedProx,0.1,rep5,11,2026-04-10 09:07:13,1.2506,0.5112,0.8908,0.3301,0.0687,35.76341652870178,418.2031626701355
FedProx,0.1,rep5,12,2026-04-10 09:07:47,1.0815,0.5751,0.9063,0.3166,0.0485,33.8358039855957,452.0389666557312
FedProx,0.1,rep5,13,2026-04-10 09:08:21,1.2503,0.5646,0.8804,0.3862,0.1196,34.13786292076111,486.1768295764923
FedProx,0.1,rep5,14,2026-04-10 09:08:55,1.6645,0.5028,0.8595,0.4176,0.1497,33.98695969581604,520.1637892723083
FedProx,0.1,rep5,15,2026-04-10 09:09:29,1.0625,0.5595,0.9048,0.2847,0.0427,34.099528789520264,554.2633180618286
FedProx,0.1,rep5,16,2026-04-10 09:10:03,1.1875,0.5787,0.8914,0.3273,0.0719,33.929738998413086,588.1930570602417
FedProx,0.1,rep5,17,2026-04-10 09:10:38,1.3074,0.5159,0.8781,0.3499,0.1023,34.68399000167847,622.8770470619202
FedProx,0.1,rep5,18,2026-04-10 09:11:12,1.5455,0.4604,0.8707,0.352,0.0957,34.777631521224976,657.6546785831451
FedProx,0.1,rep5,19,2026-04-10 09:11:48,1.5384,0.4672,0.9008,0.3348,0.057,36.805646657943726,694.4603252410889
FedProx,0.1,rep5,20,2026-04-10 09:12:27,1.1069,0.6102,0.897,0.3154,0.0738,37.27152943611145,731.7318546772003
FedProx,0.1,rep5,21,2026-04-10 09:13:03,1.2627,0.5854,0.8988,0.3307,0.088,36.174591064453125,767.9064457416534
FedProx,0.1,rep5,22,2026-04-10 09:13:37,1.1037,0.5323,0.908,0.3218,0.0497,34.3895468711853,802.2959926128387
FedProx,0.1,rep5,23,2026-04-10 09:14:12,1.3307,0.527,0.8763,0.3852,0.1137,34.586641788482666,836.8826344013214
FedProx,0.1,rep5,24,2026-04-10 09:14:48,0.8762,0.6653,0.9178,0.1947,0.0324,35.74488186836243,872.6275162696838
FedProx,0.1,rep5,25,2026-04-10 09:15:24,1.0613,0.5829,0.9077,0.396,0.0721,36.39445877075195,909.0219750404358
FedProx,0.1,rep5,26,2026-04-10 09:16:02,0.9624,0.6428,0.9061,0.288,0.0644,39.324546813964844,948.3465218544006
FedProx,0.1,rep5,27,2026-04-10 09:16:40,1.7252,0.4469,0.8914,0.32,0.0788,38.35604691505432,986.702568769455
FedProx,0.1,rep5,28,2026-04-10 09:17:17,1.1626,0.5304,0.8875,0.3551,0.0843,35.11057996749878,1021.8131487369537
FedProx,0.1,rep5,29,2026-04-10 09:17:52,1.8465,0.4062,0.8676,0.4117,0.0945,35.14161944389343,1056.9547681808472
FedProx,0.1,rep5,30,2026-04-10 09:18:27,1.0373,0.5787,0.9052,0.2636,0.0463,35.1195330619812,1092.0743012428284
FedProx,0.1,rep5,31,2026-04-10 09:19:02,0.9973,0.6138,0.9188,0.1876,0.0395,36.3322594165802,1128.4065606594086
FedProx,0.1,rep5,32,2026-04-10 09:19:38,1.0135,0.5769,0.9165,0.1782,0.0312,34.76591467857361,1163.1724753379822
FedProx,0.1,rep5,33,2026-04-10 09:20:12,1.139,0.5642,0.9159,0.3719,0.0565,36.17706751823425,1199.3495428562164
FedProx,0.1,rep5,34,2026-04-10 09:20:50,0.8394,0.683,0.9262,0.1904,0.0302,35.62138533592224,1234.9709281921387
FedProx,0.1,rep5,35,2026-04-10 09:21:27,0.8495,0.6473,0.9249,0.2182,0.0206,37.495280027389526,1272.4662082195282
FedProx,0.1,rep5,36,2026-04-10 09:22:01,0.9225,0.6439,0.9207,0.252,0.0411,34.444883584976196,1306.9110918045044
FedProx,0.1,rep5,37,2026-04-10 09:22:36,2.0974,0.3895,0.8949,0.3428,0.0531,34.45529770851135,1341.3663895130157
FedProx,0.1,rep5,38,2026-04-10 09:23:10,0.9169,0.6846,0.9251,0.1977,0.0395,34.648194313049316,1376.014583826065
FedProx,0.1,rep5,39,2026-04-10 09:23:45,0.8356,0.6529,0.9257,0.1774,0.0199,34.61854434013367,1410.6331281661987
FedProx,0.1,rep5,40,2026-04-10 09:24:20,0.8736,0.6539,0.9174,0.2464,0.0449,34.631754636764526,1445.2648828029633
FedProx,0.1,rep5,41,2026-04-10 09:24:54,0.8616,0.6825,0.9278,0.2682,0.0424,34.51303791999817,1479.7779207229614
FedProx,0.1,rep5,42,2026-04-10 09:25:29,1.1381,0.6333,0.9129,0.2819,0.0586,34.672542095184326,1514.4504628181458
FedProx,0.1,rep5,43,2026-04-10 09:26:04,0.8322,0.692,0.9243,0.1929,0.0241,34.96508812904358,1549.4155509471893
FedProx,0.1,rep5,44,2026-04-10 09:26:39,0.951,0.6403,0.9123,0.2238,0.0418,34.74605679512024,1584.1616077423096
FedProx,0.1,rep5,45,2026-04-10 09:27:14,1.3751,0.4884,0.9092,0.3488,0.0524,48.55154085159302,1632.7131485939026
FedProx,0.1,rep5,46,2026-04-10 09:29:08,2.5277,0.3765,0.8915,0.3545,0.0642,123.30208325386047,1756.015231847763
FedProx,0.1,rep5,47,2026-04-10 09:30:20,1.1302,0.6731,0.91,0.2805,0.0697,54.923497438430786,1810.9387292861938
FedProx,0.1,rep5,48,2026-04-10 09:31:12,0.9126,0.6894,0.9264,0.2632,0.0477,50.32616400718689,1861.2648932933807
FedProx,0.1,rep5,49,2026-04-10 09:32:03,1.2424,0.5449,0.9099,0.2442,0.0543,50.6459059715271,1911.9107992649078
FedProx,0.1,rep5,50,2026-04-10 09:32:59,0.8016,0.6865,0.9241,0.1848,0.029,57.78317403793335,1969.6939733028412
FedProx,0.25,rep1,0,2026-04-10 09:34:27,2.3126,0.0569,0.4191,0.0872,0.1544,100.02554512023926,100.02554512023926
FedProx,0.25,rep1,1,2026-04-10 09:35:45,2.2624,0.2163,0.6038,0.3189,0.3119,59.52326774597168,159.54881286621094
FedProx,0.25,rep1,2,2026-04-10 09:36:43,1.9377,0.371,0.7595,0.357,0.2161,59.98393797874451,219.53275084495544
FedProx,0.25,rep1,3,2026-04-10 09:37:43,1.6223,0.3382,0.8575,0.3234,0.081,66.12098979949951,285.65374064445496
FedProx,0.25,rep1,4,2026-04-10 09:38:48,1.7194,0.3051,0.8306,0.3396,0.1041,59.71419095993042,345.3679316043854
FedProx,0.25,rep1,5,2026-04-10 09:39:51,1.3628,0.5129,0.8731,0.2779,0.0808,60.40226602554321,405.7701976299286
FedProx,0.25,rep1,6,2026-04-10 09:40:51,1.4438,0.3982,0.8664,0.3615,0.0895,60.11666560173035,465.88686323165894
FedProx,0.25,rep1,7,2026-04-10 09:41:50,1.1894,0.5262,0.8937,0.2321,0.0463,58.81834411621094,524.7052073478699
FedProx,0.25,rep1,8,2026-04-10 09:42:51,1.1385,0.5686,0.8969,0.2016,0.0382,62.930083990097046,587.6352913379669
FedProx,0.25,rep1,9,2026-04-10 09:43:53,1.4547,0.4716,0.8532,0.3719,0.1251,62.23502326011658,649.8703145980835
FedProx,0.25,rep1,10,2026-04-10 09:44:57,1.2263,0.5115,0.8891,0.3143,0.0623,64.41978812217712,714.2901027202606
FedProx,0.25,rep1,11,2026-04-10 09:46:00,1.1278,0.5309,0.8978,0.2525,0.0464,69.01082849502563,783.3009312152863
FedProx,0.25,rep1,12,2026-04-10 09:47:11,1.3159,0.539,0.8847,0.2289,0.0636,67.197749376297,850.4986805915833
FedProx,0.25,rep1,13,2026-04-10 09:48:17,1.1023,0.6361,0.9013,0.2534,0.0642,62.247421741485596,912.7461023330688
FedProx,0.25,rep1,14,2026-04-10 09:49:16,1.2264,0.5846,0.8882,0.3464,0.0978,58.448020935058594,971.1941232681274
FedProx,0.25,rep1,15,2026-04-10 09:50:11,0.9998,0.6105,0.9166,0.28,0.038,55.186503171920776,1026.3806264400482
FedProx,0.25,rep1,16,2026-04-10 09:51:07,1.1044,0.5291,0.9005,0.2938,0.0559,58.7020103931427,1085.082636833191
FedProx,0.25,rep1,17,2026-04-10 09:52:05,1.111,0.5547,0.9046,0.3301,0.0675,53.6446259021759,1138.7272627353668
FedProx,0.25,rep1,18,2026-04-10 09:52:58,0.9274,0.6626,0.9182,0.1656,0.0215,53.4190993309021,1192.146362066269
FedProx,0.25,rep1,19,2026-04-10 09:53:52,1.1328,0.5519,0.9039,0.2804,0.0646,52.36517381668091,1244.5115358829498
FedProx,0.25,rep1,20,2026-04-10 09:54:44,1.0359,0.6095,0.9021,0.3207,0.0751,54.70586061477661,1299.2173964977264
FedProx,0.25,rep1,21,2026-04-10 09:55:39,1.1986,0.5276,0.8844,0.3696,0.0942,55.40584707260132,1354.6232435703278
FedProx,0.25,rep1,22,2026-04-10 09:56:35,1.1042,0.5557,0.8974,0.346,0.0709,55.10281229019165,1409.7260558605194
FedProx,0.25,rep1,23,2026-04-10 09:57:29,1.0114,0.6102,0.9042,0.2717,0.0576,55.19143009185791,1464.9174859523773
FedProx,0.25,rep1,24,2026-04-10 09:58:25,0.9607,0.6193,0.9208,0.3384,0.0473,53.56887984275818,1518.4863657951355
FedProx,0.25,rep1,25,2026-04-10 09:59:20,0.8959,0.6747,0.9187,0.209,0.0363,56.71619915962219,1575.2025649547577
FedProx,0.25,rep1,26,2026-04-10 10:00:16,0.939,0.638,0.9206,0.3033,0.0464,53.48940634727478,1628.6919713020325
FedProx,0.25,rep1,27,2026-04-10 10:01:08,0.9181,0.6314,0.9257,0.2243,0.0253,55.95430064201355,1684.646271944046
FedProx,0.25,rep1,28,2026-04-10 10:02:04,0.8983,0.6492,0.9203,0.237,0.0366,52.769943714141846,1737.4162156581879
FedProx,0.25,rep1,29,2026-04-10 10:02:59,0.8251,0.699,0.9277,0.1531,0.0159,55.09923958778381,1792.5154552459717
FedProx,0.25,rep1,30,2026-04-10 10:03:54,0.9171,0.6456,0.9143,0.2513,0.05,54.588420152664185,1847.1038753986359
FedProx,0.25,rep1,31,2026-04-10 10:04:47,0.9298,0.6547,0.9112,0.273,0.0536,52.80689239501953,1899.9107677936554
FedProx,0.25,rep1,32,2026-04-10 10:05:41,0.9678,0.6437,0.9065,0.3115,0.0749,56.015706062316895,1955.9264738559723
FedProx,0.25,rep1,33,2026-04-10 10:06:37,0.8599,0.6766,0.918,0.2254,0.044,56.54476356506348,2012.4712374210358
FedProx,0.25,rep1,34,2026-04-10 10:07:32,0.9535,0.6006,0.9105,0.3086,0.0552,55.035441875457764,2067.5066792964935
FedProx,0.25,rep1,35,2026-04-10 10:08:29,0.9302,0.6396,0.917,0.3198,0.0532,55.71199941635132,2123.218678712845
FedProx,0.25,rep1,36,2026-04-10 10:09:23,0.8837,0.6569,0.9172,0.2246,0.0382,54.70474410057068,2177.9234228134155
FedProx,0.25,rep1,37,2026-04-10 10:10:17,0.833,0.6958,0.9262,0.2254,0.0331,51.74248242378235,2229.665905237198
FedProx,0.25,rep1,38,2026-04-10 10:11:12,0.7911,0.705,0.9284,0.1666,0.0208,56.36250042915344,2286.0284056663513
FedProx,0.25,rep1,39,2026-04-10 10:12:06,0.878,0.6634,0.9165,0.2619,0.0502,53.899930238723755,2339.928335905075
FedProx,0.25,rep1,40,2026-04-10 10:13:00,0.9269,0.6447,0.9194,0.3221,0.0515,54.502925395965576,2394.4312613010406
FedProx,0.25,rep1,41,2026-04-10 10:13:55,0.8074,0.697,0.9235,0.1965,0.0309,54.49189805984497,2448.9231593608856
FedProx,0.25,rep1,42,2026-04-10 10:14:49,0.8738,0.6709,0.9199,0.2877,0.05,53.7127046585083,2502.635864019394
FedProx,0.25,rep1,43,2026-04-10 10:15:43,0.8113,0.6873,0.9239,0.1811,0.0307,53.75240993499756,2556.3882739543915
FedProx,0.25,rep1,44,2026-04-10 10:16:37,0.8726,0.672,0.9153,0.2732,0.0588,55.31745266914368,2611.705726623535
FedProx,0.25,rep1,45,2026-04-10 10:17:32,0.773,0.711,0.9295,0.1901,0.026,55.107630014419556,2666.8133566379547
FedProx,0.25,rep1,46,2026-04-10 10:18:27,0.909,0.685,0.9237,0.2584,0.0452,54.47229027748108,2721.285646915436
FedProx,0.25,rep1,47,2026-04-10 10:19:21,0.8084,0.6821,0.9221,0.2012,0.0332,54.79869508743286,2776.0843420028687
FedProx,0.25,rep1,48,2026-04-10 10:20:16,0.7723,0.7129,0.9272,0.1632,0.0222,54.0089967250824,2830.093338727951
FedProx,0.25,rep1,49,2026-04-10 10:21:11,0.9172,0.63,0.9225,0.2294,0.0355,65.09808349609375,2895.191422224045
FedProx,0.25,rep1,50,2026-04-10 10:22:19,0.8433,0.6528,0.9262,0.162,0.0159,59.218631744384766,2954.4100539684296
FedProx,0.25,rep2,0,2026-04-10 10:23:39,2.3126,0.0569,0.4191,0.0872,0.1544,53.126399755477905,53.126399755477905
FedProx,0.25,rep2,1,2026-04-10 10:24:31,2.1921,0.2437,0.6296,0.3181,0.3225,53.976120948791504,107.10252070426941
FedProx,0.25,rep2,2,2026-04-10 10:25:26,1.9078,0.3095,0.7885,0.3314,0.1828,56.6187961101532,163.7213168144226
FedProx,0.25,rep2,3,2026-04-10 10:26:21,1.7321,0.2971,0.7895,0.381,0.1703,55.417441844940186,219.1387586593628
FedProx,0.25,rep2,4,2026-04-10 10:27:17,1.7129,0.2576,0.8017,0.3783,0.1339,54.30066108703613,273.4394197463989
FedProx,0.25,rep2,5,2026-04-10 10:28:12,1.4487,0.4366,0.8692,0.3413,0.0831,57.203404664993286,330.6428244113922
FedProx,0.25,rep2,6,2026-04-10 10:29:08,1.2332,0.5446,0.894,0.2706,0.0566,54.553911209106445,385.19673562049866
FedProx,0.25,rep2,7,2026-04-10 10:30:03,1.3461,0.4512,0.8835,0.3803,0.0682,56.161908864974976,441.35864448547363
FedProx,0.25,rep2,8,2026-04-10 10:30:58,1.2604,0.4635,0.8948,0.2126,0.0466,53.38308572769165,494.7417302131653
FedProx,0.25,rep2,9,2026-04-10 10:31:54,1.3008,0.4915,0.8886,0.2128,0.0454,57.986236333847046,552.7279665470123
FedProx,0.25,rep2,10,2026-04-10 10:32:50,1.2838,0.527,0.8898,0.1903,0.049,54.115060329437256,606.8430268764496
FedProx,0.25,rep2,11,2026-04-10 10:33:45,1.4864,0.3989,0.8815,0.3213,0.06,55.1883704662323,662.0313973426819
FedProx,0.25,rep2,12,2026-04-10 10:34:41,1.1623,0.5279,0.8939,0.2915,0.0576,57.588332414627075,719.619729757309
FedProx,0.25,rep2,13,2026-04-10 10:35:38,1.2657,0.5005,0.8893,0.3275,0.0778,57.39485430717468,777.0145840644836
FedProx,0.25,rep2,14,2026-04-10 10:36:35,1.1762,0.5368,0.8931,0.275,0.0792,55.47464561462402,832.4892296791077
FedProx,0.25,rep2,15,2026-04-10 10:37:30,1.2742,0.5483,0.8773,0.3258,0.1121,52.987592935562134,885.4768226146698
FedProx,0.25,rep2,16,2026-04-10 10:38:23,0.9818,0.6057,0.9101,0.2197,0.0328,54.26535630226135,939.7421789169312
FedProx,0.25,rep2,17,2026-04-10 10:39:17,1.023,0.5848,0.9068,0.2681,0.0478,53.23940634727478,992.9815852642059
FedProx,0.25,rep2,18,2026-04-10 10:40:11,0.9728,0.6574,0.9131,0.2145,0.0359,55.20138716697693,1048.1829724311829
FedProx,0.25,rep2,19,2026-04-10 10:41:06,0.9492,0.6527,0.913,0.1947,0.0307,56.713106632232666,1104.8960790634155
FedProx,0.25,rep2,20,2026-04-10 10:42:03,1.0601,0.5794,0.9038,0.2836,0.0657,54.272987842559814,1159.1690669059753
FedProx,0.25,rep2,21,2026-04-10 10:42:56,0.9836,0.619,0.9084,0.2313,0.0392,52.23378801345825,1211.4028549194336
FedProx,0.25,rep2,22,2026-04-10 10:43:49,0.9143,0.6685,0.9191,0.2001,0.0283,54.37571620941162,1265.7785711288452
FedProx,0.25,rep2,23,2026-04-10 10:44:43,0.9172,0.6741,0.9201,0.2153,0.0333,56.13467240333557,1321.9132435321808
FedProx,0.25,rep2,24,2026-04-10 10:45:40,0.969,0.6395,0.9055,0.2651,0.0615,54.230525970458984,1376.1437695026398
FedProx,0.25,rep2,25,2026-04-10 10:46:34,0.8712,0.6779,0.9233,0.2136,0.0339,56.07586646080017,1432.21963596344
FedProx,0.25,rep2,26,2026-04-10 10:47:29,0.9306,0.6617,0.9229,0.2001,0.0294,52.56936526298523,1484.7890012264252
FedProx,0.25,rep2,27,2026-04-10 10:48:22,0.8956,0.6693,0.9217,0.1773,0.036,53.61408615112305,1538.4030873775482
FedProx,0.25,rep2,28,2026-04-10 10:49:17,0.8887,0.6561,0.9198,0.2026,0.033,56.04147720336914,1594.4445645809174
FedProx,0.25,rep2,29,2026-04-10 10:50:12,0.9139,0.6626,0.9219,0.1509,0.0284,54.40830874443054,1648.852873325348
FedProx,0.25,rep2,30,2026-04-10 10:51:06,0.8376,0.6706,0.922,0.1881,0.0248,53.20923352241516,1702.062106847763
FedProx,0.25,rep2,31,2026-04-10 10:52:00,0.8181,0.6998,0.929,0.1451,0.0176,56.18467140197754,1758.2467782497406
FedProx,0.25,rep2,32,2026-04-10 10:52:57,0.8469,0.6851,0.9244,0.2189,0.0298,56.183521032333374,1814.430299282074
FedProx,0.25,rep2,33,2026-04-10 10:53:52,0.9952,0.6326,0.9117,0.2559,0.0518,53.56118869781494,1867.991487979889
FedProx,0.25,rep2,34,2026-04-10 10:54:46,0.9911,0.5989,0.9043,0.291,0.0594,56.90700936317444,1924.8984973430634
FedProx,0.25,rep2,35,2026-04-10 10:55:43,0.8154,0.7015,0.9283,0.202,0.0278,55.254536628723145,1980.1530339717865
FedProx,0.25,rep2,36,2026-04-10 10:56:37,0.858,0.6807,0.9174,0.1967,0.0407,53.16728496551514,2033.3203189373016
FedProx,0.25,rep2,37,2026-04-10 10:57:30,0.88,0.6521,0.9141,0.2408,0.0488,54.44762969017029,2087.767948627472
FedProx,0.25,rep2,38,2026-04-10 10:58:26,0.8192,0.6963,0.9234,0.1687,0.024,56.727294921875,2144.495243549347
FedProx,0.25,rep2,39,2026-04-10 10:59:29,0.8678,0.6777,0.917,0.2141,0.0404,85.19289207458496,2229.688135623932
FedProx,0.25,rep2,40,2026-04-10 11:00:54,0.8264,0.7031,0.9273,0.2199,0.0361,61.61298394203186,2291.3011195659637
FedProx,0.25,rep2,41,2026-04-10 11:01:49,0.9347,0.6383,0.9081,0.276,0.062,55.97262907028198,2347.2737486362457
FedProx,0.25,rep2,42,2026-04-10 11:02:46,1.0494,0.5735,0.9046,0.3183,0.0614,56.408626317977905,2403.6823749542236
FedProx,0.25,rep2,43,2026-04-10 11:03:41,0.9138,0.6469,0.9158,0.2211,0.0477,52.98697328567505,2456.6693482398987
FedProx,0.25,rep2,44,2026-04-10 11:04:34,0.9545,0.6338,0.9139,0.2793,0.0508,55.80220174789429,2512.471549987793
FedProx,0.25,rep2,45,2026-04-10 11:05:29,0.9781,0.621,0.9244,0.3319,0.0487,55.06635570526123,2567.537905693054
FedProx,0.25,rep2,46,2026-04-10 11:06:25,0.8939,0.6278,0.9171,0.2659,0.0458,55.79282593727112,2623.3307316303253
FedProx,0.25,rep2,47,2026-04-10 11:07:21,0.9133,0.6595,0.9207,0.2639,0.0483,53.08286380767822,2676.4135954380035
FedProx,0.25,rep2,48,2026-04-10 11:08:14,0.9152,0.6304,0.9251,0.3042,0.0376,55.8887255191803,2732.302320957184
FedProx,0.25,rep2,49,2026-04-10 11:09:10,0.9323,0.6118,0.9204,0.2795,0.0438,54.23912215232849,2786.5414431095123
FedProx,0.25,rep2,50,2026-04-10 11:10:05,0.8652,0.6987,0.9281,0.241,0.0466,56.60281014442444,2843.1442532539368
FedProx,0.25,rep3,0,2026-04-10 11:11:23,2.3126,0.0569,0.4191,0.0872,0.1544,55.43354511260986,55.43354511260986
FedProx,0.25,rep3,1,2026-04-10 11:12:19,2.3651,0.1934,0.5646,0.3868,0.2846,55.611708879470825,111.04525399208069
FedProx,0.25,rep3,2,2026-04-10 11:13:14,1.9485,0.3178,0.7523,0.4048,0.1884,55.91428565979004,166.95953965187073
FedProx,0.25,rep3,3,2026-04-10 11:14:11,1.5916,0.3977,0.8578,0.346,0.0963,56.643401861190796,223.60294151306152
FedProx,0.25,rep3,4,2026-04-10 11:15:07,1.4022,0.5346,0.8809,0.1279,0.0549,55.50325846672058,279.1061999797821
FedProx,0.25,rep3,5,2026-04-10 11:16:04,1.6555,0.3785,0.8439,0.3863,0.1131,61.18583965301514,340.29203963279724
FedProx,0.25,rep3,6,2026-04-10 11:17:05,1.4039,0.4808,0.8735,0.3182,0.0737,59.90768074989319,400.19972038269043
FedProx,0.25,rep3,7,2026-04-10 11:18:03,1.4501,0.4243,0.8777,0.358,0.0689,56.20804166793823,456.40776205062866
FedProx,0.25,rep3,8,2026-04-10 11:18:59,1.2466,0.4847,0.8945,0.2562,0.0409,57.00532555580139,513.41308760643
FedProx,0.25,rep3,9,2026-04-10 11:19:58,1.3157,0.472,0.8812,0.2822,0.0708,57.720558166503906,571.133645772934
FedProx,0.25,rep3,10,2026-04-10 11:20:53,1.426,0.3913,0.8831,0.3193,0.0738,54.2486207485199,625.3822665214539
FedProx,0.25,rep3,11,2026-04-10 11:21:48,1.0289,0.6381,0.9098,0.16,0.025,56.78980493545532,682.1720714569092
FedProx,0.25,rep3,12,2026-04-10 11:22:44,1.1082,0.5523,0.905,0.2835,0.0503,53.85132622718811,736.0233976840973
FedProx,0.25,rep3,13,2026-04-10 11:23:40,1.1935,0.5886,0.8878,0.3093,0.1008,55.25284218788147,791.2762398719788
FedProx,0.25,rep3,14,2026-04-10 11:24:35,1.0564,0.5832,0.9076,0.2391,0.0361,58.220542669296265,849.496782541275
FedProx,0.25,rep3,15,2026-04-10 11:25:33,0.9769,0.6575,0.9149,0.2314,0.0412,55.92732834815979,905.4241108894348
FedProx,0.25,rep3,16,2026-04-10 11:26:28,1.1321,0.6074,0.9021,0.2821,0.0643,55.79660248756409,961.2207133769989
FedProx,0.25,rep3,17,2026-04-10 11:27:26,0.9933,0.6313,0.9163,0.2309,0.0404,55.78104066848755,1017.0017540454865
FedProx,0.25,rep3,18,2026-04-10 11:28:20,0.9979,0.6475,0.911,0.2611,0.053,55.42682886123657,1072.428582906723
FedProx,0.25,rep3,19,2026-04-10 11:29:14,0.9383,0.6492,0.9183,0.1855,0.0254,54.02040243148804,1126.448985338211
FedProx,0.25,rep3,20,2026-04-10 11:30:08,1.0491,0.5676,0.9001,0.2992,0.059,54.25147032737732,1180.7004556655884
FedProx,0.25,rep3,21,2026-04-10 11:31:04,0.984,0.6567,0.905,0.2431,0.0679,58.89294695854187,1239.5934026241302
FedProx,0.25,rep3,22,2026-04-10 11:32:03,0.9179,0.6608,0.9156,0.2059,0.0376,55.99915289878845,1295.5925555229187
FedProx,0.25,rep3,23,2026-04-10 11:33:00,0.9358,0.6489,0.912,0.2502,0.0509,57.49151849746704,1353.0840740203857
FedProx,0.25,rep3,24,2026-04-10 11:33:56,1.0091,0.5723,0.9111,0.2462,0.038,55.56651568412781,1408.6505897045135
FedProx,0.25,rep3,25,2026-04-10 11:34:51,1.04,0.6113,0.9047,0.2608,0.0695,56.142624378204346,1464.793214082718
FedProx,0.25,rep3,26,2026-04-10 11:35:48,1.2675,0.5184,0.9045,0.3763,0.0695,55.71099281311035,1520.5042068958282
FedProx,0.25,rep3,27,2026-04-10 11:36:42,0.9851,0.6328,0.9097,0.3194,0.0647,55.00356936454773,1575.507776260376
FedProx,0.25,rep3,28,2026-04-10 11:37:38,0.9343,0.6231,0.92,0.1857,0.0259,55.60098171234131,1631.1087579727173
FedProx,0.25,rep3,29,2026-04-10 11:38:34,0.8792,0.6478,0.9209,0.2107,0.028,56.49606513977051,1687.6048231124878
FedProx,0.25,rep3,30,2026-04-10 11:39:31,0.9965,0.6372,0.9114,0.2177,0.0575,56.47090792655945,1744.0757310390472
FedProx,0.25,rep3,31,2026-04-10 11:40:28,1.0777,0.6011,0.903,0.3759,0.0837,58.87835192680359,1802.9540829658508
FedProx,0.25,rep3,32,2026-04-10 11:41:25,0.8433,0.6622,0.9206,0.2212,0.0341,54.91262125968933,1857.8667042255402
FedProx,0.25,rep3,33,2026-04-10 11:42:22,0.823,0.6979,0.9272,0.1864,0.0278,60.330015420913696,1918.1967196464539
FedProx,0.25,rep3,34,2026-04-10 11:43:22,0.8881,0.6753,0.9172,0.2695,0.055,57.350417613983154,1975.547137260437
FedProx,0.25,rep3,35,2026-04-10 11:44:18,0.9153,0.6458,0.9194,0.3301,0.0505,54.9172887802124,2030.4644260406494
FedProx,0.25,rep3,36,2026-04-10 11:45:15,0.8731,0.6755,0.9185,0.2032,0.0477,58.31978631019592,2088.7842123508453
FedProx,0.25,rep3,37,2026-04-10 11:46:13,0.7928,0.7054,0.9294,0.1797,0.0254,55.891033411026,2144.6752457618713
FedProx,0.25,rep3,38,2026-04-10 11:47:09,0.8548,0.6958,0.9233,0.2262,0.039,54.98166298866272,2199.656908750534
FedProx,0.25,rep3,39,2026-04-10 11:48:03,0.9401,0.6287,0.9207,0.3539,0.0488,56.02663588523865,2255.6835446357727
FedProx,0.25,rep3,40,2026-04-10 11:49:01,0.7921,0.7019,0.9252,0.1777,0.0256,58.28455400466919,2313.968098640442
FedProx,0.25,rep3,41,2026-04-10 11:49:56,0.9463,0.6038,0.9244,0.3385,0.0419,55.273603439331055,2369.241702079773
FedProx,0.25,rep3,42,2026-04-10 11:50:52,0.8343,0.685,0.9312,0.1484,0.0191,55.569528102874756,2424.8112301826477
FedProx,0.25,rep3,43,2026-04-10 11:51:47,0.8271,0.6957,0.9252,0.1917,0.0256,56.5629026889801,2481.374132871628
FedProx,0.25,rep3,44,2026-04-10 11:52:45,0.9806,0.6003,0.9065,0.2929,0.0597,57.81021738052368,2539.1843502521515
FedProx,0.25,rep3,45,2026-04-10 11:53:42,0.9367,0.629,0.9106,0.2577,0.0478,56.231199741363525,2595.415549993515
FedProx,0.25,rep3,46,2026-04-10 11:54:42,0.8181,0.6867,0.9217,0.2095,0.0416,60.69761562347412,2656.113165616989
FedProx,0.25,rep3,47,2026-04-10 11:55:38,0.9229,0.6549,0.9108,0.3168,0.0682,55.68826866149902,2711.801434278488
FedProx,0.25,rep3,48,2026-04-10 11:56:35,0.863,0.6815,0.9226,0.2205,0.0389,56.310455322265625,2768.111889600754
FedProx,0.25,rep3,49,2026-04-10 11:57:32,1.048,0.5973,0.9033,0.2957,0.0608,57.38847994804382,2825.5003695487976
FedProx,0.25,rep3,50,2026-04-10 11:58:28,0.898,0.6431,0.9125,0.261,0.0503,55.93072533607483,2881.4310948848724
FedProx,0.25,rep4,0,2026-04-10 11:59:47,2.3126,0.0569,0.4191,0.0872,0.1544,56.39943861961365,56.39943861961365
FedProx,0.25,rep4,1,2026-04-10 12:00:44,2.1903,0.2065,0.656,0.2923,0.2705,57.44723987579346,113.8466784954071
FedProx,0.25,rep4,2,2026-04-10 12:01:40,2.1072,0.4558,0.6922,0.3814,0.3314,55.82036066055298,169.66703915596008
FedProx,0.25,rep4,3,2026-04-10 12:02:36,1.721,0.285,0.8217,0.3595,0.1196,55.938175678253174,225.60521483421326
FedProx,0.25,rep4,4,2026-04-10 12:03:32,1.7159,0.3375,0.8228,0.3108,0.1289,55.56880450248718,281.17401933670044
FedProx,0.25,rep4,5,2026-04-10 12:04:28,1.2647,0.5723,0.9017,0.1595,0.0271,56.39599561691284,337.5700149536133
FedProx,0.25,rep4,6,2026-04-10 12:05:27,1.4545,0.4126,0.8809,0.2925,0.0606,57.238762617111206,394.8087775707245
FedProx,0.25,rep4,7,2026-04-10 12:06:23,1.3009,0.5407,0.8782,0.1999,0.0634,58.29671812057495,453.10549569129944
FedProx,0.25,rep4,8,2026-04-10 12:07:20,1.3163,0.4729,0.8934,0.2831,0.0507,57.57403254508972,510.67952823638916
FedProx,0.25,rep4,9,2026-04-10 12:08:18,1.1633,0.5389,0.9024,0.2894,0.0553,55.51613521575928,566.1956634521484
FedProx,0.25,rep4,10,2026-04-10 12:09:13,1.115,0.5769,0.9085,0.2117,0.0283,57.221352338790894,623.4170157909393
FedProx,0.25,rep4,11,2026-04-10 12:10:11,1.1282,0.5381,0.8962,0.2836,0.0506,58.88660717010498,682.3036229610443
FedProx,0.25,rep4,12,2026-04-10 12:11:10,1.0321,0.6192,0.9108,0.078,0.0097,56.4135844707489,738.7172074317932
FedProx,0.25,rep4,13,2026-04-10 12:12:06,1.1489,0.5056,0.9015,0.219,0.0448,57.19924235343933,795.9164497852325
FedProx,0.25,rep4,14,2026-04-10 12:13:03,1.022,0.6425,0.9072,0.1963,0.0348,55.12020659446716,851.0366563796997
FedProx,0.25,rep4,15,2026-04-10 12:13:58,1.0606,0.6039,0.9008,0.2145,0.0383,57.28112292289734,908.317779302597
FedProx,0.25,rep4,16,2026-04-10 12:14:57,1.0499,0.6071,0.9043,0.2594,0.0457,56.22416806221008,964.5419473648071
FedProx,0.25,rep4,17,2026-04-10 12:15:52,0.9461,0.6615,0.9132,0.2078,0.0298,56.98259782791138,1021.5245451927185
FedProx,0.25,rep4,18,2026-04-10 12:16:48,0.9764,0.6253,0.9158,0.1459,0.0192,55.55861687660217,1077.0831620693207
FedProx,0.25,rep4,19,2026-04-10 12:17:45,1.0097,0.6289,0.9146,0.2149,0.0346,57.09608316421509,1134.1792452335358
FedProx,0.25,rep4,20,2026-04-10 12:18:40,0.9477,0.6557,0.9116,0.2251,0.039,53.69626188278198,1187.8755071163177
FedProx,0.25,rep4,21,2026-04-10 12:19:36,0.9339,0.6635,0.913,0.2193,0.0393,59.61730909347534,1247.492816209793
FedProx,0.25,rep4,22,2026-04-10 12:20:34,0.961,0.6045,0.9065,0.2868,0.0517,59.25154232978821,1306.7443585395813
FedProx,0.25,rep4,23,2026-04-10 12:21:33,1.0432,0.5843,0.898,0.3234,0.069,56.46228861808777,1363.206647157669
FedProx,0.25,rep4,24,2026-04-10 12:22:32,0.8832,0.6741,0.9219,0.1175,0.0114,58.483492851257324,1421.6901400089264
FedProx,0.25,rep4,25,2026-04-10 12:23:28,0.9195,0.649,0.9143,0.2408,0.0406,56.41585302352905,1478.1059930324554
FedProx,0.25,rep4,26,2026-04-10 12:24:26,0.9518,0.6162,0.9178,0.2109,0.0331,56.576905488967896,1534.6828985214233
FedProx,0.25,rep4,27,2026-04-10 12:25:21,0.9911,0.603,0.907,0.3101,0.0574,55.824387311935425,1590.5072858333588
FedProx,0.25,rep4,28,2026-04-10 12:26:16,0.9071,0.644,0.9153,0.2458,0.0429,54.91265892982483,1645.4199447631836
FedProx,0.25,rep4,29,2026-04-10 12:27:12,0.9868,0.5855,0.9083,0.312,0.0561,56.048972606658936,1701.4689173698425
FedProx,0.25,rep4,30,2026-04-10 12:28:08,0.919,0.6175,0.9117,0.2896,0.0496,55.185120820999146,1756.6540381908417
FedProx,0.25,rep4,31,2026-04-10 12:29:03,0.8295,0.6968,0.9282,0.1883,0.0266,55.602442502975464,1812.2564806938171
FedProx,0.25,rep4,32,2026-04-10 12:30:02,0.8733,0.6743,0.9208,0.2348,0.0364,60.602869272232056,1872.8593499660492
FedProx,0.25,rep4,33,2026-04-10 12:31:02,0.8407,0.6935,0.9289,0.1936,0.0269,61.55079126358032,1934.4101412296295
FedProx,0.25,rep4,34,2026-04-10 12:32:04,0.9227,0.6445,0.9218,0.3214,0.0507,60.83905053138733,1995.2491917610168
FedProx,0.25,rep4,35,2026-04-10 12:33:01,0.9881,0.5765,0.9175,0.2865,0.0397,55.620429039001465,2050.8696208000183
FedProx,0.25,rep4,36,2026-04-10 12:33:57,0.8198,0.683,0.9261,0.1319,0.0193,56.86698365211487,2107.736604452133
FedProx,0.25,rep4,37,2026-04-10 12:34:57,0.8091,0.6991,0.9255,0.159,0.029,63.367764472961426,2171.1043689250946
FedProx,0.25,rep4,38,2026-04-10 12:36:00,0.8856,0.6547,0.9163,0.2233,0.0396,58.58612298965454,2229.690491914749
FedProx,0.25,rep4,39,2026-04-10 12:37:03,0.8012,0.6887,0.9244,0.1677,0.0278,67.96474742889404,2297.655239343643
FedProx,0.25,rep4,40,2026-04-10 12:38:13,0.807,0.6987,0.9303,0.1619,0.0186,70.88686919212341,2368.5421085357666
FedProx,0.25,rep4,41,2026-04-10 12:39:29,1.1024,0.6263,0.9045,0.2715,0.0688,81.21464371681213,2449.7567522525787
FedProx,0.25,rep4,42,2026-04-10 12:40:48,1.0286,0.5891,0.913,0.3865,0.0652,84.65435123443604,2534.4111034870148
FedProx,0.25,rep4,43,2026-04-10 12:42:16,1.0561,0.5958,0.9063,0.4006,0.0798,87.66923236846924,2622.080335855484
FedProx,0.25,rep4,44,2026-04-10 12:43:36,0.8589,0.6869,0.9187,0.2397,0.0528,81.31797671318054,2703.3983125686646
FedProx,0.25,rep4,45,2026-04-10 12:45:13,0.9638,0.6266,0.919,0.3117,0.054,96.68942141532898,2800.0877339839935
FedProx,0.25,rep4,46,2026-04-10 12:46:46,0.8338,0.6918,0.9319,0.1745,0.0248,111.27105784416199,2911.3587918281555
FedProx,0.25,rep4,47,2026-04-10 12:48:30,0.8076,0.6911,0.9264,0.1534,0.0307,110.68422079086304,3022.0430126190186
FedProx,0.25,rep4,48,2026-04-10 12:50:27,0.8076,0.6998,0.9304,0.1949,0.0275,119.15070009231567,3141.1937127113342
FedProx,0.25,rep4,49,2026-04-10 12:52:32,0.8017,0.6969,0.9278,0.1886,0.0307,121.54324960708618,3262.7369623184204
FedProx,0.25,rep4,50,2026-04-10 12:54:33,0.7712,0.7061,0.9278,0.1725,0.0259,120.19792580604553,3382.934888124466
FedProx,0.25,rep5,0,2026-04-10 12:56:47,2.3126,0.0569,0.4191,0.0872,0.1544,132.6936526298523,132.6936526298523
FedProx,0.25,rep5,1,2026-04-10 12:59:08,2.4485,0.1815,0.5724,0.3633,0.2946,156.17147493362427,288.86512756347656
FedProx,0.25,rep5,2,2026-04-10 13:01:44,1.8939,0.3062,0.7706,0.2879,0.2021,167.76559162139893,456.6307191848755
FedProx,0.25,rep5,3,2026-04-10 13:04:41,2.002,0.2229,0.7439,0.3756,0.1754,159.79809069633484,616.4288098812103
FedProx,0.25,rep5,4,2026-04-10 13:07:22,1.4189,0.4893,0.8692,0.3032,0.0743,160.70733046531677,777.1361403465271
FedProx,0.25,rep5,5,2026-04-10 13:10:25,1.3242,0.4946,0.8836,0.2009,0.0516,220.2436764240265,997.3798167705536
FedProx,0.25,rep5,6,2026-04-10 13:13:59,1.4329,0.4553,0.8723,0.2897,0.1028,227.74109482765198,1225.1209115982056
FedProx,0.25,rep5,7,2026-04-10 13:17:56,1.3966,0.4734,0.8673,0.3807,0.111,218.48563933372498,1443.6065509319305
FedProx,0.25,rep5,8,2026-04-10 13:21:21,1.1801,0.5469,0.8897,0.2767,0.0497,200.94506001472473,1644.5516109466553
FedProx,0.25,rep5,9,2026-04-10 13:24:46,1.291,0.5121,0.8836,0.2378,0.0627,214.42001271247864,1858.971623659134
FedProx,0.25,rep5,10,2026-04-10 13:28:33,1.3145,0.431,0.8923,0.27,0.0489,229.39621591567993,2088.367839574814
FedProx,0.25,rep5,11,2026-04-10 13:32:22,1.1784,0.5809,0.8886,0.3163,0.089,241.08484411239624,2329.45268368721
FedProx,0.25,rep5,12,2026-04-10 13:35:46,1.0011,0.6585,0.912,0.1856,0.0258,92.14048743247986,2421.59317111969
FedProx,0.25,rep5,13,2026-04-10 13:37:01,1.0082,0.637,0.9117,0.1658,0.021,67.35023880004883,2488.9434099197388
FedProx,0.25,rep5,14,2026-04-10 13:38:07,1.3998,0.476,0.8943,0.2529,0.0525,64.10148072242737,2553.044890642166
FedProx,0.25,rep5,15,2026-04-10 13:39:07,1.169,0.5085,0.9094,0.2031,0.0372,59.10124468803406,2612.1461353302
FedProx,0.25,rep5,16,2026-04-10 13:40:04,1.2272,0.5049,0.8961,0.3288,0.0603,57.98990345001221,2670.1360387802124
FedProx,0.25,rep5,17,2026-04-10 13:41:04,1.0659,0.6009,0.91,0.3084,0.0564,60.21605610847473,2730.352094888687
FedProx,0.25,rep5,18,2026-04-10 13:42:07,1.0538,0.6292,0.9036,0.2743,0.0576,71.36989569664001,2801.721990585327
FedProx,0.25,rep5,19,2026-04-10 13:43:14,1.0492,0.6018,0.9164,0.2484,0.0394,84.09768557548523,2885.8196761608124
FedProx,0.25,rep5,20,2026-04-10 13:44:50,1.0095,0.5792,0.9084,0.291,0.0451,102.00558638572693,2987.8252625465393
FedProx,0.25,rep5,21,2026-04-10 13:46:23,0.9743,0.6349,0.9066,0.2421,0.0479,107.48651194572449,3095.311774492264
FedProx,0.25,rep5,22,2026-04-10 13:48:21,0.9476,0.6553,0.9162,0.1949,0.0373,115.69422268867493,3211.0059971809387
FedProx,0.25,rep5,23,2026-04-10 13:50:06,0.9484,0.638,0.9155,0.208,0.0385,109.79903030395508,3320.805027484894
FedProx,0.25,rep5,24,2026-04-10 13:52:17,0.8956,0.6701,0.9165,0.2296,0.0382,116.44129610061646,3437.2463235855103
FedProx,0.25,rep5,25,2026-04-10 13:54:12,0.9285,0.6415,0.915,0.1582,0.0236,110.49427533149719,3547.7405989170074
FedProx,0.25,rep5,26,2026-04-10 13:55:56,0.8744,0.677,0.9208,0.2365,0.0337,105.98537635803223,3653.7259752750397
FedProx,0.25,rep5,27,2026-04-10 13:57:42,0.8814,0.6827,0.9254,0.1916,0.028,109.960932970047,3763.6869082450867
FedProx,0.25,rep5,28,2026-04-10 13:59:41,0.9377,0.6386,0.9193,0.2695,0.0355,109.502037525177,3873.1889457702637
FedProx,0.25,rep5,29,2026-04-10 14:01:23,1.0436,0.5913,0.9129,0.2618,0.0539,106.99804520606995,3980.1869909763336
FedProx,0.25,rep5,30,2026-04-10 14:03:11,0.8733,0.6778,0.9236,0.1373,0.0262,108.68900728225708,4088.8759982585907
FedProx,0.25,rep5,31,2026-04-10 14:05:01,1.1212,0.585,0.9039,0.4078,0.0802,140.38137292861938,4229.25737118721
FedProx,0.25,rep5,32,2026-04-10 14:07:35,0.8356,0.6928,0.9223,0.1966,0.027,150.33003115653992,4379.58740234375
FedProx,0.25,rep5,33,2026-04-10 14:09:52,1.0661,0.6003,0.9047,0.3291,0.0646,101.1056559085846,4480.693058252335
FedProx,0.25,rep5,34,2026-04-10 14:11:22,0.8483,0.6621,0.9254,0.1425,0.0177,73.80116534233093,4554.4942235946655
FedProx,0.25,rep5,35,2026-04-10 14:12:37,0.8351,0.6699,0.9238,0.1717,0.0248,72.31276321411133,4626.806986808777
FedProx,0.25,rep5,36,2026-04-10 14:13:44,0.9024,0.6629,0.913,0.2783,0.0615,65.0165183544159,4691.823505163193
FedProx,0.25,rep5,37,2026-04-10 14:14:48,0.962,0.5939,0.9146,0.2943,0.0459,64.9603009223938,4756.783806085587
FedProx,0.25,rep5,38,2026-04-10 14:15:52,0.9094,0.665,0.9242,0.2542,0.0446,63.09167814254761,4819.875484228134
FedProx,0.25,rep5,39,2026-04-10 14:16:56,0.8037,0.6971,0.9249,0.1716,0.0274,62.86595129966736,4882.7414355278015
FedProx,0.25,rep5,40,2026-04-10 14:17:58,0.8556,0.6775,0.9266,0.1621,0.0257,62.74184966087341,4945.483285188675
FedProx,0.25,rep5,41,2026-04-10 14:19:01,1.0178,0.6114,0.9079,0.2867,0.0674,61.00023293495178,5006.483518123627
FedProx,0.25,rep5,42,2026-04-10 14:20:00,0.8496,0.6931,0.924,0.2461,0.044,59.169676780700684,5065.653194904327
FedProx,0.25,rep5,43,2026-04-10 14:21:00,0.879,0.6807,0.9266,0.2211,0.0406,60.03662729263306,5125.68982219696
FedProx,0.25,rep5,44,2026-04-10 14:22:00,0.9062,0.6482,0.9257,0.3306,0.0516,60.69840955734253,5186.388231754303
FedProx,0.25,rep5,45,2026-04-10 14:23:00,1.0036,0.624,0.9188,0.3688,0.0627,59.07791709899902,5245.466148853302
FedProx,0.25,rep5,46,2026-04-10 14:23:58,0.902,0.6409,0.9273,0.2984,0.0444,59.00922918319702,5304.475378036499
FedProx,0.25,rep5,47,2026-04-10 14:24:57,0.8348,0.7046,0.9275,0.227,0.0395,59.10250401496887,5363.577882051468
FedProx,0.25,rep5,48,2026-04-10 14:25:57,0.9208,0.6839,0.9269,0.229,0.0406,58.56037521362305,5422.138257265091
FedProx,0.25,rep5,49,2026-04-10 14:26:55,0.872,0.6811,0.9211,0.2732,0.0488,59.02627158164978,5481.164528846741
FedProx,0.25,rep5,50,2026-04-10 14:27:55,0.8271,0.6854,0.9191,0.2309,0.0457,59.35959315299988,5540.524121999741
FedProx,0.5,rep1,0,2026-04-10 14:29:15,2.3126,0.0569,0.4191,0.0872,0.1544,94.85582900047302,94.85582900047302
FedProx,0.5,rep1,1,2026-04-10 14:30:50,2.1728,0.1243,0.6879,0.1765,0.1484,104.51292657852173,199.36875557899475
FedProx,0.5,rep1,2,2026-04-10 14:32:38,1.8603,0.3322,0.8282,0.2771,0.0943,113.15033173561096,312.5190873146057
FedProx,0.5,rep1,3,2026-04-10 14:34:34,1.6668,0.2907,0.8572,0.3495,0.086,125.80298900604248,438.3220763206482
FedProx,0.5,rep1,4,2026-04-10 14:36:38,1.4734,0.4946,0.8669,0.2992,0.093,119.36197781562805,557.6840541362762
FedProx,0.5,rep1,5,2026-04-10 14:38:38,1.3407,0.5149,0.8912,0.2669,0.039,124.7647933959961,682.4488475322723
FedProx,0.5,rep1,6,2026-04-10 14:40:42,1.3721,0.4455,0.8711,0.3299,0.085,125.23436284065247,807.6832103729248
FedProx,0.5,rep1,7,2026-04-10 14:42:49,1.2077,0.5341,0.8886,0.2454,0.0487,129.8263647556305,937.5095751285553
FedProx,0.5,rep1,8,2026-04-10 14:45:01,1.1377,0.5857,0.9017,0.2171,0.0354,129.82368087768555,1067.3332560062408
FedProx,0.5,rep1,9,2026-04-10 14:47:11,1.0906,0.6042,0.9058,0.1056,0.0169,123.69262456893921,1191.02588057518
FedProx,0.5,rep1,10,2026-04-10 14:49:12,1.0705,0.6373,0.9066,0.1793,0.0359,126.31982636451721,1317.3457069396973
FedProx,0.5,rep1,11,2026-04-10 14:51:19,1.078,0.6477,0.9034,0.1916,0.0451,123.74144506454468,1441.087152004242
FedProx,0.5,rep1,12,2026-04-10 14:53:23,1.0879,0.6383,0.9029,0.2248,0.048,121.85014200210571,1562.9372940063477
FedProx,0.5,rep1,13,2026-04-10 14:55:26,1.0729,0.6132,0.898,0.2397,0.0627,124.80079746246338,1687.738091468811
FedProx,0.5,rep1,14,2026-04-10 14:57:30,1.0343,0.6022,0.8997,0.2429,0.0493,125.99119925498962,1813.7292907238007
FedProx,0.5,rep1,15,2026-04-10 14:59:35,0.9867,0.6067,0.9081,0.2433,0.0371,122.37852096557617,1936.1078116893768
FedProx,0.5,rep1,16,2026-04-10 15:01:38,0.951,0.6685,0.9175,0.1831,0.032,125.99156522750854,2062.0993769168854
FedProx,0.5,rep1,17,2026-04-10 15:03:44,0.9573,0.6204,0.9097,0.2313,0.0374,122.65084719657898,2184.7502241134644
FedProx,0.5,rep1,18,2026-04-10 15:05:46,0.9145,0.672,0.9191,0.1215,0.0146,121.29489707946777,2306.045121192932
FedProx,0.5,rep1,19,2026-04-10 15:07:49,0.931,0.6606,0.9151,0.1883,0.0383,120.2432312965393,2426.2883524894714
FedProx,0.5,rep1,20,2026-04-10 15:09:44,0.8889,0.6792,0.9207,0.1408,0.0193,97.38030219078064,2523.668654680252
FedProx,0.5,rep1,21,2026-04-10 15:11:21,0.8919,0.6707,0.9199,0.1343,0.0223,96.6015989780426,2620.2702536582947
FedProx,0.5,rep1,22,2026-04-10 15:12:56,0.8879,0.6774,0.9216,0.1545,0.0248,93.71326637268066,2713.9835200309753
FedProx,0.5,rep1,23,2026-04-10 15:14:28,0.8988,0.6413,0.9159,0.2234,0.0334,92.96898531913757,2806.952505350113
FedProx,0.5,rep1,24,2026-04-10 15:16:02,0.9492,0.6154,0.9086,0.2916,0.05,93.0679063796997,2900.0204117298126
FedProx,0.5,rep1,25,2026-04-10 15:17:34,0.8611,0.6947,0.9222,0.1814,0.0229,91.85259652137756,2991.87300825119
FedProx,0.5,rep1,26,2026-04-10 15:19:04,0.8553,0.6808,0.9198,0.1615,0.0229,89.68862819671631,3081.5616364479065
FedProx,0.5,rep1,27,2026-04-10 15:20:35,0.842,0.6927,0.9236,0.1399,0.0148,91.6090316772461,3173.1706681251526
FedProx,0.5,rep1,28,2026-04-10 15:22:06,0.841,0.6963,0.926,0.1668,0.0207,88.98886561393738,3262.15953373909
FedProx,0.5,rep1,29,2026-04-10 15:23:35,0.8251,0.6979,0.9275,0.1476,0.0178,87.44936919212341,3349.6089029312134
FedProx,0.5,rep1,30,2026-04-10 15:25:03,0.8316,0.6983,0.9224,0.1562,0.0268,86.14165592193604,3435.7505588531494
FedProx,0.5,rep1,31,2026-04-10 15:26:28,0.8094,0.7017,0.9252,0.145,0.0205,84.96132588386536,3520.7118847370148
FedProx,0.5,rep1,32,2026-04-10 15:27:53,0.8265,0.6935,0.9212,0.1821,0.0305,87.60066080093384,3608.3125455379486
FedProx,0.5,rep1,33,2026-04-10 15:29:21,0.8136,0.6984,0.9268,0.1515,0.021,86.34317255020142,3694.65571808815
FedProx,0.5,rep1,34,2026-04-10 15:30:47,0.8816,0.6632,0.9199,0.1925,0.0382,86.06930351257324,3780.7250216007233
FedProx,0.5,rep1,35,2026-04-10 15:32:14,0.875,0.675,0.9171,0.2147,0.0487,88.29598689079285,3869.021008491516
FedProx,0.5,rep1,36,2026-04-10 15:33:41,0.8083,0.7018,0.9246,0.1636,0.0283,88.42583703994751,3957.4468455314636
FedProx,0.5,rep1,37,2026-04-10 15:35:15,0.8391,0.6847,0.9182,0.193,0.0349,120.05578780174255,4077.502633333206
FedProx,0.5,rep1,38,2026-04-10 15:37:15,0.8384,0.6811,0.9224,0.2052,0.0325,112.7448935508728,4190.247526884079
FedProx,0.5,rep1,39,2026-04-10 15:39:19,0.8123,0.6981,0.9267,0.1726,0.0258,156.2052562236786,4346.452783107758
FedProx,0.5,rep1,40,2026-04-10 15:41:43,0.8225,0.6943,0.9254,0.1946,0.0298,97.90154552459717,4444.354328632355
FedProx,0.5,rep1,41,2026-04-10 15:43:22,0.8455,0.6791,0.9238,0.2569,0.0423,108.69097781181335,4553.045306444168
FedProx,0.5,rep1,42,2026-04-10 15:45:07,0.8384,0.6762,0.9281,0.2496,0.0346,93.39684414863586,4646.442150592804
FedProx,0.5,rep1,43,2026-04-10 15:46:40,0.8085,0.7045,0.9301,0.1986,0.0302,96.62090921401978,4743.063059806824
FedProx,0.5,rep1,44,2026-04-10 15:48:18,0.7857,0.7034,0.9246,0.1599,0.0243,94.5101706981659,4837.57323050499
FedProx,0.5,rep1,45,2026-04-10 15:49:52,0.8092,0.703,0.9269,0.1995,0.0324,95.12294626235962,4932.696176767349
FedProx,0.5,rep1,46,2026-04-10 15:51:25,0.7708,0.7093,0.9263,0.1585,0.0244,91.27046465873718,5023.966641426086
FedProx,0.5,rep1,47,2026-04-10 15:53:00,0.8106,0.6921,0.9221,0.1988,0.0351,92.77185344696045,5116.738494873047
FedProx,0.5,rep1,48,2026-04-10 15:54:31,0.8002,0.6876,0.9228,0.1937,0.0307,92.17634081840515,5208.914835691452
FedProx,0.5,rep1,49,2026-04-10 15:56:02,0.831,0.6802,0.92,0.2127,0.044,91.16128754615784,5300.07612323761
FedProx,0.5,rep1,50,2026-04-10 15:57:33,0.7669,0.7089,0.9284,0.1667,0.0221,90.48773717880249,5390.563860416412
FedProx,0.5,rep2,0,2026-04-10 15:59:28,2.3126,0.0569,0.4191,0.0872,0.1544,89.76615309715271,89.76615309715271
FedProx,0.5,rep2,1,2026-04-10 16:00:57,2.1864,0.3186,0.6471,0.3927,0.3034,91.44760990142822,181.21376299858093
FedProx,0.5,rep2,2,2026-04-10 16:02:29,1.975,0.2252,0.7842,0.376,0.155,91.40509915351868,272.6188621520996
FedProx,0.5,rep2,3,2026-04-10 16:03:59,1.6911,0.4547,0.809,0.392,0.1804,88.27711415290833,360.89597630500793
FedProx,0.5,rep2,4,2026-04-10 16:05:28,1.3758,0.5662,0.8974,0.1924,0.0241,89.62948179244995,450.5254580974579
FedProx,0.5,rep2,5,2026-04-10 16:06:57,1.2689,0.5603,0.8984,0.1475,0.0184,92.20297765731812,542.728435754776
FedProx,0.5,rep2,6,2026-04-10 16:08:29,1.2183,0.5617,0.8984,0.1747,0.0335,90.8198766708374,633.5483124256134
FedProx,0.5,rep2,7,2026-04-10 16:10:01,1.204,0.5072,0.898,0.2133,0.026,94.34968376159668,727.8979961872101
FedProx,0.5,rep2,8,2026-04-10 16:11:34,1.1289,0.5871,0.9048,0.1766,0.0187,91.5864884853363,819.4844846725464
FedProx,0.5,rep2,9,2026-04-10 16:13:06,1.0963,0.5966,0.9061,0.1862,0.0248,92.81093120574951,912.2954158782959
FedProx,0.5,rep2,10,2026-04-10 16:14:41,1.0468,0.6446,0.908,0.1827,0.029,92.74250626564026,1005.0379221439362
FedProx,0.5,rep2,11,2026-04-10 16:16:14,1.034,0.635,0.9056,0.1557,0.0271,96.64520335197449,1101.6831254959106
FedProx,0.5,rep2,12,2026-04-10 16:17:54,1.0107,0.6391,0.9119,0.0957,0.0154,98.94013047218323,1200.6232559680939
FedProx,0.5,rep2,13,2026-04-10 16:19:32,1.0251,0.6175,0.9143,0.1422,0.0167,99.0605080127716,1299.6837639808655
FedProx,0.5,rep2,14,2026-04-10 16:21:13,0.9985,0.6469,0.9104,0.2508,0.0446,98.11486673355103,1397.7986307144165
FedProx,0.5,rep2,15,2026-04-10 16:22:48,0.9973,0.6447,0.9056,0.2015,0.0496,98.75642251968384,1496.5550532341003
FedProx,0.5,rep2,16,2026-04-10 16:24:29,1.0207,0.6189,0.9023,0.2363,0.0581,100.58330345153809,1597.1383566856384
FedProx,0.5,rep2,17,2026-04-10 16:26:11,0.9196,0.6723,0.9189,0.1663,0.0248,101.70969653129578,1698.8480532169342
FedProx,0.5,rep2,18,2026-04-10 16:27:51,0.9412,0.6597,0.9098,0.2103,0.0419,105.68018078804016,1804.5282340049744
FedProx,0.5,rep2,19,2026-04-10 16:29:35,0.9356,0.6373,0.9121,0.223,0.0345,106.86221933364868,1911.390453338623
FedProx,0.5,rep2,20,2026-04-10 16:31:24,0.8825,0.6793,0.9193,0.1592,0.023,105.94507956504822,2017.3355329036713
FedProx,0.5,rep2,21,2026-04-10 16:33:09,0.9036,0.6765,0.9207,0.2096,0.0274,97.41383385658264,2114.749366760254
FedProx,0.5,rep2,22,2026-04-10 16:34:45,0.8737,0.6863,0.9208,0.1706,0.0219,96.74239826202393,2211.491765022278
FedProx,0.5,rep2,23,2026-04-10 16:36:24,0.9044,0.6351,0.9153,0.2288,0.0353,103.42330694198608,2314.915071964264
FedProx,0.5,rep2,24,2026-04-10 16:38:09,0.8844,0.6495,0.92,0.1931,0.0236,105.95718789100647,2420.8722598552704
FedProx,0.5,rep2,25,2026-04-10 16:39:55,0.8959,0.6506,0.9184,0.2126,0.0329,107.50097012519836,2528.3732299804688
FedProx,0.5,rep2,26,2026-04-10 16:41:44,0.8868,0.6605,0.9217,0.1674,0.0226,111.53799867630005,2639.911228656769
FedProx,0.5,rep2,27,2026-04-10 16:43:36,0.8919,0.669,0.9187,0.2223,0.0351,112.98693895339966,2752.8981676101685
FedProx,0.5,rep2,28,2026-04-10 16:45:27,0.863,0.6706,0.9183,0.1923,0.0339,112.938316822052,2865.8364844322205
FedProx,0.5,rep2,29,2026-04-10 16:47:20,0.8456,0.6899,0.9231,0.2117,0.0293,108.99171018600464,2974.828194618225
FedProx,0.5,rep2,30,2026-04-10 16:49:09,0.8973,0.6639,0.9148,0.2266,0.041,108.4178204536438,3083.246015071869
FedProx,0.5,rep2,31,2026-04-10 16:50:55,0.8181,0.6996,0.9278,0.1742,0.0202,107.5008134841919,3190.746828556061
FedProx,0.5,rep2,32,2026-04-10 16:52:45,0.8268,0.693,0.9263,0.2089,0.0296,111.32752513885498,3302.0743536949158
FedProx,0.5,rep2,33,2026-04-10 16:54:34,0.8353,0.6837,0.9215,0.1671,0.0273,113.1558735370636,3415.2302272319794
FedProx,0.5,rep2,34,2026-04-10 16:56:29,0.8249,0.6731,0.9226,0.1847,0.0255,112.74796843528748,3527.978195667267
FedProx,0.5,rep2,35,2026-04-10 16:58:22,0.8453,0.6947,0.921,0.1924,0.0387,107.40984916687012,3635.388044834137
FedProx,0.5,rep2,36,2026-04-10 17:00:09,0.8382,0.6791,0.9202,0.1955,0.0337,113.83498454093933,3749.2230293750763
FedProx,0.5,rep2,37,2026-04-10 17:02:04,0.8423,0.676,0.9222,0.2144,0.0334,114.04962205886841,3863.2726514339447
FedProx,0.5,rep2,38,2026-04-10 17:03:58,0.8704,0.669,0.9163,0.2389,0.0494,114.2449939250946,3977.5176453590393
FedProx,0.5,rep2,39,2026-04-10 17:05:54,0.7962,0.703,0.9258,0.1817,0.0255,122.3048734664917,4099.822518825531
FedProx,0.5,rep2,40,2026-04-10 17:07:58,0.7951,0.7038,0.9249,0.1676,0.0239,131.31945991516113,4231.141978740692
FedProx,0.5,rep2,41,2026-04-10 17:10:14,0.8062,0.6985,0.9225,0.1858,0.0325,137.56023359298706,4368.702212333679
FedProx,0.5,rep2,42,2026-04-10 17:12:29,0.8542,0.6915,0.9253,0.2329,0.0417,126.92887902259827,4495.6310913562775
FedProx,0.5,rep2,43,2026-04-10 17:14:27,0.8086,0.6973,0.9281,0.1849,0.0229,139.21191835403442,4634.843009710312
FedProx,0.5,rep2,44,2026-04-10 17:16:54,0.8327,0.6641,0.9242,0.2163,0.0305,143.53734135627747,4778.380351066589
FedProx,0.5,rep2,45,2026-04-10 17:19:20,0.7996,0.7049,0.929,0.2046,0.0269,143.51418280601501,4921.894533872604
FedProx,0.5,rep2,46,2026-04-10 17:21:43,0.8348,0.6882,0.9256,0.2573,0.0406,136.87809467315674,5058.772628545761
FedProx,0.5,rep2,47,2026-04-10 17:23:59,0.7843,0.7005,0.9254,0.1754,0.0277,132.1094138622284,5190.8820424079895
FedProx,0.5,rep2,48,2026-04-10 17:26:10,0.8168,0.6691,0.9269,0.1565,0.0205,133.46826457977295,5324.350306987762
FedProx,0.5,rep2,49,2026-04-10 17:28:28,0.7609,0.7109,0.9294,0.1419,0.0192,144.4452841281891,5468.7955911159515
FedProx,0.5,rep2,50,2026-04-10 17:30:50,0.7737,0.7038,0.9277,0.1768,0.0245,140.7143771648407,5609.509968280792
FedProx,0.5,rep3,0,2026-04-10 17:33:26,2.3126,0.0569,0.4191,0.0872,0.1544,137.58853435516357,137.58853435516357
FedProx,0.5,rep3,1,2026-04-10 17:35:52,2.1698,0.2009,0.6894,0.2028,0.2477,145.70486688613892,283.2934012413025
FedProx,0.5,rep3,2,2026-04-10 17:38:23,1.8667,0.2786,0.8205,0.294,0.1119,176.23221921920776,459.52562046051025
FedProx,0.5,rep3,3,2026-04-10 17:41:15,1.5923,0.4453,0.8715,0.2273,0.0624,152.33016443252563,611.8557848930359
FedProx,0.5,rep3,4,2026-04-10 17:43:42,1.4031,0.4691,0.89,0.2023,0.033,139.1372652053833,750.9930500984192
FedProx,0.5,rep3,5,2026-04-10 17:45:58,1.2928,0.5575,0.8876,0.2121,0.0531,138.6866226196289,889.6796727180481
FedProx,0.5,rep3,6,2026-04-10 17:48:17,1.2646,0.4875,0.8952,0.1939,0.0297,117.1495418548584,1006.8292145729065
FedProx,0.5,rep3,7,2026-04-10 17:50:14,1.2146,0.5229,0.8955,0.2121,0.0348,113.3301272392273,1120.1593418121338
FedProx,0.5,rep3,8,2026-04-10 17:52:04,1.1683,0.5599,0.9019,0.2043,0.0343,106.38457036018372,1226.5439121723175
FedProx,0.5,rep3,9,2026-04-10 17:53:50,1.0983,0.5891,0.9032,0.1157,0.0212,101.38817024230957,1327.932082414627
FedProx,0.5,rep3,10,2026-04-10 17:55:29,1.1981,0.4941,0.8899,0.243,0.037,99.927579164505,1427.859661579132
FedProx,0.5,rep3,11,2026-04-10 17:57:11,1.0278,0.6433,0.9086,0.1583,0.0226,98.37650465965271,1526.2361662387848
FedProx,0.5,rep3,12,2026-04-10 17:58:51,1.0153,0.6337,0.91,0.1146,0.0238,109.77754878997803,1636.0137150287628
FedProx,0.5,rep3,13,2026-04-10 18:00:41,0.989,0.6541,0.9117,0.19,0.0287,108.24604892730713,1744.25976395607
FedProx,0.5,rep3,14,2026-04-10 18:02:29,0.9939,0.6173,0.9071,0.2039,0.0322,106.91862368583679,1851.1783876419067
FedProx,0.5,rep3,15,2026-04-10 18:04:17,0.9778,0.6479,0.9141,0.2018,0.0249,113.60590672492981,1964.7842943668365
FedProx,0.5,rep3,16,2026-04-10 18:06:15,0.953,0.6369,0.9129,0.1763,0.0243,116.27780771255493,2081.0621020793915
FedProx,0.5,rep3,17,2026-04-10 18:08:06,0.953,0.6246,0.915,0.1803,0.0207,106.1497848033905,2187.211886882782
FedProx,0.5,rep3,18,2026-04-10 18:09:53,0.9469,0.6233,0.9112,0.232,0.0345,105.93728590011597,2293.149172782898
FedProx,0.5,rep3,19,2026-04-10 18:11:39,0.9755,0.6057,0.911,0.2317,0.038,108.58225464820862,2401.7314274311066
FedProx,0.5,rep3,20,2026-04-10 18:13:28,0.9039,0.6644,0.9157,0.1651,0.024,117.18237733840942,2518.913804769516
FedProx,0.5,rep3,21,2026-04-10 18:15:25,0.9237,0.6629,0.9214,0.223,0.0322,120.07232356071472,2638.9861283302307
FedProx,0.5,rep3,22,2026-04-10 18:17:30,0.8855,0.6806,0.9223,0.1869,0.0298,130.71636056900024,2769.702488899231
FedProx,0.5,rep3,23,2026-04-10 18:19:33,0.9323,0.621,0.9116,0.2571,0.0423,133.98366141319275,2903.6861503124237
FedProx,0.5,rep3,24,2026-04-10 18:21:55,0.8573,0.6913,0.9217,0.1761,0.0231,138.60382843017578,3042.2899787425995
FedProx,0.5,rep3,25,2026-04-10 18:24:12,0.8706,0.6647,0.9201,0.1626,0.025,118.42672657966614,3160.7167053222656
FedProx,0.5,rep3,26,2026-04-10 18:26:05,0.8691,0.6746,0.9206,0.1684,0.0297,110.07961964607239,3270.796324968338
FedProx,0.5,rep3,27,2026-04-10 18:27:56,0.8918,0.665,0.9153,0.2368,0.0436,104.98084378242493,3375.777168750763
FedProx,0.5,rep3,28,2026-04-10 18:29:41,0.8742,0.6482,0.9166,0.2366,0.0353,106.12028765678406,3481.897456407547
FedProx,0.5,rep3,29,2026-04-10 18:31:28,0.8247,0.7011,0.9264,0.1581,0.0178,110.86509251594543,3592.7625489234924
FedProx,0.5,rep3,30,2026-04-10 18:33:19,0.8278,0.6948,0.9232,0.1538,0.0203,116.48244500160217,3709.2449939250946
FedProx,0.5,rep3,31,2026-04-10 18:35:17,0.8427,0.6914,0.922,0.201,0.0293,125.27038955688477,3834.5153834819794
FedProx,0.5,rep3,32,2026-04-10 18:37:20,0.8715,0.6616,0.9159,0.2103,0.0397,125.2880597114563,3959.8034431934357
FedProx,0.5,rep3,33,2026-04-10 18:39:29,0.8327,0.6814,0.9244,0.1936,0.027,125.60260581970215,4085.406049013138
FedProx,0.5,rep3,34,2026-04-10 18:41:37,0.9183,0.6353,0.9264,0.2926,0.0387,134.15066647529602,4219.556715488434
FedProx,0.5,rep3,35,2026-04-10 18:43:49,0.8357,0.6923,0.9256,0.1906,0.0308,129.98698735237122,4349.543702840805
FedProx,0.5,rep3,36,2026-04-10 18:45:59,0.8052,0.7013,0.9289,0.154,0.0213,129.0080692768097,4478.551772117615
FedProx,0.5,rep3,37,2026-04-10 18:48:08,0.8196,0.7008,0.9287,0.2075,0.03,123.69416427612305,4602.245936393738
FedProx,0.5,rep3,38,2026-04-10 18:50:11,0.8092,0.6906,0.9269,0.19,0.0255,119.41826915740967,4721.6642055511475
FedProx,0.5,rep3,39,2026-04-10 18:52:08,0.7974,0.7034,0.9265,0.1933,0.0287,118.27561974525452,4839.939825296402
FedProx,0.5,rep3,40,2026-04-10 18:54:08,0.7968,0.7003,0.9236,0.1708,0.0296,119.62133312225342,4959.561158418655
FedProx,0.5,rep3,41,2026-04-10 18:56:06,0.794,0.7038,0.9276,0.1944,0.0293,117.54769468307495,5077.10885310173
FedProx,0.5,rep3,42,2026-04-10 18:58:05,0.7909,0.702,0.9276,0.1746,0.0287,125.73958158493042,5202.848434686661
FedProx,0.5,rep3,43,2026-04-10 19:00:09,0.7841,0.7055,0.9305,0.172,0.0241,121.33209562301636,5324.180530309677
FedProx,0.5,rep3,44,2026-04-10 19:02:12,0.7668,0.7134,0.9297,0.1725,0.0229,122.81956434249878,5447.000094652176
FedProx,0.5,rep3,45,2026-04-10 19:04:14,0.7984,0.6934,0.9231,0.1767,0.0328,120.5110297203064,5567.511124372482
FedProx,0.5,rep3,46,2026-04-10 19:06:15,0.7724,0.7123,0.9287,0.1855,0.0265,119.07548379898071,5686.586608171463
FedProx,0.5,rep3,47,2026-04-10 19:08:14,0.7614,0.71,0.9283,0.1524,0.0201,117.55610084533691,5804.1427090168
FedProx,0.5,rep3,48,2026-04-10 19:10:11,0.7755,0.6963,0.9283,0.142,0.0178,113.86090874671936,5918.003617763519
FedProx,0.5,rep3,49,2026-04-10 19:12:06,0.7621,0.7076,0.9278,0.1471,0.0199,115.86696171760559,6033.870579481125
FedProx,0.5,rep3,50,2026-04-10 19:14:01,0.8269,0.6686,0.9195,0.2277,0.0418,122.39310693740845,6156.263686418533
FedProx,0.5,rep4,0,2026-04-10 19:16:20,2.3126,0.0569,0.4191,0.0872,0.1544,107.57655835151672,107.57655835151672
FedProx,0.5,rep4,1,2026-04-10 19:18:15,2.2793,0.1542,0.5876,0.2348,0.313,121.78428721427917,229.3608455657959
FedProx,0.5,rep4,2,2026-04-10 19:20:14,1.8595,0.4351,0.826,0.2908,0.1581,117.3194968700409,346.6803424358368
FedProx,0.5,rep4,3,2026-04-10 19:22:11,1.6261,0.4878,0.8408,0.2958,0.1388,106.75564050674438,453.4359829425812
FedProx,0.5,rep4,4,2026-04-10 19:23:58,1.3968,0.5227,0.8919,0.2497,0.0414,105.08315777778625,558.5191407203674
FedProx,0.5,rep4,5,2026-04-10 19:25:39,1.3341,0.4984,0.892,0.2849,0.0505,97.6418137550354,656.1609544754028
FedProx,0.5,rep4,6,2026-04-10 19:27:15,1.2255,0.5428,0.8938,0.1404,0.0311,94.57513856887817,750.736093044281
FedProx,0.5,rep4,7,2026-04-10 19:28:49,1.1855,0.5615,0.9005,0.1803,0.0224,94.53454279899597,845.270635843277
FedProx,0.5,rep4,8,2026-04-10 19:30:36,1.1088,0.6215,0.9038,0.1482,0.0265,142.74842238426208,988.0190582275391
FedProx,0.5,rep4,9,2026-04-10 19:32:45,1.1361,0.6101,0.9005,0.2106,0.0426,93.21102046966553,1081.2300786972046
FedProx,0.5,rep4,10,2026-04-10 19:34:19,1.0587,0.6225,0.909,0.2,0.0309,92.49062442779541,1173.720703125
FedProx,0.5,rep4,11,2026-04-10 19:35:50,1.0363,0.6333,0.9056,0.1594,0.0283,92.89855909347534,1266.6192622184753
FedProx,0.5,rep4,12,2026-04-10 19:37:22,1.0914,0.5497,0.9028,0.2608,0.0352,89.66117429733276,1356.280436515808
FedProx,0.5,rep4,13,2026-04-10 19:38:52,1.0454,0.6087,0.9083,0.1947,0.0284,90.50308918952942,1446.7835257053375
FedProx,0.5,rep4,14,2026-04-10 19:40:23,1.0225,0.6209,0.9098,0.1916,0.0306,90.47435235977173,1537.2578780651093
FedProx,0.5,rep4,15,2026-04-10 19:41:53,0.9872,0.6434,0.9071,0.1978,0.0361,90.97394752502441,1628.2318255901337
FedProx,0.5,rep4,16,2026-04-10 19:43:25,0.9349,0.6673,0.9156,0.131,0.0183,92.01160645484924,1720.243432044983
FedProx,0.5,rep4,17,2026-04-10 19:44:57,0.9805,0.6259,0.9163,0.2698,0.039,106.19792199134827,1826.4413540363312
FedProx,0.5,rep4,18,2026-04-10 19:46:42,0.9258,0.6682,0.914,0.1892,0.028,87.95952677726746,1914.4008808135986
FedProx,0.5,rep4,19,2026-04-10 19:48:11,0.9492,0.641,0.9102,0.2033,0.0402,88.52033424377441,2002.921215057373
FedProx,0.5,rep4,20,2026-04-10 19:49:38,0.9457,0.6728,0.9195,0.2095,0.0374,86.03008580207825,2088.9513008594513
FedProx,0.5,rep4,21,2026-04-10 19:51:07,0.8858,0.6862,0.9196,0.1537,0.0242,89.79605960845947,2178.7473604679108
FedProx,0.5,rep4,22,2026-04-10 19:52:35,0.8871,0.681,0.92,0.2025,0.0278,88.69632863998413,2267.443689107895
FedProx,0.5,rep4,23,2026-04-10 19:54:03,0.8847,0.6795,0.9188,0.1873,0.0297,85.38710951805115,2352.830798625946
FedProx,0.5,rep4,24,2026-04-10 19:55:30,0.9029,0.6727,0.9195,0.2019,0.0293,89.32945680618286,2442.160255432129
FedProx,0.5,rep4,25,2026-04-10 19:56:57,0.9161,0.6657,0.9141,0.2608,0.0539,86.67842650413513,2528.838681936264
FedProx,0.5,rep4,26,2026-04-10 19:58:24,0.839,0.6967,0.9246,0.1617,0.0193,83.81054186820984,2612.649223804474
FedProx,0.5,rep4,27,2026-04-10 19:59:49,0.8429,0.6946,0.9238,0.1854,0.0245,89.94250726699829,2702.591731071472
FedProx,0.5,rep4,28,2026-04-10 20:01:19,0.8678,0.684,0.9177,0.1858,0.0318,88.8535385131836,2791.4452695846558
FedProx,0.5,rep4,29,2026-04-10 20:02:48,0.8788,0.6879,0.9213,0.2188,0.0382,90.16190814971924,2881.607177734375
FedProx,0.5,rep4,30,2026-04-10 20:04:18,0.8506,0.6938,0.9233,0.2016,0.0307,89.97083520889282,2971.578012943268
FedProx,0.5,rep4,31,2026-04-10 20:05:47,0.8909,0.6697,0.9166,0.2229,0.04,86.34637403488159,3057.9243869781494
FedProx,0.5,rep4,32,2026-04-10 20:07:14,0.8692,0.6701,0.923,0.2708,0.0413,87.49670076370239,3145.421087741852
FedProx,0.5,rep4,33,2026-04-10 20:08:41,0.8457,0.6867,0.929,0.1843,0.023,84.75762033462524,3230.178708076477
FedProx,0.5,rep4,34,2026-04-10 20:10:06,0.8046,0.7028,0.928,0.1631,0.0219,87.88127064704895,3318.059978723526
FedProx,0.5,rep4,35,2026-04-10 20:11:34,0.8011,0.701,0.927,0.1626,0.0204,87.4091169834137,3405.4690957069397
FedProx,0.5,rep4,36,2026-04-10 20:13:02,0.8284,0.6877,0.9246,0.2224,0.0361,90.68445587158203,3496.1535515785217
FedProx,0.5,rep4,37,2026-04-10 20:14:32,0.7922,0.7051,0.927,0.1307,0.0178,87.35654926300049,3583.510100841522
FedProx,0.5,rep4,38,2026-04-10 20:15:58,0.8075,0.6961,0.9259,0.172,0.0288,88.72460007667542,3672.2347009181976
FedProx,0.5,rep4,39,2026-04-10 20:17:28,0.7795,0.7119,0.9288,0.1485,0.018,89.61263346672058,3761.847334384918
FedProx,0.5,rep4,40,2026-04-10 20:18:58,0.787,0.7076,0.929,0.1684,0.0231,86.24799036979675,3848.095324754715
FedProx,0.5,rep4,41,2026-04-10 20:20:23,0.8212,0.6945,0.9248,0.1757,0.0216,85.58221387863159,3933.6775386333466
FedProx,0.5,rep4,42,2026-04-10 20:21:49,0.7731,0.7118,0.927,0.1597,0.023,85.56970143318176,4019.2472400665283
FedProx,0.5,rep4,43,2026-04-10 20:23:15,0.8582,0.6507,0.9179,0.2601,0.0448,87.16692399978638,4106.414164066315
FedProx,0.5,rep4,44,2026-04-10 20:24:42,0.805,0.7001,0.926,0.2167,0.0303,87.02488398551941,4193.439048051834
FedProx,0.5,rep4,45,2026-04-10 20:26:09,0.7932,0.6986,0.9242,0.1739,0.0274,85.43739771842957,4278.876445770264
FedProx,0.5,rep4,46,2026-04-10 20:27:35,0.8806,0.685,0.9217,0.2486,0.044,88.54524254798889,4367.421688318253
FedProx,0.5,rep4,47,2026-04-10 20:29:03,0.8046,0.696,0.9262,0.2071,0.0308,86.0202739238739,4453.4419622421265
FedProx,0.5,rep4,48,2026-04-10 20:30:29,0.8647,0.6789,0.9224,0.2778,0.0478,87.59731841087341,4541.039280653
FedProx,0.5,rep4,49,2026-04-10 20:31:58,0.7727,0.7043,0.9261,0.1506,0.0221,88.53220844268799,4629.571489095688
FedProx,0.5,rep4,50,2026-04-10 20:33:25,0.828,0.6531,0.9218,0.2456,0.0336,85.52036190032959,4715.0918509960175
FedProx,0.5,rep5,0,2026-04-10 20:35:15,2.3126,0.0569,0.4191,0.0872,0.1544,86.96803021430969,86.96803021430969
FedProx,0.5,rep5,1,2026-04-10 20:36:40,2.2048,0.1693,0.659,0.3384,0.1842,86.25374245643616,173.22177267074585
FedProx,0.5,rep5,2,2026-04-10 20:38:07,1.8727,0.4281,0.8015,0.3523,0.1855,89.23769283294678,262.4594655036926
FedProx,0.5,rep5,3,2026-04-10 20:39:35,1.541,0.5516,0.894,0.2308,0.0371,84.09278964996338,346.552255153656
FedProx,0.5,rep5,4,2026-04-10 20:40:59,1.3658,0.5354,0.8981,0.1347,0.0204,85.17935991287231,431.7316150665283
FedProx,0.5,rep5,5,2026-04-10 20:42:25,1.271,0.5721,0.8927,0.1356,0.0481,85.61745929718018,517.3490743637085
FedProx,0.5,rep5,6,2026-04-10 20:43:51,1.2735,0.4863,0.8955,0.19,0.0366,87.52048015594482,604.8695545196533
FedProx,0.5,rep5,7,2026-04-10 20:45:18,1.1799,0.5483,0.8981,0.2095,0.0276,85.57135820388794,690.4409127235413
FedProx,0.5,rep5,8,2026-04-10 20:46:43,1.1493,0.558,0.9049,0.1976,0.0337,87.16364908218384,777.6045618057251
FedProx,0.5,rep5,9,2026-04-10 20:48:11,1.1099,0.5636,0.9035,0.1396,0.0247,86.27179455757141,863.8763563632965
FedProx,0.5,rep5,10,2026-04-10 20:49:37,1.224,0.5368,0.8955,0.2818,0.0509,87.95328950881958,951.8296458721161
FedProx,0.5,rep5,11,2026-04-10 20:51:06,1.061,0.5905,0.9062,0.1654,0.0271,85.6491117477417,1037.4787576198578
FedProx,0.5,rep5,12,2026-04-10 20:52:30,1.0132,0.6419,0.915,0.1436,0.019,84.52382969856262,1122.0025873184204
FedProx,0.5,rep5,13,2026-04-10 20:53:55,0.9825,0.6623,0.9131,0.1843,0.0296,86.08674597740173,1208.0893332958221
FedProx,0.5,rep5,14,2026-04-10 20:55:21,1.0741,0.5892,0.9067,0.3256,0.0587,86.50844931602478,1294.597782611847
FedProx,0.5,rep5,15,2026-04-10 20:56:48,1.0073,0.5973,0.9048,0.2525,0.0446,89.62569808959961,1384.2234807014465
FedProx,0.5,rep5,16,2026-04-10 20:58:16,0.9462,0.6602,0.919,0.1834,0.028,83.79856371879578,1468.0220444202423
FedProx,0.5,rep5,17,2026-04-10 20:59:41,0.9387,0.6659,0.9172,0.1729,0.0324,86.84283208847046,1554.8648765087128
FedProx,0.5,rep5,18,2026-04-10 21:01:08,0.9073,0.6807,0.9197,0.1786,0.0258,87.23972272872925,1642.104599237442
FedProx,0.5,rep5,19,2026-04-10 21:02:35,0.9152,0.6815,0.9193,0.1842,0.0251,87.7248523235321,1729.8294515609741
FedProx,0.5,rep5,20,2026-04-10 21:04:03,0.8861,0.6834,0.9226,0.169,0.023,84.04879236221313,1813.8782439231873
FedProx,0.5,rep5,21,2026-04-10 21:05:27,0.8781,0.6863,0.9206,0.1809,0.0243,87.93582963943481,1901.814073562622
FedProx,0.5,rep5,22,2026-04-10 21:06:55,0.9035,0.6679,0.918,0.2132,0.0322,85.97657060623169,1987.7906441688538
FedProx,0.5,rep5,23,2026-04-10 21:08:21,0.854,0.6934,0.9244,0.1709,0.0212,90.47062683105469,2078.2612709999084
FedProx,0.5,rep5,24,2026-04-10 21:09:54,0.8862,0.6738,0.9182,0.2032,0.0339,104.47398805618286,2182.7352590560913
FedProx,0.5,rep5,25,2026-04-10 21:11:39,0.8866,0.6702,0.9168,0.1971,0.0355,104.7731659412384,2287.5084249973297
FedProx,0.5,rep5,26,2026-04-10 21:13:25,0.8578,0.6762,0.9194,0.1812,0.0312,109.99665808677673,2397.5050830841064
FedProx,0.5,rep5,27,2026-04-10 21:15:15,0.835,0.6935,0.9256,0.192,0.0253,108.2070381641388,2505.7121212482452
FedProx,0.5,rep5,28,2026-04-10 21:17:02,0.8161,0.7014,0.9262,0.1407,0.0189,107.03093028068542,2612.7430515289307
FedProx,0.5,rep5,29,2026-04-10 21:18:50,0.8768,0.6677,0.9222,0.1971,0.0305,106.40737128257751,2719.150422811508
FedProx,0.5,rep5,30,2026-04-10 21:20:37,0.8903,0.6277,0.921,0.2317,0.0263,112.58536672592163,2831.73578953743
FedProx,0.5,rep5,31,2026-04-10 21:22:28,0.8965,0.638,0.9135,0.2408,0.0448,109.14440417289734,2940.880193710327
FedProx,0.5,rep5,32,2026-04-10 21:24:18,0.8257,0.6875,0.9238,0.1727,0.0244,107.81151390075684,3048.691707611084
FedProx,0.5,rep5,33,2026-04-10 21:26:04,0.8632,0.6762,0.9224,0.2629,0.0423,107.28483319282532,3155.9765408039093
FedProx,0.5,rep5,34,2026-04-10 21:27:52,0.8574,0.6808,0.9204,0.2335,0.041,105.28529334068298,3261.2618341445923
FedProx,0.5,rep5,35,2026-04-10 21:29:38,0.8225,0.6926,0.9253,0.2052,0.0317,104.69966530799866,3365.961499452591
FedProx,0.5,rep5,36,2026-04-10 21:31:24,0.7952,0.7047,0.9289,0.1616,0.0206,113.54362034797668,3479.5051198005676
FedProx,0.5,rep5,37,2026-04-10 21:33:16,0.81,0.6958,0.9253,0.1779,0.031,104.61141061782837,3584.116530418396
FedProx,0.5,rep5,38,2026-04-10 21:35:02,0.8637,0.6432,0.9212,0.2313,0.0339,110.26180100440979,3694.378331422806
FedProx,0.5,rep5,39,2026-04-10 21:36:52,0.8434,0.6518,0.9202,0.2434,0.0341,109.66207075119019,3804.040402173996
FedProx,0.5,rep5,40,2026-04-10 21:38:40,0.8316,0.6731,0.9193,0.211,0.0386,107.47299194335938,3911.5133941173553
FedProx,0.5,rep5,41,2026-04-10 21:40:31,0.8068,0.6909,0.923,0.1772,0.032,111.72523021697998,4023.2386243343353
FedProx,0.5,rep5,42,2026-04-10 21:42:20,0.7925,0.7066,0.928,0.1695,0.0277,108.21295595169067,4131.451580286026
FedProx,0.5,rep5,43,2026-04-10 21:44:08,0.8137,0.6967,0.9287,0.2251,0.0342,109.45027613639832,4240.901856422424
FedProx,0.5,rep5,44,2026-04-10 21:45:57,0.8354,0.6926,0.9229,0.2414,0.0395,91.10247278213501,4332.004329204559
FedProx,0.5,rep5,45,2026-04-10 21:47:26,0.7722,0.7089,0.9308,0.1732,0.0202,88.55029582977295,4420.554625034332
FedProx,0.5,rep5,46,2026-04-10 21:48:54,0.7886,0.6971,0.9273,0.1724,0.025,89.00943636894226,4509.5640614032745
FedProx,0.5,rep5,47,2026-04-10 21:50:26,0.8058,0.693,0.9225,0.1957,0.0363,93.45224690437317,4603.016308307648
FedProx,0.5,rep5,48,2026-04-10 21:51:55,0.7713,0.7116,0.9319,0.1674,0.0218,83.17477488517761,4686.191083192825
FedProx,0.5,rep5,49,2026-04-10 21:53:19,0.7969,0.6803,0.9254,0.1878,0.0225,85.50882458686829,4771.699907779694
FedProx,0.5,rep5,50,2026-04-10 21:54:45,0.7555,0.7163,0.9307,0.1602,0.0184,85.15532302856445,4856.855230808258
FedProx,0.75,rep1,0,2026-04-10 21:56:33,2.3126,0.0569,0.4191,0.0872,0.1544,123.26490521430969,123.26490521430969
FedProx,0.75,rep1,1,2026-04-10 21:58:35,2.1609,0.2033,0.6876,0.3683,0.1931,120.5549852848053,243.819890499115
FedProx,0.75,rep1,2,2026-04-10 22:00:36,1.8316,0.4285,0.8562,0.2727,0.0733,122.66792178153992,366.4878122806549
FedProx,0.75,rep1,3,2026-04-10 22:02:38,1.5692,0.4626,0.8673,0.3076,0.0771,119.62413001060486,486.11194229125977
FedProx,0.75,rep1,4,2026-04-10 22:04:38,1.3703,0.5337,0.8964,0.1828,0.0417,118.37362957000732,604.4855718612671
FedProx,0.75,rep1,5,2026-04-10 22:06:37,1.272,0.5858,0.895,0.1959,0.0418,121.5662899017334,726.0518617630005
FedProx,0.75,rep1,6,2026-04-10 22:08:38,1.1828,0.6114,0.9027,0.1623,0.0301,123.61126828193665,849.6631300449371
FedProx,0.75,rep1,7,2026-04-10 22:10:42,1.1269,0.6078,0.9052,0.1251,0.0164,122.47557616233826,972.1387062072754
FedProx,0.75,rep1,8,2026-04-10 22:12:44,1.1051,0.5847,0.906,0.0754,0.0132,117.93257212638855,1090.071278333664
FedProx,0.75,rep1,9,2026-04-10 22:14:41,1.066,0.6194,0.9096,0.1006,0.0152,118.98741793632507,1209.058696269989
FedProx,0.75,rep1,10,2026-04-10 22:16:41,1.0412,0.6274,0.9104,0.1724,0.0273,116.86804127693176,1325.9267375469208
FedProx,0.75,rep1,11,2026-04-10 22:18:38,1.0286,0.6287,0.9061,0.1613,0.0282,123.10083436965942,1449.0275719165802
FedProx,0.75,rep1,12,2026-04-10 22:20:41,1.0214,0.5999,0.9098,0.1607,0.0204,118.87178206443787,1567.899353981018
FedProx,0.75,rep1,13,2026-04-10 22:22:40,0.9853,0.6317,0.9129,0.1089,0.0138,121.74172282218933,1689.6410768032074
FedProx,0.75,rep1,14,2026-04-10 22:24:42,0.9514,0.6668,0.9156,0.1516,0.0221,121.25596761703491,1810.8970444202423
FedProx,0.75,rep1,15,2026-04-10 22:26:43,0.9409,0.6704,0.9162,0.1565,0.0217,120.268545627594,1931.1655900478363
FedProx,0.75,rep1,16,2026-04-10 22:28:43,0.9439,0.6584,0.9145,0.1415,0.0183,121.34943866729736,2052.5150287151337
FedProx,0.75,rep1,17,2026-04-10 22:30:45,0.918,0.6737,0.9159,0.1597,0.0217,121.17891526222229,2173.693943977356
FedProx,0.75,rep1,18,2026-04-10 22:32:46,0.9227,0.6773,0.9158,0.1916,0.0272,120.00449419021606,2293.698438167572
FedProx,0.75,rep1,19,2026-04-10 22:34:46,0.901,0.6674,0.9181,0.1399,0.0217,121.89100813865662,2415.5894463062286
FedProx,0.75,rep1,20,2026-04-10 22:36:48,0.8999,0.6786,0.9181,0.1852,0.0277,117.24269556999207,2532.8321418762207
FedProx,0.75,rep1,21,2026-04-10 22:38:45,0.8819,0.6768,0.9209,0.1204,0.0153,119.59622168540955,2652.4283635616302
FedProx,0.75,rep1,22,2026-04-10 22:40:46,0.864,0.6833,0.9207,0.1572,0.0218,118.74443173408508,2771.1727952957153
FedProx,0.75,rep1,23,2026-04-10 22:42:43,0.8708,0.6867,0.9197,0.193,0.0333,120.02820754051208,2891.2010028362274
FedProx,0.75,rep1,24,2026-04-10 22:44:43,0.8553,0.6873,0.9202,0.1549,0.0221,122.83009958267212,3014.0311024188995
FedProx,0.75,rep1,25,2026-04-10 22:46:47,0.8472,0.6862,0.9209,0.1563,0.0218,122.46993207931519,3136.5010344982147
FedProx,0.75,rep1,26,2026-04-10 22:48:48,0.8317,0.6961,0.9255,0.1563,0.0185,118.59301781654358,3255.0940523147583
FedProx,0.75,rep1,27,2026-04-10 22:50:48,0.8349,0.6869,0.9237,0.1463,0.0225,123.22614336013794,3378.3201956748962
FedProx,0.75,rep1,28,2026-04-10 22:52:50,0.8357,0.6907,0.9225,0.1933,0.0294,118.00879573822021,3496.3289914131165
FedProx,0.75,rep1,29,2026-04-10 22:54:50,0.827,0.6947,0.9238,0.1698,0.023,122.41456723213196,3618.7435586452484
FedProx,0.75,rep1,30,2026-04-10 22:56:52,0.81,0.7024,0.9264,0.1613,0.0211,122.87520360946655,3741.618762254715
FedProx,0.75,rep1,31,2026-04-10 22:58:55,0.805,0.7041,0.9278,0.1358,0.017,124.74190068244934,3866.3606629371643
FedProx,0.75,rep1,32,2026-04-10 23:00:58,0.8011,0.7064,0.9274,0.165,0.0205,120.13954591751099,3986.5002088546753
FedProx,0.75,rep1,33,2026-04-10 23:02:58,0.828,0.6936,0.9228,0.1949,0.0293,122.38021469116211,4108.880423545837
FedProx,0.75,rep1,34,2026-04-10 23:05:01,0.8098,0.7021,0.925,0.1792,0.0244,121.26337456703186,4230.143798112869
FedProx,0.75,rep1,35,2026-04-10 23:07:03,0.8052,0.7011,0.9258,0.1768,0.0241,124.00807666778564,4354.151874780655
FedProx,0.75,rep1,36,2026-04-10 23:09:06,0.7912,0.7078,0.927,0.1414,0.0202,121.14987421035767,4475.301748991013
FedProx,0.75,rep1,37,2026-04-10 23:11:08,0.8079,0.7057,0.9282,0.1956,0.0258,124.58557629585266,4599.887325286865
FedProx,0.75,rep1,38,2026-04-10 23:13:12,0.8037,0.7045,0.9254,0.204,0.031,119.6406421661377,4719.527967453003
FedProx,0.75,rep1,39,2026-04-10 23:15:13,0.7899,0.707,0.9261,0.1621,0.0208,122.02557015419006,4841.553537607193
FedProx,0.75,rep1,40,2026-04-10 23:17:14,0.7812,0.7039,0.9261,0.1491,0.0222,121.91305041313171,4963.466588020325
FedProx,0.75,rep1,41,2026-04-10 23:19:16,0.7855,0.7018,0.9268,0.1687,0.0237,122.6932761669159,5086.159864187241
FedProx,0.75,rep1,42,2026-04-10 23:21:18,0.7857,0.6979,0.9258,0.1569,0.0243,119.96445941925049,5206.124323606491
FedProx,0.75,rep1,43,2026-04-10 23:23:19,0.7749,0.7122,0.9292,0.1817,0.0239,123.22854733467102,5329.352870941162
FedProx,0.75,rep1,44,2026-04-10 23:25:21,0.7666,0.7139,0.928,0.1524,0.0218,120.48386454582214,5449.836735486984
FedProx,0.75,rep1,45,2026-04-10 23:27:23,0.7754,0.7103,0.927,0.1753,0.0246,117.98666596412659,5567.823401451111
FedProx,0.75,rep1,46,2026-04-10 23:29:21,0.7646,0.7128,0.9275,0.1544,0.0216,121.64806747436523,5689.471468925476
FedProx,0.75,rep1,47,2026-04-10 23:31:23,0.7628,0.7136,0.9278,0.151,0.0221,124.69927048683167,5814.170739412308
FedProx,0.75,rep1,48,2026-04-10 23:33:27,0.7763,0.7064,0.9258,0.1696,0.0293,123.7425045967102,5937.913244009018
FedProx,0.75,rep1,49,2026-04-10 23:35:29,0.762,0.7169,0.9308,0.1795,0.0224,118.66350960731506,6056.576753616333
FedProx,0.75,rep1,50,2026-04-10 23:37:29,0.7856,0.6981,0.9251,0.1872,0.0285,130.38769721984863,6186.964450836182
FedProx,0.75,rep2,0,2026-04-10 23:40:01,2.3126,0.0569,0.4191,0.0872,0.1544,122.0555374622345,122.0555374622345
FedProx,0.75,rep2,1,2026-04-10 23:42:03,2.171,0.1289,0.7223,0.2303,0.1231,122.96128392219543,245.01682138442993
FedProx,0.75,rep2,2,2026-04-10 23:44:06,1.8845,0.3805,0.8128,0.2352,0.1598,121.82037353515625,366.8371949195862
FedProx,0.75,rep2,3,2026-04-10 23:46:08,1.6169,0.4681,0.8611,0.2486,0.1077,124.74466347694397,491.58185839653015
FedProx,0.75,rep2,4,2026-04-10 23:48:13,1.3949,0.5338,0.888,0.2543,0.0485,122.9349410533905,614.5167994499207
FedProx,0.75,rep2,5,2026-04-10 23:50:16,1.2976,0.5716,0.8873,0.2,0.0577,122.93253779411316,737.4493372440338
FedProx,0.75,rep2,6,2026-04-10 23:52:19,1.2148,0.5621,0.9002,0.1666,0.0374,123.9950852394104,861.4444224834442
FedProx,0.75,rep2,7,2026-04-10 23:54:23,1.1469,0.6088,0.9048,0.1241,0.0259,119.58210372924805,981.0265262126923
FedProx,0.75,rep2,8,2026-04-10 23:56:23,1.1126,0.6064,0.9054,0.1258,0.0169,123.19013381004333,1104.2166600227356
FedProx,0.75,rep2,9,2026-04-10 23:58:26,1.0729,0.6236,0.9051,0.141,0.0238,124.06888556480408,1228.2855455875397
FedProx,0.75,rep2,10,2026-04-11 00:00:29,1.044,0.6271,0.9085,0.0927,0.0175,121.03161835670471,1349.3171639442444
FedProx,0.75,rep2,11,2026-04-11 00:02:30,1.04,0.6462,0.9075,0.1692,0.0276,124.92179870605469,1474.238962650299
FedProx,0.75,rep2,12,2026-04-11 00:04:35,1.0246,0.6523,0.9082,0.2007,0.0371,121.78715562820435,1596.0261182785034
FedProx,0.75,rep2,13,2026-04-11 00:06:39,0.9781,0.6549,0.9119,0.1261,0.0182,122.64923357963562,1718.675351858139
FedProx,0.75,rep2,14,2026-04-11 00:08:40,0.9856,0.6536,0.9112,0.2294,0.0401,121.76487255096436,1840.4402244091034
FedProx,0.75,rep2,15,2026-04-11 00:10:41,0.9513,0.6653,0.9131,0.1813,0.0328,120.54882955551147,1960.9890539646149
FedProx,0.75,rep2,16,2026-04-11 00:12:43,0.9409,0.665,0.9171,0.1604,0.0173,121.04332160949707,2082.032375574112
FedProx,0.75,rep2,17,2026-04-11 00:14:43,0.9147,0.6701,0.9165,0.1572,0.0219,119.33551669120789,2201.36789226532
FedProx,0.75,rep2,18,2026-04-11 00:16:42,0.9099,0.6733,0.9184,0.18,0.0278,126.34367156028748,2327.7115638256073
FedProx,0.75,rep2,19,2026-04-11 00:18:50,0.8941,0.6817,0.9214,0.1649,0.0207,123.80283761024475,2451.514401435852
FedProx,0.75,rep2,20,2026-04-11 00:20:53,0.8868,0.6831,0.9224,0.1783,0.0252,122.02357196807861,2573.5379734039307
FedProx,0.75,rep2,21,2026-04-11 00:22:55,0.8795,0.6731,0.9192,0.1438,0.0194,125.32288908958435,2698.860862493515
FedProx,0.75,rep2,22,2026-04-11 00:25:00,0.865,0.6843,0.9205,0.1605,0.0239,121.32212138175964,2820.1829838752747
FedProx,0.75,rep2,23,2026-04-11 00:27:02,0.8541,0.6918,0.9243,0.1639,0.0205,118.98210024833679,2939.1650841236115
FedProx,0.75,rep2,24,2026-04-11 00:29:00,0.8519,0.6912,0.9229,0.1629,0.0208,122.61736488342285,3061.7824490070343
FedProx,0.75,rep2,25,2026-04-11 00:31:05,0.8473,0.6901,0.9214,0.1659,0.0241,127.76744174957275,3189.549890756607
FedProx,0.75,rep2,26,2026-04-11 00:33:10,0.855,0.6965,0.9233,0.1966,0.0286,118.82125639915466,3308.3711471557617
FedProx,0.75,rep2,27,2026-04-11 00:35:09,0.8547,0.6859,0.9207,0.1962,0.0307,121.20431804656982,3429.5754652023315
FedProx,0.75,rep2,28,2026-04-11 00:37:11,0.8469,0.6918,0.9226,0.1971,0.0294,116.73142337799072,3546.3068885803223
FedProx,0.75,rep2,29,2026-04-11 00:39:07,0.8293,0.6986,0.9269,0.1607,0.0188,114.55197930335999,3660.8588678836823
FedProx,0.75,rep2,30,2026-04-11 00:41:02,0.8296,0.6895,0.9236,0.1826,0.026,123.37588763237,3784.2347555160522
FedProx,0.75,rep2,31,2026-04-11 00:43:05,0.8292,0.6832,0.922,0.1687,0.0274,120.67651414871216,3904.9112696647644
FedProx,0.75,rep2,32,2026-04-11 00:45:05,0.8247,0.6902,0.9219,0.1696,0.0279,118.58418798446655,4023.495457649231
FedProx,0.75,rep2,33,2026-04-11 00:47:05,0.8113,0.701,0.9252,0.1854,0.0278,122.44677829742432,4145.942235946655
FedProx,0.75,rep2,34,2026-04-11 00:49:07,0.8061,0.6944,0.9262,0.1464,0.0202,117.00960612297058,4262.951842069626
FedProx,0.75,rep2,35,2026-04-11 00:51:04,0.8191,0.6935,0.9221,0.1788,0.0327,123.00135827064514,4385.953200340271
FedProx,0.75,rep2,36,2026-04-11 00:53:06,0.8011,0.7029,0.9254,0.1795,0.0266,119.52669310569763,4505.479893445969
FedProx,0.75,rep2,37,2026-04-11 00:55:07,0.7952,0.7066,0.9272,0.1861,0.0256,121.93601727485657,4627.415910720825
FedProx,0.75,rep2,38,2026-04-11 00:57:09,0.7945,0.706,0.9267,0.174,0.0214,126.28167963027954,4753.697590351105
FedProx,0.75,rep2,39,2026-04-11 00:59:15,0.7899,0.7065,0.9267,0.1735,0.0216,122.60315203666687,4876.300742387772
FedProx,0.75,rep2,40,2026-04-11 01:01:18,0.7755,0.7104,0.9287,0.1499,0.0168,123.46051239967346,4999.761254787445
FedProx,0.75,rep2,41,2026-04-11 01:03:21,0.7844,0.7043,0.9267,0.1757,0.0258,120.46106386184692,5120.222318649292
FedProx,0.75,rep2,42,2026-04-11 01:05:21,0.7813,0.705,0.9263,0.1578,0.025,124.76844668388367,5244.990765333176
FedProx,0.75,rep2,43,2026-04-11 01:07:27,0.7749,0.7081,0.9293,0.1568,0.0219,123.24800038337708,5368.238765716553
FedProx,0.75,rep2,44,2026-04-11 01:09:31,0.7698,0.7103,0.9274,0.1413,0.0208,125.28289556503296,5493.521661281586
FedProx,0.75,rep2,45,2026-04-11 01:11:35,0.7904,0.7028,0.9251,0.1958,0.0324,120.1664400100708,5613.6881012916565
FedProx,0.75,rep2,46,2026-04-11 01:13:34,0.771,0.7095,0.9269,0.1581,0.0257,123.79517817497253,5737.483279466629
FedProx,0.75,rep2,47,2026-04-11 01:15:38,0.789,0.7015,0.9278,0.2024,0.0325,117.01727819442749,5854.5005576610565
FedProx,0.75,rep2,48,2026-04-11 01:17:35,0.7531,0.7159,0.9293,0.1562,0.0207,116.59566259384155,5971.096220254898
FedProx,0.75,rep2,49,2026-04-11 01:19:32,0.7647,0.7131,0.9272,0.1736,0.0258,122.94705271720886,6094.043272972107
FedProx,0.75,rep2,50,2026-04-11 01:21:35,0.7578,0.7131,0.9296,0.1724,0.0235,117.49090361595154,6211.5341765880585
FedProx,0.75,rep3,0,2026-04-11 01:23:53,2.3126,0.0569,0.4191,0.0872,0.1544,114.61219596862793,114.61219596862793
FedProx,0.75,rep3,1,2026-04-11 01:25:47,2.1604,0.285,0.7081,0.2355,0.2103,122.17405104637146,236.7862470149994
FedProx,0.75,rep3,2,2026-04-11 01:27:49,1.8314,0.4574,0.8642,0.2734,0.068,122.33701920509338,359.1232662200928
FedProx,0.75,rep3,3,2026-04-11 01:29:51,1.5474,0.5133,0.8941,0.1239,0.028,116.0781478881836,475.20141410827637
FedProx,0.75,rep3,4,2026-04-11 01:31:48,1.3856,0.4954,0.8921,0.2044,0.0323,116.39708375930786,591.5984978675842
FedProx,0.75,rep3,5,2026-04-11 01:33:44,1.2831,0.5481,0.8949,0.1781,0.0286,118.51216888427734,710.1106667518616
FedProx,0.75,rep3,6,2026-04-11 01:35:42,1.1857,0.6014,0.9016,0.1032,0.0179,121.50864267349243,831.619309425354
FedProx,0.75,rep3,7,2026-04-11 01:37:43,1.1472,0.6002,0.9034,0.1459,0.0203,113.61919498443604,945.23850440979
FedProx,0.75,rep3,8,2026-04-11 01:39:37,1.0975,0.6228,0.9072,0.1193,0.0205,114.29474520683289,1059.533249616623
FedProx,0.75,rep3,9,2026-04-11 01:41:32,1.076,0.6254,0.9044,0.1838,0.0316,116.57709074020386,1176.1103403568268
FedProx,0.75,rep3,10,2026-04-11 01:43:28,1.0484,0.6387,0.9061,0.1557,0.0329,117.98587703704834,1294.0962173938751
FedProx,0.75,rep3,11,2026-04-11 01:45:26,1.019,0.6373,0.9091,0.1141,0.0215,120.01590704917908,1414.1121244430542
FedProx,0.75,rep3,12,2026-04-11 01:47:26,0.9992,0.6493,0.9129,0.104,0.0164,120.11911749839783,1534.231241941452
FedProx,0.75,rep3,13,2026-04-11 01:49:26,0.9702,0.665,0.9151,0.1393,0.0168,113.99046754837036,1648.2217094898224
FedProx,0.75,rep3,14,2026-04-11 01:51:20,0.9595,0.6654,0.9135,0.1466,0.0255,116.73586869239807,1764.9575781822205
FedProx,0.75,rep3,15,2026-04-11 01:53:17,0.9499,0.6622,0.9148,0.1743,0.0293,119.46971583366394,1884.4272940158844
FedProx,0.75,rep3,16,2026-04-11 01:55:16,0.9436,0.6574,0.918,0.0808,0.008,117.12700057029724,2001.5542945861816
FedProx,0.75,rep3,17,2026-04-11 01:57:14,0.9146,0.6776,0.9202,0.1599,0.0174,113.7246572971344,2115.278951883316
FedProx,0.75,rep3,18,2026-04-11 01:59:07,0.918,0.6618,0.9139,0.1699,0.0288,120.0365138053894,2235.3154656887054
FedProx,0.75,rep3,19,2026-04-11 02:01:07,0.899,0.6761,0.919,0.196,0.0286,119.32399463653564,2354.639460325241
FedProx,0.75,rep3,20,2026-04-11 02:03:07,0.9042,0.6769,0.9171,0.1994,0.0314,114.4572548866272,2469.0967152118683
FedProx,0.75,rep3,21,2026-04-11 02:05:01,0.8871,0.6801,0.92,0.1999,0.031,114.73369312286377,2583.830408334732
FedProx,0.75,rep3,22,2026-04-11 02:06:55,0.8873,0.6702,0.9179,0.1758,0.0322,114.13368558883667,2697.9640939235687
FedProx,0.75,rep3,23,2026-04-11 02:08:50,0.8615,0.6906,0.9219,0.1607,0.0187,118.66147661209106,2816.62557053566
FedProx,0.75,rep3,24,2026-04-11 02:10:49,0.8703,0.68,0.9183,0.1738,0.0263,118.04672765731812,2934.672298192978
FedProx,0.75,rep3,25,2026-04-11 02:12:47,0.8501,0.6909,0.9219,0.1866,0.0267,114.57424712181091,3049.246545314789
FedProx,0.75,rep3,26,2026-04-11 02:14:41,0.8338,0.6926,0.9237,0.1476,0.019,115.03538036346436,3164.281925678253
FedProx,0.75,rep3,27,2026-04-11 02:16:36,0.8339,0.6964,0.9232,0.1653,0.025,118.1659996509552,3282.4479253292084
FedProx,0.75,rep3,28,2026-04-11 02:18:34,0.8496,0.6823,0.9217,0.2112,0.0361,113.20587754249573,3395.653802871704
FedProx,0.75,rep3,29,2026-04-11 02:20:27,0.8186,0.6989,0.9251,0.1635,0.0232,113.73682999610901,3509.390632867813
FedProx,0.75,rep3,30,2026-04-11 02:22:21,0.8163,0.6995,0.9259,0.1588,0.0188,115.94464683532715,3625.3352797031403
FedProx,0.75,rep3,31,2026-04-11 02:24:17,0.8329,0.6998,0.9246,0.1991,0.029,116.70180082321167,3742.037080526352
FedProx,0.75,rep3,32,2026-04-11 02:26:14,0.8474,0.6854,0.9211,0.2304,0.0382,114.48467803001404,3856.521758556366
FedProx,0.75,rep3,33,2026-04-11 02:28:09,0.8106,0.6983,0.9239,0.1745,0.0267,118.78193044662476,3975.3036890029907
FedProx,0.75,rep3,34,2026-04-11 02:30:07,0.8052,0.6966,0.9251,0.1655,0.0226,119.157630443573,4094.4613194465637
FedProx,0.75,rep3,35,2026-04-11 02:32:07,0.8048,0.6971,0.9259,0.1732,0.0219,118.19135808944702,4212.652677536011
FedProx,0.75,rep3,36,2026-04-11 02:34:05,0.8029,0.7046,0.9272,0.1904,0.0251,116.676997423172,4329.329674959183
FedProx,0.75,rep3,37,2026-04-11 02:36:01,0.7909,0.703,0.9274,0.1656,0.0214,114.93477439880371,4444.264449357986
FedProx,0.75,rep3,38,2026-04-11 02:37:56,0.7843,0.7094,0.9294,0.1674,0.0207,110.5778751373291,4554.842324495316
FedProx,0.75,rep3,39,2026-04-11 02:39:47,0.7779,0.7102,0.9294,0.1532,0.0192,120.49402952194214,4675.336354017258
FedProx,0.75,rep3,40,2026-04-11 02:41:47,0.7922,0.7045,0.9259,0.1841,0.0305,114.68625569343567,4790.022609710693
FedProx,0.75,rep3,41,2026-04-11 02:43:42,0.7822,0.7093,0.9276,0.1837,0.0262,122.3538658618927,4912.376475572586
FedProx,0.75,rep3,42,2026-04-11 02:45:45,0.7838,0.7035,0.9275,0.1661,0.0203,119.88629579544067,5032.262771368027
FedProx,0.75,rep3,43,2026-04-11 02:47:46,0.7808,0.7095,0.9304,0.1847,0.0227,118.42754864692688,5150.690320014954
FedProx,0.75,rep3,44,2026-04-11 02:49:43,0.7697,0.7101,0.9286,0.1574,0.0205,118.51264142990112,5269.202961444855
FedProx,0.75,rep3,45,2026-04-11 02:51:42,0.7846,0.7059,0.9266,0.1741,0.0302,118.95022773742676,5388.1531891822815
FedProx,0.75,rep3,46,2026-04-11 02:53:41,0.7827,0.7051,0.9252,0.1789,0.0313,121.20108723640442,5509.354276418686
FedProx,0.75,rep3,47,2026-04-11 02:55:42,0.7753,0.7122,0.9272,0.1902,0.0286,123.73785901069641,5633.092135429382
FedProx,0.75,rep3,48,2026-04-11 02:57:46,0.7694,0.7094,0.9276,0.1718,0.0253,116.80894470214844,5749.901080131531
FedProx,0.75,rep3,49,2026-04-11 02:59:43,0.7882,0.703,0.9273,0.1938,0.0296,117.34088969230652,5867.241969823837
FedProx,0.75,rep3,50,2026-04-11 03:01:40,0.7523,0.7178,0.9293,0.1445,0.0198,122.98830890655518,5990.2302787303925
FedProx,0.75,rep4,0,2026-04-11 03:04:04,2.3126,0.0569,0.4191,0.0872,0.1544,117.19142389297485,117.19142389297485
FedProx,0.75,rep4,1,2026-04-11 03:06:01,2.1677,0.1621,0.6997,0.2379,0.1318,124.1497733592987,241.34119725227356
FedProx,0.75,rep4,2,2026-04-11 03:08:05,1.871,0.3253,0.8246,0.3282,0.1361,121.73611521720886,363.0773124694824
FedProx,0.75,rep4,3,2026-04-11 03:10:07,1.5701,0.4517,0.8769,0.3063,0.064,120.61455464363098,483.6918671131134
FedProx,0.75,rep4,4,2026-04-11 03:12:08,1.3883,0.5035,0.8933,0.2119,0.0424,120.61454677581787,604.3064138889313
FedProx,0.75,rep4,5,2026-04-11 03:14:09,1.2798,0.5498,0.8991,0.1657,0.0257,118.47760462760925,722.7840185165405
FedProx,0.75,rep4,6,2026-04-11 03:16:07,1.2353,0.5556,0.8988,0.2053,0.0333,119.81999492645264,842.6040134429932
FedProx,0.75,rep4,7,2026-04-11 03:18:07,1.1646,0.5817,0.9,0.1526,0.0197,119.21021056175232,961.8142240047455
FedProx,0.75,rep4,8,2026-04-11 03:20:06,1.1024,0.6124,0.905,0.1332,0.0237,122.1465356349945,1083.96075963974
FedProx,0.75,rep4,9,2026-04-11 03:22:08,1.0879,0.5879,0.905,0.1159,0.0204,123.11606001853943,1207.0768196582794
FedProx,0.75,rep4,10,2026-04-11 03:24:12,1.0777,0.6132,0.9083,0.193,0.0328,124.69141697883606,1331.7682366371155
FedProx,0.75,rep4,11,2026-04-11 03:26:15,1.0236,0.6365,0.9073,0.1336,0.0266,119.32417726516724,1451.0924139022827
FedProx,0.75,rep4,12,2026-04-11 03:28:15,1.0277,0.6551,0.9089,0.1887,0.0366,117.39908957481384,1568.4915034770966
FedProx,0.75,rep4,13,2026-04-11 03:30:13,0.9938,0.6455,0.9072,0.1741,0.034,124.55053234100342,1693.0420358181
FedProx,0.75,rep4,14,2026-04-11 03:32:18,0.9503,0.6657,0.9152,0.1494,0.0218,130.36741709709167,1823.4094529151917
FedProx,0.75,rep4,15,2026-04-11 03:34:29,0.9376,0.6709,0.9163,0.1156,0.0169,140.5281994342804,1963.937652349472
FedProx,0.75,rep4,16,2026-04-11 03:36:49,0.9335,0.6605,0.916,0.1267,0.0194,133.52524304389954,2097.4628953933716
FedProx,0.75,rep4,17,2026-04-11 03:39:01,0.9306,0.6741,0.9188,0.1943,0.0283,137.55950212478638,2235.022397518158
FedProx,0.75,rep4,18,2026-04-11 03:41:19,0.9108,0.6682,0.917,0.1788,0.0296,125.42376279830933,2360.4461603164673
FedProx,0.75,rep4,19,2026-04-11 03:43:25,0.9076,0.6739,0.918,0.1533,0.0201,122.24975800514221,2482.6959183216095
FedProx,0.75,rep4,20,2026-04-11 03:45:27,0.8887,0.6811,0.9194,0.1943,0.0285,130.08198881149292,2612.7779071331024
FedProx,0.75,rep4,21,2026-04-11 03:47:40,0.8756,0.6843,0.9191,0.1571,0.023,145.60819506645203,2758.3861021995544
FedProx,0.75,rep4,22,2026-04-11 03:50:06,0.8767,0.687,0.9218,0.1953,0.0275,143.70362544059753,2902.089727640152
FedProx,0.75,rep4,23,2026-04-11 03:52:30,0.8848,0.6795,0.9199,0.2268,0.0349,149.0094084739685,3051.0991361141205
FedProx,0.75,rep4,24,2026-04-11 03:54:59,0.8568,0.6803,0.9201,0.1597,0.0247,148.78419733047485,3199.8833334445953
FedProx,0.75,rep4,25,2026-04-11 03:57:29,0.8462,0.6953,0.9239,0.1789,0.0236,148.17689085006714,3348.0602242946625
FedProx,0.75,rep4,26,2026-04-11 03:59:57,0.8527,0.6885,0.9209,0.1857,0.0258,149.1312551498413,3497.191479444504
FedProx,0.75,rep4,27,2026-04-11 04:02:24,0.8358,0.6932,0.9228,0.1774,0.0247,142.68922209739685,3639.8807015419006
FedProx,0.75,rep4,28,2026-04-11 04:04:48,0.831,0.6947,0.9232,0.1786,0.0248,148.48193264007568,3788.3626341819763
FedProx,0.75,rep4,29,2026-04-11 04:07:16,0.8222,0.6966,0.9259,0.1823,0.0244,149.25435185432434,3937.6169860363007
FedProx,0.75,rep4,30,2026-04-11 04:09:45,0.8157,0.7015,0.9255,0.1613,0.0184,149.23067784309387,4086.8476638793945
FedProx,0.75,rep4,31,2026-04-11 04:12:16,0.8243,0.6974,0.9255,0.2029,0.0279,150.15235352516174,4237.000017404556
FedProx,0.75,rep4,32,2026-04-11 04:14:44,0.827,0.6766,0.9217,0.1838,0.0276,146.62379121780396,4383.62380862236
FedProx,0.75,rep4,33,2026-04-11 04:17:12,0.829,0.6713,0.9215,0.1956,0.0274,151.41377758979797,4535.037586212158
FedProx,0.75,rep4,34,2026-04-11 04:19:42,0.7946,0.7016,0.9266,0.1482,0.0198,150.13957333564758,4685.177159547806
FedProx,0.75,rep4,35,2026-04-11 04:22:14,0.803,0.7037,0.9253,0.1755,0.0235,125.3946008682251,4810.571760416031
FedProx,0.75,rep4,36,2026-04-11 04:24:14,0.7956,0.6982,0.9255,0.1477,0.0215,119.13511228561401,4929.706872701645
FedProx,0.75,rep4,37,2026-04-11 04:26:14,0.8141,0.6824,0.922,0.1854,0.0295,118.7941644191742,5048.501037120819
FedProx,0.75,rep4,38,2026-04-11 04:28:12,0.8097,0.7058,0.9273,0.1974,0.0292,117.64316439628601,5166.144201517105
FedProx,0.75,rep4,39,2026-04-11 04:30:10,0.8155,0.6817,0.9225,0.1772,0.0294,118.13056993484497,5284.27477145195
FedProx,0.75,rep4,40,2026-04-11 04:32:09,0.7979,0.6982,0.9246,0.1732,0.0255,123.71001982688904,5407.984791278839
FedProx,0.75,rep4,41,2026-04-11 04:34:12,0.7887,0.7039,0.926,0.1788,0.0264,119.73746013641357,5527.722251415253
FedProx,0.75,rep4,42,2026-04-11 04:36:12,0.7751,0.7111,0.9286,0.1776,0.0237,119.92518877983093,5647.647440195084
FedProx,0.75,rep4,43,2026-04-11 04:38:12,0.7953,0.7038,0.9265,0.1956,0.0293,119.39251613616943,5767.039956331253
FedProx,0.75,rep4,44,2026-04-11 04:40:10,0.7683,0.7105,0.928,0.1538,0.0219,117.95663237571716,5884.99658870697
FedProx,0.75,rep4,45,2026-04-11 04:42:10,0.7725,0.705,0.9278,0.1621,0.0227,118.7555890083313,6003.7521777153015
FedProx,0.75,rep4,46,2026-04-11 04:44:08,0.7728,0.7067,0.9286,0.1828,0.0232,118.45208382606506,6122.204261541367
FedProx,0.75,rep4,47,2026-04-11 04:46:06,0.7755,0.7021,0.9264,0.1616,0.0227,118.78121995925903,6240.985481500626
FedProx,0.75,rep4,48,2026-04-11 04:48:04,0.7826,0.7102,0.9285,0.1984,0.0294,119.23987436294556,6360.225355863571
FedProx,0.75,rep4,49,2026-04-11 04:50:05,0.768,0.7041,0.9265,0.1575,0.0251,121.81577157974243,6482.041127443314
FedProx,0.75,rep4,50,2026-04-11 04:52:06,0.7706,0.7125,0.9284,0.1966,0.0279,116.45227789878845,6598.493405342102
FedProx,0.75,rep5,0,2026-04-11 04:54:24,2.3126,0.0569,0.4191,0.0872,0.1544,116.38226079940796,116.38226079940796
FedProx,0.75,rep5,1,2026-04-11 04:56:19,2.1699,0.1946,0.6957,0.2258,0.1673,117.79743576049805,234.179696559906
FedProx,0.75,rep5,2,2026-04-11 04:58:17,1.8459,0.3653,0.841,0.3567,0.1058,116.69211292266846,350.87180948257446
FedProx,0.75,rep5,3,2026-04-11 05:00:13,1.5424,0.5214,0.8921,0.247,0.0495,118.30460453033447,469.17641401290894
FedProx,0.75,rep5,4,2026-04-11 05:02:12,1.3803,0.5454,0.8958,0.2501,0.0356,119.03042507171631,588.2068390846252
FedProx,0.75,rep5,5,2026-04-11 05:04:11,1.2514,0.5879,0.9013,0.1239,0.0245,116.53509378433228,704.7419328689575
FedProx,0.75,rep5,6,2026-04-11 05:06:08,1.1892,0.5977,0.9002,0.1311,0.032,118.18463730812073,822.9265701770782
FedProx,0.75,rep5,7,2026-04-11 05:08:06,1.17,0.5723,0.898,0.1376,0.0375,117.02816033363342,939.9547305107117
FedProx,0.75,rep5,8,2026-04-11 05:10:02,1.1318,0.5501,0.8975,0.2209,0.0353,115.4754159450531,1055.4301464557648
FedProx,0.75,rep5,9,2026-04-11 05:11:58,1.0945,0.6022,0.9011,0.1824,0.035,121.15216779708862,1176.5823142528534
FedProx,0.75,rep5,10,2026-04-11 05:13:59,1.0509,0.6257,0.9105,0.1059,0.015,118.12881970405579,1294.7111339569092
FedProx,0.75,rep5,11,2026-04-11 05:15:57,1.0091,0.6482,0.9123,0.1096,0.0168,120.47875213623047,1415.1898860931396
FedProx,0.75,rep5,12,2026-04-11 05:17:58,1.0044,0.6506,0.9084,0.1682,0.0342,117.72032499313354,1532.9102110862732
FedProx,0.75,rep5,13,2026-04-11 05:19:55,0.9742,0.6607,0.9137,0.1149,0.0214,116.95646858215332,1649.8666796684265
FedProx,0.75,rep5,14,2026-04-11 05:21:52,0.9742,0.6582,0.914,0.1133,0.0242,118.9687397480011,1768.8354194164276
FedProx,0.75,rep5,15,2026-04-11 05:23:51,0.9469,0.6645,0.918,0.1591,0.0202,119.47585892677307,1888.3112783432007
FedProx,0.75,rep5,16,2026-04-11 05:25:51,0.9513,0.6502,0.9119,0.1648,0.0255,119.79856157302856,2008.1098399162292
FedProx,0.75,rep5,17,2026-04-11 05:27:52,0.9218,0.6709,0.9168,0.1158,0.0178,119.01334238052368,2127.123182296753
FedProx,0.75,rep5,18,2026-04-11 05:29:49,0.9324,0.6713,0.9172,0.2211,0.0357,116.80213522911072,2243.9253175258636
FedProx,0.75,rep5,19,2026-04-11 05:31:48,0.9268,0.6659,0.9136,0.1849,0.0403,123.76956415176392,2367.6948816776276
FedProx,0.75,rep5,20,2026-04-11 05:33:49,0.8844,0.6815,0.9216,0.1776,0.0232,115.9483699798584,2483.643251657486
FedProx,0.75,rep5,21,2026-04-11 05:35:47,0.8902,0.6619,0.9187,0.1604,0.0195,119.7808530330658,2603.4241046905518
FedProx,0.75,rep5,22,2026-04-11 05:37:46,0.8822,0.6759,0.917,0.1867,0.0292,115.18869161605835,2718.61279630661
FedProx,0.75,rep5,23,2026-04-11 05:39:42,0.856,0.6909,0.9231,0.1211,0.0131,120.052401304245,2838.665197610855
FedProx,0.75,rep5,24,2026-04-11 05:41:41,0.86,0.6867,0.9218,0.1911,0.0275,119.52227878570557,2958.1874763965607
FedProx,0.75,rep5,25,2026-04-11 05:43:41,0.8757,0.6733,0.9169,0.1948,0.0337,121.18154621124268,3079.3690226078033
FedProx,0.75,rep5,26,2026-04-11 05:45:42,0.8429,0.6956,0.9239,0.1779,0.021,116.12566113471985,3195.494683742523
FedProx,0.75,rep5,27,2026-04-11 05:47:39,0.8314,0.6945,0.923,0.1494,0.0197,118.70087146759033,3314.1955552101135
FedProx,0.75,rep5,28,2026-04-11 05:49:37,0.8298,0.6914,0.9228,0.1628,0.0236,120.19064903259277,3434.3862042427063
FedProx,0.75,rep5,29,2026-04-11 05:51:37,0.8317,0.6896,0.9229,0.1674,0.0226,113.55693435668945,3547.9431385993958
FedProx,0.75,rep5,30,2026-04-11 05:53:30,0.8117,0.7017,0.9259,0.1405,0.017,113.55318021774292,3661.4963188171387
FedProx,0.75,rep5,31,2026-04-11 05:55:24,0.8175,0.6957,0.9238,0.1692,0.0237,118.70726466178894,3780.2035834789276
FedProx,0.75,rep5,32,2026-04-11 05:57:23,0.8137,0.697,0.9243,0.176,0.0242,115.50033044815063,3895.7039139270782
FedProx,0.75,rep5,33,2026-04-11 05:59:20,0.8072,0.6994,0.9243,0.1653,0.0265,116.57089138031006,4012.2748053073883
FedProx,0.75,rep5,34,2026-04-11 06:01:15,0.7964,0.7057,0.9267,0.1417,0.0167,118.77266693115234,4131.047472238541
FedProx,0.75,rep5,35,2026-04-11 06:03:14,0.803,0.6985,0.9239,0.1641,0.0265,119.71315813064575,4250.760630369186
FedProx,0.75,rep5,36,2026-04-11 06:05:13,0.8247,0.6985,0.9247,0.2072,0.0309,118.89920091629028,4369.659831285477
FedProx,0.75,rep5,37,2026-04-11 06:07:12,0.8361,0.6696,0.9192,0.2092,0.0359,114.67146420478821,4484.331295490265
FedProx,0.75,rep5,38,2026-04-11 06:09:07,0.8298,0.6925,0.9224,0.2334,0.0381,119.04924988746643,4603.380545377731
FedProx,0.75,rep5,39,2026-04-11 06:11:07,0.7879,0.6985,0.9253,0.1564,0.0232,120.37498331069946,4723.755528688431
FedProx,0.75,rep5,40,2026-04-11 06:13:06,0.8016,0.7025,0.9263,0.1932,0.0287,117.90964436531067,4841.6651730537415
FedProx,0.75,rep5,41,2026-04-11 06:15:04,0.7838,0.7059,0.9276,0.1715,0.0251,114.70927023887634,4956.374443292618
FedProx,0.75,rep5,42,2026-04-11 06:16:59,0.8155,0.6998,0.9268,0.2208,0.0346,119.03496980667114,5075.409413099289
FedProx,0.75,rep5,43,2026-04-11 06:18:58,0.8116,0.6967,0.9252,0.2067,0.0323,117.20659446716309,5192.616007566452
FedProx,0.75,rep5,44,2026-04-11 06:20:56,0.8086,0.7002,0.9274,0.2083,0.0324,118.54265546798706,5311.158663034439
FedProx,0.75,rep5,45,2026-04-11 06:22:53,0.7671,0.7113,0.9285,0.1378,0.0192,116.11880612373352,5427.277469158173
FedProx,0.75,rep5,46,2026-04-11 06:24:49,0.799,0.6945,0.9247,0.1782,0.0327,116.91811394691467,5544.195583105087
FedProx,0.75,rep5,47,2026-04-11 06:26:47,0.766,0.7095,0.9302,0.1552,0.0198,120.66267442703247,5664.85825753212
FedProx,0.75,rep5,48,2026-04-11 06:28:47,0.7739,0.7071,0.927,0.1792,0.028,119.86578559875488,5784.724043130875
FedProx,0.75,rep5,49,2026-04-11 06:30:47,0.7676,0.7119,0.9268,0.1511,0.0244,123.53138995170593,5908.255433082581
FedProx,0.75,rep5,50,2026-04-11 06:32:51,0.777,0.7059,0.9256,0.1626,0.0287,119.81407952308655,6028.069512605667
FedProx,1.0,rep1,0,2026-04-11 06:35:12,2.3126,0.0569,0.4191,0.0872,0.1544,152.01228833198547,152.01228833198547
FedProx,1.0,rep1,1,2026-04-11 06:37:43,2.1556,0.1826,0.7407,0.2203,0.0998,150.58210158348083,302.5943899154663
FedProx,1.0,rep1,2,2026-04-11 06:40:14,1.8238,0.5021,0.8669,0.2611,0.0745,148.63740849494934,451.23179841041565
FedProx,1.0,rep1,3,2026-04-11 06:42:42,1.5378,0.5599,0.892,0.185,0.0363,152.39929604530334,603.631094455719
FedProx,1.0,rep1,4,2026-04-11 06:45:15,1.3637,0.5655,0.8986,0.1583,0.0206,149.4865038394928,753.1175982952118
FedProx,1.0,rep1,5,2026-04-11 06:47:44,1.2594,0.5779,0.9006,0.1317,0.016,149.9734878540039,903.0910861492157
FedProx,1.0,rep1,6,2026-04-11 06:50:14,1.1881,0.5939,0.9028,0.1115,0.0148,155.13714027404785,1058.2282264232635
FedProx,1.0,rep1,7,2026-04-11 06:52:49,1.1391,0.6017,0.9045,0.1123,0.015,149.47520208358765,1207.7034285068512
FedProx,1.0,rep1,8,2026-04-11 06:55:19,1.1001,0.6129,0.9062,0.1121,0.0158,150.01678848266602,1357.7202169895172
FedProx,1.0,rep1,9,2026-04-11 06:57:49,1.0662,0.6247,0.9082,0.113,0.0165,151.82742953300476,1509.547646522522
FedProx,1.0,rep1,10,2026-04-11 07:00:20,1.0374,0.6369,0.9099,0.1177,0.0169,152.2751030921936,1661.8227496147156
FedProx,1.0,rep1,11,2026-04-11 07:02:52,1.0134,0.6443,0.911,0.1249,0.017,150.0799741744995,1811.902723789215
FedProx,1.0,rep1,12,2026-04-11 07:05:23,0.9892,0.6566,0.9128,0.1318,0.0176,150.65505528450012,1962.5577790737152
FedProx,1.0,rep1,13,2026-04-11 07:07:53,0.9722,0.6607,0.914,0.1424,0.0185,147.83136582374573,2110.389144897461
FedProx,1.0,rep1,14,2026-04-11 07:10:22,0.9543,0.6642,0.9148,0.1444,0.0189,148.81553721427917,2259.20468211174
FedProx,1.0,rep1,15,2026-04-11 07:12:50,0.9408,0.6686,0.9155,0.147,0.0192,154.42361640930176,2413.628298521042
FedProx,1.0,rep1,16,2026-04-11 07:15:24,0.9235,0.6722,0.9166,0.1507,0.0194,152.22657346725464,2565.8548719882965
FedProx,1.0,rep1,17,2026-04-11 07:17:57,0.9108,0.6743,0.9174,0.1552,0.0207,156.19556093215942,2722.050432920456
FedProx,1.0,rep1,18,2026-04-11 07:20:33,0.8997,0.6776,0.9183,0.1562,0.0208,151.79589891433716,2873.846331834793
FedProx,1.0,rep1,19,2026-04-11 07:23:05,0.8881,0.6803,0.9194,0.1579,0.0212,150.1608452796936,3024.0071771144867
FedProx,1.0,rep1,20,2026-04-11 07:25:35,0.8792,0.6827,0.9198,0.1563,0.0208,150.93775296211243,3174.944930076599
FedProx,1.0,rep1,21,2026-04-11 07:28:06,0.8675,0.6853,0.9209,0.1612,0.0218,153.17383551597595,3328.118765592575
FedProx,1.0,rep1,22,2026-04-11 07:30:39,0.8614,0.6874,0.9213,0.1602,0.0214,151.43529176712036,3479.5540573596954
FedProx,1.0,rep1,23,2026-04-11 07:33:11,0.8547,0.6872,0.9214,0.1611,0.0217,152.1639769077301,3631.7180342674255
FedProx,1.0,rep1,24,2026-04-11 07:35:42,0.8486,0.6894,0.922,0.1622,0.0219,152.65549874305725,3784.373533010483
FedProx,1.0,rep1,25,2026-04-11 07:38:16,0.8446,0.6903,0.9223,0.1603,0.0219,154.27754831314087,3938.6510813236237
FedProx,1.0,rep1,26,2026-04-11 07:40:50,0.8354,0.6926,0.9231,0.162,0.0226,155.31030678749084,4093.9613881111145
FedProx,1.0,rep1,27,2026-04-11 07:43:24,0.8291,0.6957,0.9237,0.1618,0.0225,151.69074654579163,4245.652134656906
FedProx,1.0,rep1,28,2026-04-11 07:45:57,0.8237,0.6964,0.924,0.1618,0.0224,151.58824157714844,4397.240376234055
FedProx,1.0,rep1,29,2026-04-11 07:48:28,0.8198,0.6977,0.9243,0.1631,0.0226,148.41347193717957,4545.653848171234
FedProx,1.0,rep1,30,2026-04-11 07:50:57,0.8148,0.6978,0.9245,0.1612,0.0218,153.46076273918152,4699.114610910416
FedProx,1.0,rep1,31,2026-04-11 07:53:30,0.8096,0.6986,0.9249,0.1641,0.0227,153.23811411857605,4852.352725028992
FedProx,1.0,rep1,32,2026-04-11 07:56:03,0.8074,0.6999,0.9251,0.1629,0.0225,152.8266191482544,5005.179344177246
FedProx,1.0,rep1,33,2026-04-11 07:58:36,0.8068,0.6993,0.9251,0.1622,0.0223,148.29655504226685,5153.475899219513
FedProx,1.0,rep1,34,2026-04-11 08:01:04,0.8006,0.7023,0.9256,0.1575,0.0215,148.24286651611328,5301.718765735626
FedProx,1.0,rep1,35,2026-04-11 08:03:33,0.7959,0.7041,0.9261,0.1615,0.0224,153.3934726715088,5455.112238407135
FedProx,1.0,rep1,36,2026-04-11 08:06:05,0.7933,0.7049,0.9262,0.1619,0.0224,150.43809700012207,5605.550335407257
FedProx,1.0,rep1,37,2026-04-11 08:08:36,0.789,0.7047,0.9265,0.1629,0.0224,152.27105832099915,5757.821393728256
FedProx,1.0,rep1,38,2026-04-11 08:11:09,0.7856,0.7063,0.9267,0.1622,0.0224,154.18041324615479,5912.001806974411
FedProx,1.0,rep1,39,2026-04-11 08:13:43,0.7817,0.7071,0.9269,0.1622,0.0225,146.1331706047058,6058.134977579117
FedProx,1.0,rep1,40,2026-04-11 08:16:09,0.7812,0.7083,0.9268,0.1588,0.0222,155.1335916519165,6213.268569231033
FedProx,1.0,rep1,41,2026-04-11 08:18:44,0.7787,0.7102,0.9273,0.1578,0.0213,149.6311228275299,6362.899692058563
FedProx,1.0,rep1,42,2026-04-11 08:21:14,0.778,0.7094,0.9272,0.1561,0.0211,152.1380100250244,6515.037702083588
FedProx,1.0,rep1,43,2026-04-11 08:23:46,0.7738,0.7109,0.9276,0.1605,0.0226,148.69777178764343,6663.735473871231
FedProx,1.0,rep1,44,2026-04-11 08:26:15,0.7694,0.7118,0.9279,0.1593,0.0219,153.97069668769836,6817.706170558929
FedProx,1.0,rep1,45,2026-04-11 08:28:48,0.7686,0.7117,0.9277,0.1577,0.0221,154.8130989074707,6972.5192694664
FedProx,1.0,rep1,46,2026-04-11 08:31:23,0.7626,0.713,0.9284,0.1601,0.0219,152.53104782104492,7125.050317287445
FedProx,1.0,rep1,47,2026-04-11 08:33:56,0.7602,0.713,0.9283,0.1599,0.0222,154.0198061466217,7279.070123434067
FedProx,1.0,rep1,48,2026-04-11 08:36:31,0.757,0.7141,0.9287,0.1591,0.0219,167.54206085205078,7446.612184286118
FedProx,1.0,rep1,49,2026-04-11 08:39:21,0.7549,0.7149,0.9287,0.1614,0.0224,159.55860304832458,7606.170787334442
FedProx,1.0,rep1,50,2026-04-11 08:41:57,0.7538,0.7161,0.9291,0.1578,0.0216,150.03996992111206,7756.210757255554
FedProx,1.0,rep2,0,2026-04-11 08:44:53,2.3126,0.0569,0.4191,0.0872,0.1544,148.63828539848328,148.63828539848328
FedProx,1.0,rep2,1,2026-04-11 08:47:19,2.1561,0.1814,0.7389,0.2188,0.0989,151.39322638511658,300.03151178359985
FedProx,1.0,rep2,2,2026-04-11 08:49:51,1.8246,0.4953,0.8663,0.2612,0.0736,147.2602150440216,447.29172682762146
FedProx,1.0,rep2,3,2026-04-11 08:52:18,1.5392,0.5614,0.8913,0.1753,0.0354,148.37691926956177,595.6686460971832
FedProx,1.0,rep2,4,2026-04-11 08:54:47,1.3635,0.5675,0.8985,0.1567,0.0206,153.30760860443115,748.9762547016144
FedProx,1.0,rep2,5,2026-04-11 08:57:20,1.2582,0.579,0.901,0.1333,0.0161,146.11739659309387,895.0936512947083
FedProx,1.0,rep2,6,2026-04-11 08:59:46,1.1881,0.5932,0.9027,0.1157,0.0149,152.07100248336792,1047.1646537780762
FedProx,1.0,rep2,7,2026-04-11 09:02:18,1.134,0.6089,0.9053,0.1107,0.0153,157.40141034126282,1204.566064119339
FedProx,1.0,rep2,8,2026-04-11 09:04:55,1.0972,0.6163,0.9069,0.1136,0.0154,152.47132205963135,1357.0373861789703
FedProx,1.0,rep2,9,2026-04-11 09:07:27,1.0625,0.6275,0.9086,0.115,0.0163,151.58962965011597,1508.6270158290863
FedProx,1.0,rep2,10,2026-04-11 09:09:59,1.0323,0.6421,0.9104,0.1233,0.0173,151.24671816825867,1659.873733997345
FedProx,1.0,rep2,11,2026-04-11 09:12:31,1.0109,0.6498,0.9113,0.1268,0.0176,156.75602388381958,1816.6297578811646
FedProx,1.0,rep2,12,2026-04-11 09:15:07,0.989,0.6568,0.9127,0.1372,0.0184,159.81673884391785,1976.4464967250824
FedProx,1.0,rep2,13,2026-04-11 09:17:49,0.9704,0.6625,0.914,0.1431,0.0188,149.81070828437805,2126.2572050094604
FedProx,1.0,rep2,14,2026-04-11 09:20:18,0.9555,0.6653,0.9148,0.1451,0.0189,150.8555006980896,2277.11270570755
FedProx,1.0,rep2,15,2026-04-11 09:22:52,0.9386,0.6699,0.9158,0.15,0.0198,159.50849652290344,2436.6212022304535
FedProx,1.0,rep2,16,2026-04-11 09:25:27,0.9237,0.6736,0.9169,0.1522,0.0205,166.18432092666626,2602.8055231571198
FedProx,1.0,rep2,17,2026-04-11 09:28:16,0.9109,0.6753,0.9179,0.154,0.0204,158.44716596603394,2761.2526891231537
FedProx,1.0,rep2,18,2026-04-11 09:30:53,0.8974,0.6781,0.9187,0.1545,0.0207,163.24710416793823,2924.499793291092
FedProx,1.0,rep2,19,2026-04-11 09:33:37,0.8877,0.6808,0.9194,0.1594,0.0212,160.70231819152832,3085.2021114826202
FedProx,1.0,rep2,20,2026-04-11 09:36:20,0.8795,0.6811,0.9198,0.1597,0.0212,163.07088541984558,3248.272996902466
FedProx,1.0,rep2,21,2026-04-11 09:39:03,0.8696,0.685,0.9205,0.1588,0.0211,172.69791340827942,3420.9709103107452
FedProx,1.0,rep2,22,2026-04-11 09:41:53,0.8629,0.6862,0.921,0.1589,0.0214,159.38504004478455,3580.35595035553
FedProx,1.0,rep2,23,2026-04-11 09:44:32,0.8531,0.6888,0.9219,0.1594,0.0214,167.34390425682068,3747.6998546123505
FedProx,1.0,rep2,24,2026-04-11 09:47:20,0.8474,0.6911,0.9225,0.1588,0.021,162.41455626487732,3910.114410877228
FedProx,1.0,rep2,25,2026-04-11 09:50:03,0.8396,0.6941,0.9231,0.1586,0.0215,171.84233498573303,4081.956745862961
FedProx,1.0,rep2,26,2026-04-11 09:52:54,0.8351,0.6951,0.9232,0.1583,0.0217,165.35877013206482,4247.315515995026
FedProx,1.0,rep2,27,2026-04-11 09:55:39,0.8291,0.6962,0.9236,0.1598,0.0219,163.3938343524933,4410.709350347519
FedProx,1.0,rep2,28,2026-04-11 09:58:24,0.8238,0.6963,0.9241,0.1625,0.0219,166.98844075202942,4577.697791099548
FedProx,1.0,rep2,29,2026-04-11 10:01:10,0.8175,0.6964,0.9244,0.1628,0.0227,164.75076913833618,4742.4485602378845
FedProx,1.0,rep2,30,2026-04-11 10:03:56,0.8148,0.6981,0.9247,0.1625,0.0221,165.2476086616516,4907.696168899536
FedProx,1.0,rep2,31,2026-04-11 10:06:43,0.8123,0.6978,0.9246,0.1603,0.0221,166.87203884124756,5074.568207740784
FedProx,1.0,rep2,32,2026-04-11 10:09:29,0.8065,0.7006,0.9252,0.1611,0.0222,170.11313223838806,5244.681339979172
FedProx,1.0,rep2,33,2026-04-11 10:12:20,0.8037,0.7013,0.9255,0.1596,0.0225,170.363219499588,5415.04455947876
FedProx,1.0,rep2,34,2026-04-11 10:15:13,0.7982,0.7038,0.9259,0.1601,0.0225,182.76632642745972,5597.8108859062195
FedProx,1.0,rep2,35,2026-04-11 10:18:15,0.7949,0.7033,0.9261,0.1611,0.0225,177.56085896492004,5775.3717448711395
FedProx,1.0,rep2,36,2026-04-11 10:21:16,0.7933,0.7034,0.9261,0.1601,0.022,200.15744590759277,5975.529190778732
FedProx,1.0,rep2,37,2026-04-11 10:24:40,0.7893,0.7039,0.9264,0.1611,0.0223,251.51311540603638,6227.042306184769
FedProx,1.0,rep2,38,2026-04-11 10:28:52,0.7868,0.705,0.9265,0.1635,0.023,211.05451464653015,6438.096820831299
FedProx,1.0,rep2,39,2026-04-11 10:32:16,0.7824,0.7066,0.9268,0.1625,0.0227,200.2062590122223,6638.303079843521
FedProx,1.0,rep2,40,2026-04-11 10:35:34,0.7798,0.7089,0.9272,0.1602,0.0223,194.32383608818054,6832.626915931702
FedProx,1.0,rep2,41,2026-04-11 10:38:49,0.7771,0.7098,0.9275,0.1584,0.0223,189.15926146507263,7021.786177396774
FedProx,1.0,rep2,42,2026-04-11 10:41:57,0.7727,0.7122,0.9279,0.1578,0.0218,191.62104892730713,7213.407226324081
FedProx,1.0,rep2,43,2026-04-11 10:45:09,0.7678,0.7124,0.9281,0.1583,0.0222,193.36172699928284,7406.768953323364
FedProx,1.0,rep2,44,2026-04-11 10:48:22,0.768,0.7109,0.928,0.1621,0.0226,195.47162866592407,7602.240581989288
FedProx,1.0,rep2,45,2026-04-11 10:51:39,0.7658,0.7131,0.9281,0.159,0.0222,198.25565123558044,7800.496233224869
FedProx,1.0,rep2,46,2026-04-11 10:54:56,0.7638,0.7129,0.9283,0.1589,0.0219,196.8636713027954,7997.359904527664
FedProx,1.0,rep2,47,2026-04-11 10:58:13,0.7593,0.7146,0.9286,0.1587,0.0218,183.29132223129272,8180.651226758957
FedProx,1.0,rep2,48,2026-04-11 11:01:12,0.7582,0.715,0.9289,0.1606,0.0218,154.77981090545654,8335.431037664413
FedProx,1.0,rep2,49,2026-04-11 11:03:47,0.7578,0.7145,0.9288,0.1582,0.0216,150.7767779827118,8486.207815647125
FedProx,1.0,rep2,50,2026-04-11 11:06:17,0.7548,0.7146,0.929,0.1608,0.0219,149.6646888256073,8635.872504472733
FedProx,1.0,rep3,0,2026-04-11 11:09:08,2.3126,0.0569,0.4191,0.0872,0.1544,148.82315278053284,148.82315278053284
FedProx,1.0,rep3,1,2026-04-11 11:11:36,2.1562,0.1819,0.7394,0.2188,0.1002,149.90188264846802,298.72503542900085
FedProx,1.0,rep3,2,2026-04-11 11:14:07,1.8271,0.4991,0.8653,0.2695,0.0765,152.13495469093323,450.8599901199341
FedProx,1.0,rep3,3,2026-04-11 11:16:39,1.5385,0.5649,0.8916,0.1791,0.0361,156.19361281394958,607.0536029338837
FedProx,1.0,rep3,4,2026-04-11 11:19:15,1.3643,0.5684,0.8981,0.1567,0.021,150.72215127944946,757.7757542133331
FedProx,1.0,rep3,5,2026-04-11 11:21:44,1.2572,0.5811,0.9011,0.129,0.0162,152.8342900276184,910.6100442409515
FedProx,1.0,rep3,6,2026-04-11 11:24:18,1.1868,0.5947,0.9032,0.1176,0.0153,146.33663058280945,1056.946674823761
FedProx,1.0,rep3,7,2026-04-11 11:26:44,1.1353,0.6078,0.9049,0.1104,0.0153,151.7491693496704,1208.6958441734314
FedProx,1.0,rep3,8,2026-04-11 11:29:16,1.0956,0.6174,0.9067,0.1105,0.0159,151.83748579025269,1360.533329963684
FedProx,1.0,rep3,9,2026-04-11 11:31:49,1.0638,0.6277,0.9086,0.1153,0.0165,157.81211280822754,1518.3454427719116
FedProx,1.0,rep3,10,2026-04-11 11:34:26,1.0339,0.6413,0.9101,0.1245,0.0176,152.57188272476196,1670.9173254966736
FedProx,1.0,rep3,11,2026-04-11 11:36:59,1.0126,0.6478,0.9113,0.1302,0.018,153.06979084014893,1823.9871163368225
FedProx,1.0,rep3,12,2026-04-11 11:39:32,0.9898,0.6547,0.9127,0.1366,0.0183,156.99172234535217,1980.9788386821747
FedProx,1.0,rep3,13,2026-04-11 11:42:09,0.9723,0.6609,0.9137,0.1416,0.0185,156.20756101608276,2137.1863996982574
FedProx,1.0,rep3,14,2026-04-11 11:44:45,0.952,0.6673,0.9149,0.1479,0.0194,153.2720754146576,2290.458475112915
FedProx,1.0,rep3,15,2026-04-11 11:47:18,0.9357,0.6708,0.916,0.1481,0.0195,157.81288719177246,2448.2713623046875
FedProx,1.0,rep3,16,2026-04-11 11:49:55,0.9234,0.6742,0.917,0.1517,0.02,150.51618361473083,2598.7875459194183
FedProx,1.0,rep3,17,2026-04-11 11:52:26,0.9096,0.6771,0.9179,0.1552,0.0203,152.62874507904053,2751.416290998459
FedProx,1.0,rep3,18,2026-04-11 11:54:59,0.8989,0.679,0.9186,0.1563,0.0212,152.59792256355286,2904.0142135620117
FedProx,1.0,rep3,19,2026-04-11 11:57:32,0.8849,0.682,0.9196,0.1593,0.0218,153.2631494998932,3057.277363061905
FedProx,1.0,rep3,20,2026-04-11 12:00:04,0.8786,0.6824,0.9199,0.1585,0.0212,155.88883709907532,3213.16620016098
FedProx,1.0,rep3,21,2026-04-11 12:02:41,0.8689,0.6854,0.9207,0.1618,0.0217,155.6566517353058,3368.822851896286
FedProx,1.0,rep3,22,2026-04-11 12:05:17,0.8614,0.6867,0.9213,0.1606,0.0214,159.01032090187073,3527.8331727981567
FedProx,1.0,rep3,23,2026-04-11 12:07:55,0.8535,0.6875,0.9218,0.1608,0.0221,154.15273427963257,3681.9859070777893
FedProx,1.0,rep3,24,2026-04-11 12:10:29,0.848,0.6895,0.9224,0.1618,0.0225,154.20580649375916,3836.1917135715485
FedProx,1.0,rep3,25,2026-04-11 12:13:04,0.843,0.6931,0.9227,0.1583,0.0213,150.89116024971008,3987.0828738212585
FedProx,1.0,rep3,26,2026-04-11 12:15:35,0.8362,0.6949,0.9231,0.1592,0.0214,156.36633944511414,4143.449213266373
FedProx,1.0,rep3,27,2026-04-11 12:18:11,0.8273,0.6958,0.924,0.1617,0.0218,156.04731130599976,4299.496524572372
FedProx,1.0,rep3,28,2026-04-11 12:20:47,0.8201,0.6981,0.9246,0.1614,0.0222,157.35943007469177,4456.855954647064
FedProx,1.0,rep3,29,2026-04-11 12:23:24,0.8171,0.6977,0.9244,0.1624,0.0227,156.7526981830597,4613.608652830124
FedProx,1.0,rep3,30,2026-04-11 12:26:01,0.8127,0.6987,0.925,0.1622,0.0224,148.53436541557312,4762.143018245697
FedProx,1.0,rep3,31,2026-04-11 12:28:30,0.8098,0.7001,0.9252,0.1614,0.0219,151.73268365859985,4913.875701904297
FedProx,1.0,rep3,32,2026-04-11 12:31:02,0.8057,0.7015,0.9256,0.1636,0.0229,159.1628451347351,5073.038547039032
FedProx,1.0,rep3,33,2026-04-11 12:33:41,0.8028,0.703,0.9258,0.1624,0.0224,153.20241618156433,5226.240963220596
FedProx,1.0,rep3,34,2026-04-11 12:36:15,0.7967,0.7032,0.926,0.162,0.0221,153.13911652565002,5379.380079746246
FedProx,1.0,rep3,35,2026-04-11 12:38:47,0.7954,0.7039,0.9262,0.1625,0.0226,156.2995719909668,5535.679651737213
FedProx,1.0,rep3,36,2026-04-11 12:41:23,0.791,0.7037,0.9265,0.1608,0.022,154.36158084869385,5690.041232585907
FedProx,1.0,rep3,37,2026-04-11 12:43:58,0.787,0.7074,0.9269,0.1634,0.0225,152.49801588058472,5842.539248466492
FedProx,1.0,rep3,38,2026-04-11 12:46:31,0.7867,0.7068,0.9267,0.1601,0.022,155.4980137348175,5998.037262201309
FedProx,1.0,rep3,39,2026-04-11 12:49:06,0.7803,0.7085,0.927,0.1624,0.0224,156.62096238136292,6154.658224582672
FedProx,1.0,rep3,40,2026-04-11 12:51:43,0.7784,0.7097,0.9272,0.1605,0.022,159.6913821697235,6314.349606752396
FedProx,1.0,rep3,41,2026-04-11 12:54:21,0.7784,0.7095,0.9273,0.1603,0.0219,155.94445204734802,6470.294058799744
FedProx,1.0,rep3,42,2026-04-11 12:56:58,0.7731,0.7113,0.9276,0.1596,0.0222,155.059987783432,6625.354046583176
FedProx,1.0,rep3,43,2026-04-11 12:59:33,0.7685,0.7108,0.9278,0.164,0.023,149.54224681854248,6774.896293401718
FedProx,1.0,rep3,44,2026-04-11 13:02:03,0.7675,0.7135,0.9282,0.1567,0.0216,155.20366525650024,6930.099958658218
FedProx,1.0,rep3,45,2026-04-11 13:04:39,0.7654,0.7127,0.9283,0.161,0.022,156.92288374900818,7087.022842407227
FedProx,1.0,rep3,46,2026-04-11 13:07:14,0.7632,0.7142,0.9286,0.16,0.0218,149.43052411079407,7236.453366518021
FedProx,1.0,rep3,47,2026-04-11 13:09:44,0.7638,0.7135,0.9283,0.1577,0.0213,155.91751337051392,7392.370879888535
FedProx,1.0,rep3,48,2026-04-11 13:12:20,0.7598,0.7135,0.9285,0.1602,0.0224,159.74357175827026,7552.114451646805
FedProx,1.0,rep3,49,2026-04-11 13:14:59,0.7579,0.7146,0.9287,0.16,0.0218,156.14785647392273,7708.2623081207275
FedProx,1.0,rep3,50,2026-04-11 13:17:37,0.7543,0.7155,0.9292,0.1597,0.0221,156.051011800766,7864.3133199214935
FedProx,1.0,rep4,0,2026-04-11 13:20:35,2.3126,0.0569,0.4191,0.0872,0.1544,153.34682416915894,153.34682416915894
FedProx,1.0,rep4,1,2026-04-11 13:23:08,2.1555,0.1827,0.7401,0.2197,0.0993,153.17120552062988,306.5180296897888
FedProx,1.0,rep4,2,2026-04-11 13:25:43,1.8247,0.5025,0.8658,0.2537,0.0749,158.94811868667603,465.46614837646484
FedProx,1.0,rep4,3,2026-04-11 13:28:21,1.5387,0.56,0.891,0.191,0.038,157.4054388999939,622.8715872764587
FedProx,1.0,rep4,4,2026-04-11 13:30:58,1.3631,0.5659,0.8984,0.1553,0.0205,150.48972582817078,773.3613131046295
FedProx,1.0,rep4,5,2026-04-11 13:33:28,1.2589,0.5779,0.9006,0.1312,0.0159,154.66530680656433,928.0266199111938
FedProx,1.0,rep4,6,2026-04-11 13:36:03,1.1885,0.5914,0.903,0.1169,0.015,158.84007573127747,1086.8666956424713
FedProx,1.0,rep4,7,2026-04-11 13:38:42,1.1396,0.6013,0.9045,0.1114,0.015,152.5821406841278,1239.4488363265991
FedProx,1.0,rep4,8,2026-04-11 13:41:15,1.0973,0.6172,0.9067,0.1136,0.0156,156.41329765319824,1395.8621339797974
FedProx,1.0,rep4,9,2026-04-11 13:43:51,1.0648,0.6262,0.9084,0.1117,0.0157,154.1725468635559,1550.0346808433533
FedProx,1.0,rep4,10,2026-04-11 13:46:26,1.0409,0.635,0.9095,0.1197,0.0165,157.7554051876068,1707.79008603096
FedProx,1.0,rep4,11,2026-04-11 13:49:06,1.0135,0.6485,0.9113,0.1278,0.0175,167.02937006950378,1874.8194561004639
FedProx,1.0,rep4,12,2026-04-11 13:51:51,0.9871,0.6587,0.9129,0.1371,0.0184,167.75105929374695,2042.5705153942108
FedProx,1.0,rep4,13,2026-04-11 13:54:37,0.9686,0.6613,0.914,0.1431,0.0192,158.11726546287537,2200.687780857086
FedProx,1.0,rep4,14,2026-04-11 13:57:16,0.9548,0.6665,0.9148,0.1437,0.0189,155.70928049087524,2356.3970613479614
FedProx,1.0,rep4,15,2026-04-11 13:59:51,0.9392,0.6691,0.9157,0.1483,0.0192,157.92396235466003,2514.3210237026215
FedProx,1.0,rep4,16,2026-04-11 14:02:30,0.9279,0.6715,0.9162,0.1498,0.0196,183.0991837978363,2697.4202075004578
FedProx,1.0,rep4,17,2026-04-11 14:05:35,0.9112,0.6756,0.9176,0.1544,0.0205,166.97317337989807,2864.393380880356
FedProx,1.0,rep4,18,2026-04-11 14:08:21,0.8973,0.6788,0.9187,0.1559,0.021,159.95651149749756,3024.3498923778534
FedProx,1.0,rep4,19,2026-04-11 14:11:02,0.8886,0.6811,0.9191,0.1577,0.0213,158.8139934539795,3183.163885831833
FedProx,1.0,rep4,20,2026-04-11 14:13:39,0.8804,0.6836,0.92,0.1566,0.0207,164.60211539268494,3347.766001224518
FedProx,1.0,rep4,21,2026-04-11 14:16:24,0.8742,0.6838,0.9202,0.1605,0.0218,164.31618070602417,3512.082181930542
FedProx,1.0,rep4,22,2026-04-11 14:19:09,0.8669,0.6848,0.9206,0.1608,0.0215,163.8447494506836,3675.9269313812256
FedProx,1.0,rep4,23,2026-04-11 14:21:52,0.8532,0.6885,0.9218,0.1613,0.0218,162.44311928749084,3838.3700506687164
FedProx,1.0,rep4,24,2026-04-11 14:24:34,0.8471,0.6912,0.9223,0.1624,0.0221,160.8183250427246,3999.188375711441
FedProx,1.0,rep4,25,2026-04-11 14:27:14,0.8441,0.6903,0.9222,0.1616,0.0224,159.67693400382996,4158.865309715271
FedProx,1.0,rep4,26,2026-04-11 14:29:55,0.8337,0.693,0.9232,0.1602,0.0222,160.3134639263153,4319.178773641586
FedProx,1.0,rep4,27,2026-04-11 14:32:37,0.8298,0.6945,0.9234,0.161,0.022,162.89034509658813,4482.069118738174
FedProx,1.0,rep4,28,2026-04-11 14:35:19,0.8251,0.6954,0.9238,0.1616,0.0221,164.3912320137024,4646.460350751877
FedProx,1.0,rep4,29,2026-04-11 14:38:03,0.8196,0.6959,0.9243,0.1629,0.0222,166.38247752189636,4812.842828273773
FedProx,1.0,rep4,30,2026-04-11 14:40:49,0.8149,0.6981,0.9246,0.1597,0.0221,164.06486105918884,4976.907689332962
FedProx,1.0,rep4,31,2026-04-11 14:43:33,0.8128,0.6981,0.9247,0.1613,0.022,161.98588371276855,5138.893573045731
FedProx,1.0,rep4,32,2026-04-11 14:46:16,0.8084,0.6989,0.9249,0.1616,0.0222,160.04740071296692,5298.9409737586975
FedProx,1.0,rep4,33,2026-04-11 14:48:56,0.8045,0.7022,0.9253,0.1604,0.0222,155.70048069953918,5454.641454458237
FedProx,1.0,rep4,34,2026-04-11 14:51:31,0.8002,0.7027,0.9256,0.1617,0.0224,158.11208057403564,5612.753535032272
FedProx,1.0,rep4,35,2026-04-11 14:54:09,0.7956,0.7033,0.926,0.1596,0.0221,157.32822465896606,5770.081759691238
FedProx,1.0,rep4,36,2026-04-11 14:56:46,0.7938,0.7059,0.926,0.1576,0.0219,156.7521891593933,5926.833948850632
FedProx,1.0,rep4,37,2026-04-11 14:59:24,0.7878,0.7074,0.9265,0.1581,0.0221,161.2889223098755,6088.122871160507
FedProx,1.0,rep4,38,2026-04-11 15:02:05,0.7868,0.7057,0.9265,0.1614,0.0223,164.17957377433777,6252.302444934845
FedProx,1.0,rep4,39,2026-04-11 15:04:47,0.7823,0.7086,0.9269,0.1626,0.0226,157.68215823173523,6409.98460316658
FedProx,1.0,rep4,40,2026-04-11 15:07:26,0.7807,0.7084,0.9269,0.1624,0.0225,161.55037260055542,6571.534975767136
FedProx,1.0,rep4,41,2026-04-11 15:10:09,0.7774,0.71,0.9273,0.1592,0.0217,174.0876386165619,6745.6226143836975
FedProx,1.0,rep4,42,2026-04-11 15:13:04,0.7755,0.7102,0.9272,0.159,0.0222,165.5156421661377,6911.138256549835
FedProx,1.0,rep4,43,2026-04-11 15:15:49,0.7716,0.7117,0.9277,0.1581,0.0217,159.98879218101501,7071.12704873085
FedProx,1.0,rep4,44,2026-04-11 15:18:29,0.7701,0.7122,0.9278,0.1603,0.0219,165.94804573059082,7237.075094461441
FedProx,1.0,rep4,45,2026-04-11 15:21:15,0.769,0.7125,0.9278,0.1592,0.0218,163.46222686767578,7400.537321329117
FedProx,1.0,rep4,46,2026-04-11 15:23:57,0.7615,0.7135,0.9283,0.1596,0.0218,164.83931016921997,7565.376631498337
FedProx,1.0,rep4,47,2026-04-11 15:26:42,0.7591,0.7141,0.9285,0.1592,0.022,162.16107964515686,7727.537711143494
FedProx,1.0,rep4,48,2026-04-11 15:29:24,0.7598,0.7141,0.9286,0.1557,0.0211,163.02278518676758,7890.560496330261
FedProx,1.0,rep4,49,2026-04-11 15:32:07,0.7571,0.7144,0.9287,0.1594,0.0218,161.15764546394348,8051.718141794205
FedProx,1.0,rep4,50,2026-04-11 15:34:48,0.7567,0.7148,0.9287,0.1617,0.0221,161.3887324333191,8213.106874227524
FedProx,1.0,rep5,0,2026-04-11 15:37:53,2.3126,0.0569,0.4191,0.0872,0.1544,168.92273783683777,168.92273783683777
FedProx,1.0,rep5,1,2026-04-11 15:40:47,2.1555,0.1825,0.7401,0.2201,0.0997,233.4986913204193,402.4214291572571
FedProx,1.0,rep5,2,2026-04-11 15:44:40,1.8258,0.4959,0.8655,0.2673,0.0756,175.77155256271362,578.1929817199707
FedProx,1.0,rep5,3,2026-04-11 15:47:33,1.5385,0.5643,0.8911,0.1803,0.0364,166.55964374542236,744.7526254653931
FedProx,1.0,rep5,4,2026-04-11 15:50:17,1.3631,0.5638,0.8984,0.1565,0.0202,161.22546076774597,905.978086233139
FedProx,1.0,rep5,5,2026-04-11 15:52:58,1.26,0.5753,0.9006,0.1386,0.0167,162.20058703422546,1068.1786732673645
FedProx,1.0,rep5,6,2026-04-11 15:55:40,1.1883,0.5914,0.9028,0.12,0.0155,162.42688703536987,1230.6055603027344
FedProx,1.0,rep5,7,2026-04-11 15:58:24,1.1386,0.6045,0.9044,0.1147,0.0155,160.61605668067932,1391.2216169834137
FedProx,1.0,rep5,8,2026-04-11 16:01:05,1.0988,0.6146,0.9063,0.1094,0.0154,164.0251612663269,1555.2467782497406
FedProx,1.0,rep5,9,2026-04-11 16:03:48,1.0636,0.626,0.9085,0.1133,0.0165,161.17179894447327,1716.4185771942139
FedProx,1.0,rep5,10,2026-04-11 16:06:31,1.0367,0.6379,0.9101,0.1209,0.0171,163.0352213382721,1879.453798532486
FedProx,1.0,rep5,11,2026-04-11 16:09:12,1.0119,0.647,0.9114,0.1269,0.0174,163.17162799835205,2042.625426530838
FedProx,1.0,rep5,12,2026-04-11 16:11:54,0.9906,0.6549,0.9125,0.1354,0.0181,193.52347660064697,2236.148903131485
FedProx,1.0,rep5,13,2026-04-11 16:15:12,0.9729,0.6596,0.9134,0.1429,0.0189,180.39730978012085,2416.546212911606
FedProx,1.0,rep5,14,2026-04-11 16:18:10,0.9541,0.6649,0.9148,0.1455,0.0193,191.26051235198975,2607.8067252635956
FedProx,1.0,rep5,15,2026-04-11 16:21:26,0.941,0.6678,0.9154,0.1481,0.0195,195.04748845100403,2802.8542137145996
FedProx,1.0,rep5,16,2026-04-11 16:24:43,0.9209,0.6738,0.917,0.1519,0.0203,193.25709986686707,2996.1113135814667
FedProx,1.0,rep5,17,2026-04-11 16:28:02,0.9125,0.6755,0.9175,0.1555,0.0204,224.85523343086243,3220.966547012329
FedProx,1.0,rep5,18,2026-04-11 16:31:45,0.8976,0.6772,0.9185,0.1569,0.0209,215.20563435554504,3436.172181367874
FedProx,1.0,rep5,19,2026-04-11 16:35:13,0.8882,0.6798,0.9191,0.1573,0.0213,236.64255619049072,3672.814737558365
FedProx,1.0,rep5,20,2026-04-11 16:39:48,0.875,0.6839,0.9203,0.1588,0.0216,245.05041408538818,3917.865151643753
FedProx,1.0,rep5,21,2026-04-11 16:43:09,0.8693,0.685,0.9206,0.1609,0.022,168.38997077941895,4086.255122423172
FedProx,1.0,rep5,22,2026-04-11 16:45:58,0.8615,0.6881,0.9213,0.1607,0.0213,155.20577812194824,4241.46090054512
FedProx,1.0,rep5,23,2026-04-11 16:48:33,0.856,0.6876,0.9215,0.158,0.0211,152.15816473960876,4393.619065284729
FedProx,1.0,rep5,24,2026-04-11 16:51:06,0.8463,0.6899,0.9223,0.1612,0.0225,156.40009927749634,4550.019164562225
FedProx,1.0,rep5,25,2026-04-11 16:53:41,0.8404,0.6927,0.9228,0.1618,0.0222,153.46961164474487,4703.48877620697
FedProx,1.0,rep5,26,2026-04-11 16:56:16,0.8349,0.6926,0.923,0.1612,0.0224,157.10455012321472,4860.593326330185
FedProx,1.0,rep5,27,2026-04-11 16:58:51,0.8316,0.6953,0.9234,0.1603,0.0222,164.7545940876007,5025.347920417786
FedProx,1.0,rep5,28,2026-04-11 17:01:40,0.8273,0.6947,0.9236,0.1632,0.0227,193.40409326553345,5218.752013683319
FedProx,1.0,rep5,29,2026-04-11 17:04:57,0.8213,0.6967,0.924,0.1631,0.0225,227.44271779060364,5446.194731473923
FedProx,1.0,rep5,30,2026-04-11 17:08:52,0.8139,0.6979,0.9246,0.1626,0.0224,294.68473744392395,5740.879468917847
FedProx,1.0,rep5,31,2026-04-11 17:13:38,0.8085,0.701,0.9251,0.1623,0.0227,220.3516457080841,5961.231114625931
FedProx,1.0,rep5,32,2026-04-11 17:17:33,0.8046,0.7015,0.9254,0.1609,0.0223,374.84997749328613,6336.081092119217
FedProx,1.0,rep5,33,2026-04-11 17:23:51,0.8023,0.7014,0.9256,0.1602,0.0219,382.669056892395,6718.750149011612
FedProx,1.0,rep5,34,2026-04-11 17:30:01,0.7976,0.7025,0.9257,0.1634,0.0229,392.32447934150696,7111.074628353119
FedProx,1.0,rep5,35,2026-04-11 17:36:40,0.793,0.7041,0.9262,0.1614,0.0228,288.3767821788788,7399.451410531998
FedProx,1.0,rep5,36,2026-04-11 17:41:33,0.7887,0.7077,0.9266,0.1613,0.0224,289.54877758026123,7689.000188112259
FedProx,1.0,rep5,37,2026-04-11 17:46:23,0.7869,0.7092,0.9269,0.16,0.0221,311.01725912094116,8000.0174472332
FedProx,1.0,rep5,38,2026-04-11 17:51:32,0.785,0.7078,0.9267,0.1613,0.0224,304.915607213974,8304.933054447174
FedProx,1.0,rep5,39,2026-04-11 17:56:38,0.7819,0.7091,0.9269,0.1607,0.0225,285.8222153186798,8590.755269765854
FedProx,1.0,rep5,40,2026-04-11 18:01:50,0.7803,0.7093,0.927,0.1606,0.0224,272.1414155960083,8862.896685361862
FedProx,1.0,rep5,41,2026-04-11 18:05:35,0.7754,0.7111,0.9274,0.1588,0.0222,162.8299481868744,9025.726633548737
FedProx,1.0,rep5,42,2026-04-11 18:08:18,0.7749,0.7105,0.9276,0.1613,0.0221,161.2447967529297,9186.971430301666
FedProx,1.0,rep5,43,2026-04-11 18:10:59,0.772,0.7117,0.9276,0.16,0.0221,158.28652429580688,9345.257954597473
FedProx,1.0,rep5,44,2026-04-11 18:13:37,0.7706,0.7111,0.9276,0.1573,0.0218,152.559632062912,9497.817586660385
FedProx,1.0,rep5,45,2026-04-11 18:16:10,0.7683,0.7129,0.928,0.1566,0.0215,158.80947637557983,9656.627063035965
FedProx,1.0,rep5,46,2026-04-11 18:18:49,0.7652,0.7132,0.9281,0.1597,0.0221,155.39116883277893,9812.018231868744
FedProx,1.0,rep5,47,2026-04-11 18:21:24,0.7628,0.7136,0.928,0.1582,0.022,156.40950727462769,9968.427739143372
FedProx,1.0,rep5,48,2026-04-11 18:24:01,0.7592,0.7149,0.9287,0.157,0.0216,152.55588793754578,10120.983627080917
FedProx,1.0,rep5,49,2026-04-11 18:26:32,0.7563,0.717,0.9289,0.1551,0.0213,157.99087691307068,10278.974503993988
FedProx,1.0,rep5,50,2026-04-11 18:29:11,0.7534,0.7157,0.9291,0.1575,0.0216,158.44659781455994,10437.421101808548
SCAFFOLD,0.1,rep1,0,2026-04-11 20:09:33,2.3126,0.0569,0.4191,0.0872,0.1544,31.556398153305054,31.556398153305054
SCAFFOLD,0.1,rep1,1,2026-04-11 20:10:02,2.9003,0.1939,0.5346,0.3878,0.3363,23.293541193008423,54.84993934631348
SCAFFOLD,0.1,rep1,2,2026-04-11 20:10:26,2.124,0.2897,0.6759,0.3791,0.3113,24.315893173217773,79.16583251953125
SCAFFOLD,0.1,rep1,3,2026-04-11 20:10:50,2.4392,0.2827,0.6684,0.3612,0.303,25.819258451461792,104.98509097099304
SCAFFOLD,0.1,rep1,4,2026-04-11 20:11:19,1.4598,0.4181,0.867,0.2679,0.0684,29.30283546447754,134.28792643547058
SCAFFOLD,0.1,rep1,5,2026-04-11 20:11:53,1.9288,0.2249,0.8187,0.3713,0.1103,35.9603807926178,170.24830722808838
SCAFFOLD,0.1,rep1,6,2026-04-11 20:12:22,1.4202,0.449,0.8573,0.2741,0.1271,26.14921522140503,196.3975224494934
SCAFFOLD,0.1,rep1,7,2026-04-11 20:12:49,1.2498,0.5645,0.8839,0.3124,0.0678,26.90674591064453,223.30426836013794
SCAFFOLD,0.1,rep1,8,2026-04-11 20:13:16,1.1771,0.5674,0.8877,0.1912,0.0423,27.273085832595825,250.57735419273376
SCAFFOLD,0.1,rep1,9,2026-04-11 20:13:43,1.1262,0.587,0.8929,0.2412,0.0403,26.69323229789734,277.2705864906311
SCAFFOLD,0.1,rep1,10,2026-04-11 20:14:09,1.132,0.5805,0.8946,0.2944,0.0473,25.853311777114868,303.123898267746
SCAFFOLD,0.1,rep1,11,2026-04-11 20:14:35,1.4071,0.4934,0.8709,0.2793,0.0711,25.259921550750732,328.3838198184967
SCAFFOLD,0.1,rep1,12,2026-04-11 20:15:00,1.1729,0.5913,0.887,0.3444,0.0794,26.149760007858276,354.533579826355
SCAFFOLD,0.1,rep1,13,2026-04-11 20:15:26,1.3532,0.5038,0.8782,0.3709,0.1016,26.30936622619629,380.84294605255127
SCAFFOLD,0.1,rep1,14,2026-04-11 20:15:53,1.057,0.5884,0.9081,0.3129,0.0433,26.276597499847412,407.1195435523987
SCAFFOLD,0.1,rep1,15,2026-04-11 20:16:19,1.1699,0.5619,0.9107,0.2978,0.0557,26.268593072891235,433.3881366252899
SCAFFOLD,0.1,rep1,16,2026-04-11 20:16:45,1.0018,0.6184,0.9116,0.3499,0.0562,26.757991552352905,460.1461281776428
SCAFFOLD,0.1,rep1,17,2026-04-11 20:17:12,1.2375,0.5453,0.8991,0.3747,0.0718,26.638610363006592,486.7847385406494
SCAFFOLD,0.1,rep1,18,2026-04-11 20:17:39,1.0106,0.5998,0.9102,0.2457,0.0442,26.160168647766113,512.9449071884155
SCAFFOLD,0.1,rep1,19,2026-04-11 20:18:05,0.8738,0.687,0.9224,0.2089,0.0359,26.607651472091675,539.5525586605072
SCAFFOLD,0.1,rep1,20,2026-04-11 20:18:32,1.1235,0.5943,0.912,0.3616,0.0641,26.4679753780365,566.0205340385437
SCAFFOLD,0.1,rep1,21,2026-04-11 20:18:58,1.1501,0.589,0.9087,0.3766,0.0686,26.266536951065063,592.2870709896088
SCAFFOLD,0.1,rep1,22,2026-04-11 20:19:24,0.8127,0.6985,0.9225,0.2002,0.0296,27.130937814712524,619.4180088043213
SCAFFOLD,0.1,rep1,23,2026-04-11 20:19:52,1.0752,0.5502,0.9109,0.309,0.0477,26.84784483909607,646.2658536434174
SCAFFOLD,0.1,rep1,24,2026-04-11 20:20:19,0.8685,0.6862,0.9181,0.2256,0.0386,26.2918860912323,672.5577397346497
SCAFFOLD,0.1,rep1,25,2026-04-11 20:20:44,0.8719,0.6771,0.9158,0.2629,0.0439,26.236913681030273,698.7946534156799
SCAFFOLD,0.1,rep1,26,2026-04-11 20:21:11,0.9043,0.649,0.9137,0.2566,0.0425,26.87020182609558,725.6648552417755
SCAFFOLD,0.1,rep1,27,2026-04-11 20:21:38,0.962,0.5747,0.9192,0.2695,0.0313,26.823760986328125,752.4886162281036
SCAFFOLD,0.1,rep1,28,2026-04-11 20:22:05,0.8325,0.681,0.9286,0.1657,0.0193,26.295729160308838,778.7843453884125
SCAFFOLD,0.1,rep1,29,2026-04-11 20:22:31,0.8515,0.673,0.9283,0.1039,0.0168,26.11236071586609,804.8967061042786
SCAFFOLD,0.1,rep1,30,2026-04-11 20:22:58,0.8895,0.6839,0.9261,0.1973,0.0395,26.94341516494751,831.8401212692261
SCAFFOLD,0.1,rep1,31,2026-04-11 20:23:24,1.0801,0.6034,0.9091,0.302,0.0586,26.323243856430054,858.1633651256561
SCAFFOLD,0.1,rep1,32,2026-04-11 20:23:50,0.7594,0.7171,0.9296,0.1882,0.0232,26.075399160385132,884.2387642860413
SCAFFOLD,0.1,rep1,33,2026-04-11 20:24:17,0.7843,0.7021,0.925,0.2034,0.0275,27.00288200378418,911.2416462898254
SCAFFOLD,0.1,rep1,34,2026-04-11 20:24:43,0.9551,0.6139,0.9089,0.3031,0.0654,26.982903718948364,938.2245500087738
SCAFFOLD,0.1,rep1,35,2026-04-11 20:25:10,0.7831,0.7021,0.9296,0.2134,0.0297,26.91720938682556,965.1417593955994
SCAFFOLD,0.1,rep1,36,2026-04-11 20:25:37,0.866,0.6954,0.9245,0.2558,0.05,26.514702081680298,991.6564614772797
SCAFFOLD,0.1,rep1,37,2026-04-11 20:26:04,0.77,0.7089,0.9311,0.1677,0.0197,26.720123291015625,1018.3765847682953
SCAFFOLD,0.1,rep1,38,2026-04-11 20:26:31,0.9409,0.669,0.9148,0.2907,0.0597,26.375869035720825,1044.752453804016
SCAFFOLD,0.1,rep1,39,2026-04-11 20:26:57,0.8014,0.6827,0.9196,0.2113,0.0419,27.049979209899902,1071.802433013916
SCAFFOLD,0.1,rep1,40,2026-04-11 20:27:24,0.7662,0.6921,0.926,0.1892,0.0294,27.169886112213135,1098.9723191261292
SCAFFOLD,0.1,rep1,41,2026-04-11 20:27:52,0.7814,0.7072,0.9293,0.2339,0.0347,27.2512047290802,1126.2235238552094
SCAFFOLD,0.1,rep1,42,2026-04-11 20:28:19,0.8557,0.6551,0.9201,0.2522,0.0456,28.127524375915527,1154.3510482311249
SCAFFOLD,0.1,rep1,43,2026-04-11 20:28:47,0.8511,0.6359,0.9278,0.1697,0.0202,26.855552673339844,1181.2066009044647
SCAFFOLD,0.1,rep1,44,2026-04-11 20:29:14,0.7399,0.7173,0.9256,0.1602,0.0331,26.852296352386475,1208.0588972568512
SCAFFOLD,0.1,rep1,45,2026-04-11 20:29:40,0.9479,0.6394,0.912,0.262,0.0501,26.305166006088257,1234.3640632629395
SCAFFOLD,0.1,rep1,46,2026-04-11 20:30:07,0.8446,0.6931,0.9199,0.2504,0.0467,26.314047813415527,1260.678111076355
SCAFFOLD,0.1,rep1,47,2026-04-11 20:30:33,0.8052,0.6863,0.9295,0.2083,0.0304,26.477210998535156,1287.1553220748901
SCAFFOLD,0.1,rep1,48,2026-04-11 20:30:59,0.7793,0.7009,0.9286,0.2285,0.0342,26.78653120994568,1313.9418532848358
SCAFFOLD,0.1,rep1,49,2026-04-11 20:31:27,0.907,0.6641,0.917,0.3097,0.0538,26.61446475982666,1340.5563180446625
SCAFFOLD,0.1,rep1,50,2026-04-11 20:31:53,0.7036,0.742,0.9319,0.1512,0.0234,26.956217050552368,1367.5125350952148
SCAFFOLD,0.1,rep2,0,2026-04-11 20:32:41,2.3126,0.0569,0.4191,0.0872,0.1544,26.535844326019287,26.535844326019287
SCAFFOLD,0.1,rep2,1,2026-04-11 20:33:06,3.0982,0.1906,0.5302,0.3812,0.3329,25.956825733184814,52.4926700592041
SCAFFOLD,0.1,rep2,2,2026-04-11 20:33:32,1.881,0.3971,0.7762,0.3733,0.2377,25.842965841293335,78.33563590049744
SCAFFOLD,0.1,rep2,3,2026-04-11 20:33:59,1.9529,0.3473,0.7595,0.4303,0.2255,26.85043692588806,105.1860728263855
SCAFFOLD,0.1,rep2,4,2026-04-11 20:34:26,1.4815,0.4316,0.8543,0.3249,0.1206,27.257250785827637,132.44332361221313
SCAFFOLD,0.1,rep2,5,2026-04-11 20:34:53,1.7489,0.4028,0.8564,0.3262,0.084,27.08685326576233,159.53017687797546
SCAFFOLD,0.1,rep2,6,2026-04-11 20:35:20,1.1566,0.5608,0.8998,0.1213,0.0182,25.995887756347656,185.52606463432312
SCAFFOLD,0.1,rep2,7,2026-04-11 20:35:46,1.6302,0.4389,0.8749,0.2935,0.0637,26.64512348175049,212.1711881160736
SCAFFOLD,0.1,rep2,8,2026-04-11 20:36:12,1.4253,0.5362,0.8603,0.2755,0.0963,26.52303910255432,238.69422721862793
SCAFFOLD,0.1,rep2,9,2026-04-11 20:36:39,1.4154,0.5116,0.8679,0.2843,0.0903,26.022313594818115,264.71654081344604
SCAFFOLD,0.1,rep2,10,2026-04-11 20:37:05,1.0486,0.6474,0.9048,0.1931,0.0408,28.88111686706543,293.5976576805115
SCAFFOLD,0.1,rep2,11,2026-04-11 20:37:34,1.0814,0.5825,0.9028,0.299,0.0466,27.154311656951904,320.7519693374634
SCAFFOLD,0.1,rep2,12,2026-04-11 20:38:01,1.2279,0.5659,0.9028,0.2239,0.0516,26.462310791015625,347.214280128479
SCAFFOLD,0.1,rep2,13,2026-04-11 20:38:28,1.3391,0.5199,0.889,0.3383,0.0666,26.491071224212646,373.70535135269165
SCAFFOLD,0.1,rep2,14,2026-04-11 20:38:54,1.3266,0.5246,0.8833,0.3072,0.0728,27.03162384033203,400.7369751930237
SCAFFOLD,0.1,rep2,15,2026-04-11 20:39:21,0.9537,0.6477,0.9148,0.2558,0.0367,26.584521770477295,427.321496963501
SCAFFOLD,0.1,rep2,16,2026-04-11 20:39:48,1.1906,0.5734,0.8909,0.3222,0.0711,26.849909782409668,454.17140674591064
SCAFFOLD,0.1,rep2,17,2026-04-11 20:40:15,1.0777,0.5553,0.9094,0.2764,0.0425,26.345784664154053,480.5171914100647
SCAFFOLD,0.1,rep2,18,2026-04-11 20:40:41,0.9862,0.6123,0.9134,0.1981,0.0394,26.730329513549805,507.2475209236145
SCAFFOLD,0.1,rep2,19,2026-04-11 20:41:08,1.1328,0.5451,0.9036,0.2843,0.0608,26.822977781295776,534.0704987049103
SCAFFOLD,0.1,rep2,20,2026-04-11 20:41:34,0.9477,0.6243,0.9197,0.2701,0.0371,26.754083395004272,560.8245820999146
SCAFFOLD,0.1,rep2,21,2026-04-11 20:42:01,1.3858,0.4836,0.9047,0.3073,0.0564,26.113641023635864,586.9382231235504
SCAFFOLD,0.1,rep2,22,2026-04-11 20:42:27,0.9679,0.6703,0.9087,0.2449,0.0517,26.139556169509888,613.0777792930603
SCAFFOLD,0.1,rep2,23,2026-04-11 20:42:53,0.872,0.6626,0.9139,0.2074,0.0434,26.000251054763794,639.0780303478241
SCAFFOLD,0.1,rep2,24,2026-04-11 20:43:20,0.9172,0.6778,0.913,0.2294,0.0439,27.24168300628662,666.3197133541107
SCAFFOLD,0.1,rep2,25,2026-04-11 20:43:47,1.1103,0.6202,0.8944,0.3696,0.0879,27.10830044746399,693.4280138015747
SCAFFOLD,0.1,rep2,26,2026-04-11 20:44:14,0.8858,0.6882,0.9232,0.2096,0.0323,26.146097898483276,719.574111700058
SCAFFOLD,0.1,rep2,27,2026-04-11 20:44:40,0.8565,0.6823,0.9122,0.2045,0.0353,26.496359825134277,746.0704715251923
SCAFFOLD,0.1,rep2,28,2026-04-11 20:45:07,0.8985,0.6694,0.9095,0.2497,0.0475,26.847337007522583,772.9178085327148
SCAFFOLD,0.1,rep2,29,2026-04-11 20:45:33,0.7966,0.6989,0.9248,0.1725,0.024,26.444861888885498,799.3626704216003
SCAFFOLD,0.1,rep2,30,2026-04-11 20:46:00,0.8818,0.6796,0.9228,0.2629,0.0464,26.895171880722046,826.2578423023224
SCAFFOLD,0.1,rep2,31,2026-04-11 20:46:27,1.1043,0.6103,0.9182,0.2256,0.0378,26.698272705078125,852.9561150074005
SCAFFOLD,0.1,rep2,32,2026-04-11 20:46:54,0.8026,0.6955,0.9161,0.205,0.0386,26.969558477401733,879.9256734848022
SCAFFOLD,0.1,rep2,33,2026-04-11 20:47:20,0.9854,0.6508,0.9115,0.2917,0.0558,26.825298309326172,906.7509717941284
SCAFFOLD,0.1,rep2,34,2026-04-11 20:47:48,0.8522,0.634,0.9229,0.1992,0.0209,26.859217405319214,933.6101891994476
SCAFFOLD,0.1,rep2,35,2026-04-11 20:48:14,0.7318,0.7246,0.9261,0.1501,0.0249,26.58021092414856,960.1904001235962
SCAFFOLD,0.1,rep2,36,2026-04-11 20:48:40,0.8528,0.6559,0.9228,0.2097,0.0342,26.806710243225098,986.9971103668213
SCAFFOLD,0.1,rep2,37,2026-04-11 20:49:07,0.9075,0.6615,0.9244,0.3124,0.0546,26.522783756256104,1013.5198941230774
SCAFFOLD,0.1,rep2,38,2026-04-11 20:49:34,0.8286,0.6995,0.9177,0.2381,0.0372,26.28693985939026,1039.8068339824677
SCAFFOLD,0.1,rep2,39,2026-04-11 20:50:00,0.7939,0.6999,0.924,0.2079,0.0294,26.252880334854126,1066.0597143173218
SCAFFOLD,0.1,rep2,40,2026-04-11 20:50:26,0.9624,0.6785,0.9219,0.2657,0.0554,25.81267285346985,1091.8723871707916
SCAFFOLD,0.1,rep2,41,2026-04-11 20:50:52,0.9224,0.6742,0.9172,0.228,0.0592,26.157867670059204,1118.0302548408508
SCAFFOLD,0.1,rep2,42,2026-04-11 20:51:18,0.8518,0.6445,0.9248,0.1581,0.0275,26.679057121276855,1144.7093119621277
SCAFFOLD,0.1,rep2,43,2026-04-11 20:51:45,0.7355,0.7255,0.9316,0.1422,0.0251,26.76442551612854,1171.4737374782562
SCAFFOLD,0.1,rep2,44,2026-04-11 20:52:12,1.2202,0.5902,0.8985,0.3466,0.0781,27.14504647254944,1198.6187839508057
SCAFFOLD,0.1,rep2,45,2026-04-11 20:52:39,1.0205,0.6367,0.9086,0.2819,0.0611,26.097167015075684,1224.7159509658813
SCAFFOLD,0.1,rep2,46,2026-04-11 20:53:05,0.8661,0.6878,0.9279,0.2477,0.0405,26.47656774520874,1251.19251871109
SCAFFOLD,0.1,rep2,47,2026-04-11 20:53:32,0.9085,0.671,0.9139,0.247,0.0467,25.957757234573364,1277.1502759456635
SCAFFOLD,0.1,rep2,48,2026-04-11 20:53:57,0.8394,0.6937,0.9268,0.2536,0.0435,26.46640110015869,1303.6166770458221
SCAFFOLD,0.1,rep2,49,2026-04-11 20:54:24,0.7172,0.7337,0.9284,0.1815,0.0297,26.988219499588013,1330.6048965454102
SCAFFOLD,0.1,rep2,50,2026-04-11 20:54:51,0.8192,0.6861,0.9219,0.2774,0.0502,26.80265760421753,1357.4075541496277
SCAFFOLD,0.1,rep3,0,2026-04-11 20:55:40,2.3126,0.0569,0.4191,0.0872,0.1544,27.33251142501831,27.33251142501831
SCAFFOLD,0.1,rep3,1,2026-04-11 20:56:05,2.2594,0.1702,0.578,0.2229,0.323,25.669477939605713,53.00198936462402
SCAFFOLD,0.1,rep3,2,2026-04-11 20:56:31,2.3485,0.191,0.6308,0.382,0.2751,26.41984748840332,79.42183685302734
SCAFFOLD,0.1,rep3,3,2026-04-11 20:56:58,1.738,0.3139,0.8344,0.3742,0.119,27.351865530014038,106.77370238304138
SCAFFOLD,0.1,rep3,4,2026-04-11 20:57:26,1.706,0.4381,0.7956,0.3763,0.2037,27.24035096168518,134.01405334472656
SCAFFOLD,0.1,rep3,5,2026-04-11 20:57:53,2.3155,0.2925,0.8052,0.3685,0.1645,26.309057474136353,160.32311081886292
SCAFFOLD,0.1,rep3,6,2026-04-11 20:58:19,1.456,0.428,0.8619,0.3373,0.0918,27.18769669532776,187.51080751419067
SCAFFOLD,0.1,rep3,7,2026-04-11 20:58:46,1.5576,0.3953,0.8567,0.321,0.0938,26.79699444770813,214.3078019618988
SCAFFOLD,0.1,rep3,8,2026-04-11 20:59:14,1.2489,0.4658,0.8907,0.2536,0.0517,27.421053886413574,241.72885584831238
SCAFFOLD,0.1,rep3,9,2026-04-11 20:59:41,1.1533,0.5649,0.8955,0.1951,0.0405,26.692797660827637,268.42165350914
SCAFFOLD,0.1,rep3,10,2026-04-11 21:00:07,1.6984,0.427,0.8775,0.2829,0.0707,27.109180450439453,295.53083395957947
SCAFFOLD,0.1,rep3,11,2026-04-11 21:00:34,0.9888,0.6616,0.911,0.1787,0.032,27.146995544433594,322.67782950401306
SCAFFOLD,0.1,rep3,12,2026-04-11 21:01:01,1.8212,0.3749,0.8809,0.3429,0.0837,27.022761583328247,349.7005910873413
SCAFFOLD,0.1,rep3,13,2026-04-11 21:01:29,1.1085,0.6237,0.8977,0.2974,0.084,27.31746816635132,377.0180592536926
SCAFFOLD,0.1,rep3,14,2026-04-11 21:01:56,1.6787,0.4744,0.8856,0.3524,0.0864,27.62497568130493,404.64303493499756
SCAFFOLD,0.1,rep3,15,2026-04-11 21:02:23,1.1888,0.4828,0.9064,0.2758,0.0367,26.855746030807495,431.49878096580505
SCAFFOLD,0.1,rep3,16,2026-04-11 21:02:51,1.1059,0.5737,0.8986,0.2624,0.0491,27.513193607330322,459.0119745731354
SCAFFOLD,0.1,rep3,17,2026-04-11 21:03:18,1.345,0.5385,0.9045,0.3626,0.0651,26.89192008972168,485.90389466285706
SCAFFOLD,0.1,rep3,18,2026-04-11 21:03:45,1.0034,0.6257,0.9092,0.2557,0.0431,26.298104763031006,512.2019994258881
SCAFFOLD,0.1,rep3,19,2026-04-11 21:04:11,0.9003,0.6758,0.9124,0.2278,0.0454,27.1737380027771,539.3757374286652
SCAFFOLD,0.1,rep3,20,2026-04-11 21:04:38,0.8525,0.6832,0.9207,0.1975,0.0282,27.161300659179688,566.5370380878448
SCAFFOLD,0.1,rep3,21,2026-04-11 21:05:06,1.1879,0.5991,0.9001,0.3183,0.0687,27.752856492996216,594.2898945808411
SCAFFOLD,0.1,rep3,22,2026-04-11 21:05:33,0.9373,0.6235,0.9221,0.3172,0.0344,27.574858903884888,621.864753484726
SCAFFOLD,0.1,rep3,23,2026-04-11 21:06:01,0.9273,0.6587,0.9213,0.2972,0.0518,26.70961046218872,648.5743639469147
SCAFFOLD,0.1,rep3,24,2026-04-11 21:06:28,0.8299,0.6882,0.9212,0.2404,0.0411,27.185551643371582,675.7599155902863
SCAFFOLD,0.1,rep3,25,2026-04-11 21:06:54,0.914,0.6598,0.9136,0.2969,0.0515,26.428207397460938,702.1881229877472
SCAFFOLD,0.1,rep3,26,2026-04-11 21:07:21,0.8536,0.6719,0.9238,0.2959,0.0431,27.11591386795044,729.3040368556976
SCAFFOLD,0.1,rep3,27,2026-04-11 21:07:48,1.4552,0.4445,0.8814,0.3911,0.0749,27.20250964164734,756.506546497345
SCAFFOLD,0.1,rep3,28,2026-04-11 21:08:16,0.8828,0.6531,0.9255,0.2466,0.0314,27.114943981170654,783.6214904785156
SCAFFOLD,0.1,rep3,29,2026-04-11 21:08:43,1.2377,0.5727,0.9022,0.4207,0.0869,26.67739248275757,810.2988829612732
SCAFFOLD,0.1,rep3,30,2026-04-11 21:09:09,1.045,0.6065,0.9138,0.37,0.065,26.50492024421692,836.8038032054901
SCAFFOLD,0.1,rep3,31,2026-04-11 21:09:36,0.7788,0.712,0.9278,0.1855,0.0206,26.489234685897827,863.2930378913879
SCAFFOLD,0.1,rep3,32,2026-04-11 21:10:03,0.9072,0.6428,0.9235,0.3156,0.0458,26.702192068099976,889.9952299594879
SCAFFOLD,0.1,rep3,33,2026-04-11 21:10:29,0.8712,0.6471,0.9162,0.2306,0.0411,27.105683088302612,917.1009130477905
SCAFFOLD,0.1,rep3,34,2026-04-11 21:10:56,0.7441,0.7187,0.9292,0.182,0.0281,27.314894199371338,944.4158072471619
SCAFFOLD,0.1,rep3,35,2026-04-11 21:11:24,0.7681,0.6909,0.9276,0.1513,0.0174,26.665488243103027,971.0812954902649
SCAFFOLD,0.1,rep3,36,2026-04-11 21:11:50,0.7807,0.7168,0.9314,0.206,0.0335,27.804770469665527,998.8860659599304
SCAFFOLD,0.1,rep3,37,2026-04-11 21:12:18,0.944,0.6739,0.9201,0.2388,0.053,27.161926984786987,1026.0479929447174
SCAFFOLD,0.1,rep3,38,2026-04-11 21:12:45,0.9208,0.6238,0.915,0.2634,0.0485,26.973557710647583,1053.021550655365
SCAFFOLD,0.1,rep3,39,2026-04-11 21:13:12,0.7036,0.7383,0.9311,0.1539,0.0236,27.50883674621582,1080.5303874015808
SCAFFOLD,0.1,rep3,40,2026-04-11 21:13:40,0.8855,0.6241,0.9205,0.2627,0.0386,27.458739757537842,1107.9891271591187
SCAFFOLD,0.1,rep3,41,2026-04-11 21:14:07,0.8746,0.6787,0.9165,0.2682,0.0645,27.99433422088623,1135.9834613800049
SCAFFOLD,0.1,rep3,42,2026-04-11 21:14:35,0.7388,0.7194,0.9245,0.1854,0.0382,27.44975447654724,1163.4332158565521
SCAFFOLD,0.1,rep3,43,2026-04-11 21:15:02,0.8687,0.6579,0.9111,0.2797,0.0616,26.739463806152344,1190.1726796627045
SCAFFOLD,0.1,rep3,44,2026-04-11 21:15:29,0.7567,0.7067,0.9256,0.1588,0.0306,26.772383213043213,1216.9450628757477
SCAFFOLD,0.1,rep3,45,2026-04-11 21:15:56,0.8541,0.6486,0.9143,0.27,0.05,26.988891124725342,1243.933954000473
SCAFFOLD,0.1,rep3,46,2026-04-11 21:16:23,0.9834,0.6477,0.9222,0.3134,0.0583,26.352781534194946,1270.286735534668
SCAFFOLD,0.1,rep3,47,2026-04-11 21:16:50,1.0488,0.5783,0.9125,0.2476,0.0619,27.563165426254272,1297.8499009609222
SCAFFOLD,0.1,rep3,48,2026-04-11 21:17:17,0.827,0.6948,0.9224,0.2424,0.0474,27.176666975021362,1325.0265679359436
SCAFFOLD,0.1,rep3,49,2026-04-11 21:17:44,0.8102,0.6911,0.9226,0.2895,0.0516,27.495487928390503,1352.522055864334
SCAFFOLD,0.1,rep3,50,2026-04-11 21:18:11,0.8717,0.6984,0.9296,0.2346,0.047,25.956315517425537,1378.4783713817596
SCAFFOLD,0.1,rep4,0,2026-04-11 21:19:00,2.3126,0.0569,0.4191,0.0872,0.1544,26.932207584381104,26.932207584381104
SCAFFOLD,0.1,rep4,1,2026-04-11 21:19:25,2.7498,0.1799,0.5296,0.3599,0.3178,25.834604740142822,52.766812324523926
SCAFFOLD,0.1,rep4,2,2026-04-11 21:19:52,2.8137,0.1914,0.5885,0.3828,0.3162,26.937809467315674,79.7046217918396
SCAFFOLD,0.1,rep4,3,2026-04-11 21:20:18,1.7576,0.2905,0.8003,0.3488,0.1459,26.81922173500061,106.52384352684021
SCAFFOLD,0.1,rep4,4,2026-04-11 21:20:45,1.6423,0.3707,0.802,0.4371,0.1515,26.516730070114136,133.04057359695435
SCAFFOLD,0.1,rep4,5,2026-04-11 21:21:12,1.2275,0.5497,0.8962,0.129,0.0292,26.948328733444214,159.98890233039856
SCAFFOLD,0.1,rep4,6,2026-04-11 21:21:39,1.847,0.3942,0.8616,0.3226,0.0768,26.490121603012085,186.47902393341064
SCAFFOLD,0.1,rep4,7,2026-04-11 21:22:06,1.2453,0.5457,0.8914,0.1659,0.051,26.816503763198853,213.2955276966095
SCAFFOLD,0.1,rep4,8,2026-04-11 21:22:33,1.2941,0.5289,0.8866,0.2246,0.0673,26.74901795387268,240.04454565048218
SCAFFOLD,0.1,rep4,9,2026-04-11 21:22:58,1.2753,0.473,0.8856,0.3029,0.0699,26.16414737701416,266.20869302749634
SCAFFOLD,0.1,rep4,10,2026-04-11 21:23:25,1.0124,0.6493,0.9112,0.1353,0.0155,26.552828550338745,292.7615215778351
SCAFFOLD,0.1,rep4,11,2026-04-11 21:23:52,1.1778,0.5478,0.8984,0.3386,0.057,26.86355447769165,319.62507605552673
SCAFFOLD,0.1,rep4,12,2026-04-11 21:24:18,1.006,0.624,0.9144,0.0668,0.0134,26.486040115356445,346.1111161708832
SCAFFOLD,0.1,rep4,13,2026-04-11 21:24:45,1.3856,0.493,0.8905,0.3366,0.072,26.36642837524414,372.4775445461273
SCAFFOLD,0.1,rep4,14,2026-04-11 21:25:12,1.1155,0.6428,0.8972,0.1978,0.0705,26.711361169815063,399.1889057159424
SCAFFOLD,0.1,rep4,15,2026-04-11 21:25:38,1.0998,0.6201,0.8969,0.2958,0.0646,26.816407203674316,426.0053129196167
SCAFFOLD,0.1,rep4,16,2026-04-11 21:26:05,1.107,0.5422,0.8968,0.3093,0.0624,26.98587727546692,452.9911901950836
SCAFFOLD,0.1,rep4,17,2026-04-11 21:26:32,0.926,0.6563,0.9103,0.2096,0.0336,26.07924175262451,479.07043194770813
SCAFFOLD,0.1,rep4,18,2026-04-11 21:26:58,1.5262,0.4481,0.8926,0.3373,0.0706,26.656431198120117,505.72686314582825
SCAFFOLD,0.1,rep4,19,2026-04-11 21:27:25,0.8742,0.6799,0.9172,0.2036,0.0354,26.932472705841064,532.6593358516693
SCAFFOLD,0.1,rep4,20,2026-04-11 21:27:52,1.2458,0.609,0.8988,0.2936,0.0671,27.010299682617188,559.6696355342865
SCAFFOLD,0.1,rep4,21,2026-04-11 21:28:19,1.0826,0.5677,0.8975,0.307,0.0574,27.117969036102295,586.7876045703888
SCAFFOLD,0.1,rep4,22,2026-04-11 21:28:46,0.9159,0.6487,0.9095,0.2195,0.0419,26.977567434310913,613.7651720046997
SCAFFOLD,0.1,rep4,23,2026-04-11 21:29:13,1.1192,0.5873,0.9166,0.2108,0.0353,27.670864582061768,641.4360365867615
SCAFFOLD,0.1,rep4,24,2026-04-11 21:29:40,0.9347,0.6521,0.9237,0.2562,0.0405,26.375606298446655,667.8116428852081
SCAFFOLD,0.1,rep4,25,2026-04-11 21:30:07,0.9677,0.6398,0.917,0.3461,0.0602,26.720155000686646,694.5317978858948
SCAFFOLD,0.1,rep4,26,2026-04-11 21:30:33,1.0316,0.5894,0.8996,0.3279,0.0703,26.440852165222168,720.972650051117
SCAFFOLD,0.1,rep4,27,2026-04-11 21:31:00,0.8761,0.6703,0.9199,0.2748,0.0423,27.316673755645752,748.2893238067627
SCAFFOLD,0.1,rep4,28,2026-04-11 21:31:27,0.8302,0.6904,0.9173,0.2279,0.0421,27.090625286102295,775.379949092865
SCAFFOLD,0.1,rep4,29,2026-04-11 21:31:54,1.004,0.5774,0.9137,0.2838,0.0514,27.01840353012085,802.3983526229858
SCAFFOLD,0.1,rep4,30,2026-04-11 21:32:21,0.9243,0.6053,0.9177,0.2827,0.0393,26.97256350517273,829.3709161281586
SCAFFOLD,0.1,rep4,31,2026-04-11 21:32:48,0.9137,0.6134,0.9139,0.2915,0.0531,26.878752946853638,856.2496690750122
SCAFFOLD,0.1,rep4,32,2026-04-11 21:33:15,0.9837,0.6395,0.9105,0.3416,0.0669,27.53229832649231,883.7819674015045
SCAFFOLD,0.1,rep4,33,2026-04-11 21:33:43,0.7937,0.6911,0.9245,0.1781,0.0326,27.02994680404663,910.8119142055511
SCAFFOLD,0.1,rep4,34,2026-04-11 21:34:10,0.7402,0.7186,0.9316,0.1488,0.0182,27.454047679901123,938.2659618854523
SCAFFOLD,0.1,rep4,35,2026-04-11 21:34:38,0.7788,0.7096,0.9246,0.2142,0.033,27.133827686309814,965.3997895717621
SCAFFOLD,0.1,rep4,36,2026-04-11 21:35:05,0.9198,0.6766,0.9242,0.2567,0.0415,27.255300283432007,992.6550898551941
SCAFFOLD,0.1,rep4,37,2026-04-11 21:35:32,0.79,0.6759,0.9247,0.1791,0.0279,26.555684328079224,1019.2107741832733
SCAFFOLD,0.1,rep4,38,2026-04-11 21:35:58,1.0392,0.639,0.9228,0.2194,0.0389,26.450743198394775,1045.661517381668
SCAFFOLD,0.1,rep4,39,2026-04-11 21:36:25,0.9167,0.6737,0.9148,0.263,0.0614,26.872233390808105,1072.5337507724762
SCAFFOLD,0.1,rep4,40,2026-04-11 21:36:52,0.8469,0.6727,0.9203,0.3043,0.0523,27.193199396133423,1099.7269501686096
SCAFFOLD,0.1,rep4,41,2026-04-11 21:37:20,0.808,0.658,0.9241,0.2132,0.0308,27.763120412826538,1127.4900705814362
SCAFFOLD,0.1,rep4,42,2026-04-11 21:37:47,0.7712,0.6947,0.9262,0.2054,0.0311,27.676177740097046,1155.1662483215332
SCAFFOLD,0.1,rep4,43,2026-04-11 21:38:14,0.7326,0.7293,0.9307,0.201,0.0251,27.66304850578308,1182.8292968273163
SCAFFOLD,0.1,rep4,44,2026-04-11 21:38:42,0.7762,0.7215,0.9311,0.2058,0.0357,26.762144088745117,1209.5914409160614
SCAFFOLD,0.1,rep4,45,2026-04-11 21:39:08,0.765,0.7241,0.931,0.2287,0.0363,25.879505395889282,1235.4709463119507
SCAFFOLD,0.1,rep4,46,2026-04-11 21:39:35,0.8904,0.653,0.9138,0.3092,0.0632,26.49622678756714,1261.9671730995178
SCAFFOLD,0.1,rep4,47,2026-04-11 21:40:01,1.0657,0.5441,0.9156,0.3005,0.0397,26.97836923599243,1288.9455423355103
SCAFFOLD,0.1,rep4,48,2026-04-11 21:40:30,0.8224,0.6887,0.9295,0.2419,0.0386,28.664531230926514,1317.6100735664368
SCAFFOLD,0.1,rep4,49,2026-04-11 21:40:56,0.7375,0.7286,0.9314,0.0869,0.0077,26.747429847717285,1344.357503414154
SCAFFOLD,0.1,rep4,50,2026-04-11 21:41:23,0.7539,0.7243,0.9318,0.1901,0.0239,26.858625411987305,1371.2161288261414
SCAFFOLD,0.1,rep5,0,2026-04-11 21:42:14,2.3126,0.0569,0.4191,0.0872,0.1544,28.31814956665039,28.31814956665039
SCAFFOLD,0.1,rep5,1,2026-04-11 21:42:40,2.3334,0.2881,0.5945,0.3593,0.338,27.119663953781128,55.43781352043152
SCAFFOLD,0.1,rep5,2,2026-04-11 21:43:07,2.1494,0.1845,0.7146,0.3614,0.1957,26.414072275161743,81.85188579559326
SCAFFOLD,0.1,rep5,3,2026-04-11 21:43:34,2.3055,0.1953,0.7927,0.3905,0.1273,27.07633638381958,108.92822217941284
SCAFFOLD,0.1,rep5,4,2026-04-11 21:44:02,1.6189,0.3537,0.8201,0.3305,0.1436,27.912296056747437,136.84051823616028
SCAFFOLD,0.1,rep5,5,2026-04-11 21:44:29,1.2622,0.4791,0.8898,0.2324,0.0456,26.53352928161621,163.3740475177765
SCAFFOLD,0.1,rep5,6,2026-04-11 21:44:55,1.4881,0.4449,0.8461,0.2927,0.0883,26.42555069923401,189.7995982170105
SCAFFOLD,0.1,rep5,7,2026-04-11 21:45:22,1.3407,0.4622,0.8905,0.2655,0.0465,26.3548367023468,216.1544349193573
SCAFFOLD,0.1,rep5,8,2026-04-11 21:45:48,1.3027,0.4619,0.8905,0.2643,0.0506,27.10408854484558,243.25852346420288
SCAFFOLD,0.1,rep5,9,2026-04-11 21:46:16,1.2633,0.4691,0.8905,0.3101,0.0589,26.78312611579895,270.04164958000183
SCAFFOLD,0.1,rep5,10,2026-04-11 21:46:42,1.0523,0.5995,0.9068,0.3008,0.0506,26.77964973449707,296.8212993144989
SCAFFOLD,0.1,rep5,11,2026-04-11 21:47:09,1.5665,0.4494,0.875,0.3686,0.0977,26.543522596359253,323.36482191085815
SCAFFOLD,0.1,rep5,12,2026-04-11 21:47:35,1.1876,0.6059,0.8934,0.3326,0.0813,26.925721645355225,350.2905435562134
SCAFFOLD,0.1,rep5,13,2026-04-11 21:48:02,0.923,0.6723,0.9179,0.1818,0.0255,26.64430546760559,376.93484902381897
SCAFFOLD,0.1,rep5,14,2026-04-11 21:48:29,1.0452,0.5971,0.9164,0.2711,0.0414,26.8027126789093,403.73756170272827
SCAFFOLD,0.1,rep5,15,2026-04-11 21:48:56,1.1321,0.5951,0.8977,0.3136,0.0793,26.155725717544556,429.8932874202728
SCAFFOLD,0.1,rep5,16,2026-04-11 21:49:22,0.9423,0.6399,0.9149,0.2259,0.0353,27.406821966171265,457.3001093864441
SCAFFOLD,0.1,rep5,17,2026-04-11 21:49:49,0.9847,0.6423,0.9171,0.2531,0.045,27.317348957061768,484.61745834350586
SCAFFOLD,0.1,rep5,18,2026-04-11 21:50:17,0.9324,0.6399,0.91,0.2663,0.0497,27.330981969833374,511.94844031333923
SCAFFOLD,0.1,rep5,19,2026-04-11 21:50:44,0.964,0.6278,0.9213,0.3285,0.0457,26.51801824569702,538.4664585590363
SCAFFOLD,0.1,rep5,20,2026-04-11 21:51:10,0.9455,0.6523,0.9139,0.3048,0.0562,26.470512866973877,564.9369714260101
SCAFFOLD,0.1,rep5,21,2026-04-11 21:51:39,1.1614,0.5728,0.8897,0.3296,0.0773,31.18973445892334,596.1267058849335
SCAFFOLD,0.1,rep5,22,2026-04-11 21:52:10,0.8417,0.6919,0.9238,0.2251,0.034,28.196505546569824,624.3232114315033
SCAFFOLD,0.1,rep5,23,2026-04-11 21:52:36,0.9144,0.6256,0.9127,0.2627,0.0487,26.299092531204224,650.6223039627075
SCAFFOLD,0.1,rep5,24,2026-04-11 21:53:03,0.88,0.6677,0.9249,0.1899,0.0256,26.776051998138428,677.398355960846
SCAFFOLD,0.1,rep5,25,2026-04-11 21:53:30,0.8362,0.6839,0.9231,0.2194,0.0404,26.63115620613098,704.0295121669769
SCAFFOLD,0.1,rep5,26,2026-04-11 21:53:56,0.8897,0.6797,0.9184,0.2538,0.0438,26.572850942611694,730.6023631095886
SCAFFOLD,0.1,rep5,27,2026-04-11 21:54:23,0.8949,0.6518,0.9106,0.2398,0.048,26.911394596099854,757.5137577056885
SCAFFOLD,0.1,rep5,28,2026-04-11 21:54:49,0.8319,0.6702,0.9246,0.2098,0.0289,26.26703190803528,783.7807896137238
SCAFFOLD,0.1,rep5,29,2026-04-11 21:55:16,0.8279,0.6815,0.9174,0.2309,0.0485,26.765496015548706,810.5462856292725
SCAFFOLD,0.1,rep5,30,2026-04-11 21:55:42,1.0474,0.5733,0.8991,0.2926,0.0583,26.81795644760132,837.3642420768738
SCAFFOLD,0.1,rep5,31,2026-04-11 21:56:10,0.9038,0.6359,0.914,0.2436,0.0408,27.525043964385986,864.8892860412598
SCAFFOLD,0.1,rep5,32,2026-04-11 21:56:37,0.9985,0.6166,0.914,0.3655,0.0642,26.19287919998169,891.0821652412415
SCAFFOLD,0.1,rep5,33,2026-04-11 21:57:03,1.1384,0.6436,0.9019,0.3079,0.0868,26.766290426254272,917.8484556674957
SCAFFOLD,0.1,rep5,34,2026-04-11 21:57:30,1.0226,0.5911,0.9212,0.3668,0.0533,27.075465202331543,944.9239208698273
SCAFFOLD,0.1,rep5,35,2026-04-11 21:57:57,0.9394,0.6303,0.9031,0.2845,0.0668,26.79262137413025,971.7165422439575
SCAFFOLD,0.1,rep5,36,2026-04-11 21:58:24,0.8936,0.663,0.9096,0.2767,0.0671,25.89753293991089,997.6140751838684
SCAFFOLD,0.1,rep5,37,2026-04-11 21:58:50,0.7747,0.6947,0.9307,0.1357,0.0186,26.665831089019775,1024.2799062728882
SCAFFOLD,0.1,rep5,38,2026-04-11 21:59:17,0.8368,0.6666,0.9153,0.2247,0.0445,27.327632904052734,1051.607539176941
SCAFFOLD,0.1,rep5,39,2026-04-11 21:59:44,0.7458,0.7265,0.9317,0.0974,0.0175,26.448640823364258,1078.0561800003052
SCAFFOLD,0.1,rep5,40,2026-04-11 22:00:10,0.7614,0.72,0.9275,0.1983,0.0342,26.302284240722656,1104.3584642410278
SCAFFOLD,0.1,rep5,41,2026-04-11 22:00:36,0.7836,0.7087,0.9226,0.1935,0.0307,26.586287021636963,1130.9447512626648
SCAFFOLD,0.1,rep5,42,2026-04-11 22:01:02,0.8364,0.6741,0.9186,0.26,0.0498,25.656718969345093,1156.60147023201
SCAFFOLD,0.1,rep5,43,2026-04-11 22:01:28,0.8443,0.672,0.9217,0.2614,0.0492,26.583089590072632,1183.1845598220825
SCAFFOLD,0.1,rep5,44,2026-04-11 22:01:55,0.8689,0.6687,0.9177,0.2879,0.0543,27.622894763946533,1210.807454586029
SCAFFOLD,0.1,rep5,45,2026-04-11 22:02:23,0.8441,0.6822,0.9221,0.2987,0.05,27.273354291915894,1238.080808877945
SCAFFOLD,0.1,rep5,46,2026-04-11 22:02:50,0.8104,0.7038,0.9238,0.2308,0.0396,26.363062381744385,1264.4438712596893
SCAFFOLD,0.1,rep5,47,2026-04-11 22:03:16,0.7713,0.7175,0.9274,0.2159,0.0389,26.475650787353516,1290.9195220470428
SCAFFOLD,0.1,rep5,48,2026-04-11 22:03:43,0.938,0.6141,0.9176,0.2885,0.0483,26.136398553848267,1317.055920600891
SCAFFOLD,0.1,rep5,49,2026-04-11 22:04:09,0.7418,0.7214,0.9275,0.2053,0.0377,27.204859972000122,1344.2607805728912
SCAFFOLD,0.1,rep5,50,2026-04-11 22:04:36,0.7967,0.6705,0.9253,0.2354,0.0348,26.280925273895264,1370.5417058467865
SCAFFOLD,0.25,rep1,0,2026-04-11 22:05:26,2.3126,0.0569,0.4191,0.0872,0.1544,45.085344076156616,45.085344076156616
SCAFFOLD,0.25,rep1,1,2026-04-11 22:06:10,2.235,0.1932,0.6021,0.3864,0.2759,45.51521325111389,90.60055732727051
SCAFFOLD,0.25,rep1,2,2026-04-11 22:06:55,1.991,0.3527,0.7106,0.4142,0.2707,45.3406035900116,135.9411609172821
SCAFFOLD,0.25,rep1,3,2026-04-11 22:07:41,1.8426,0.3412,0.8027,0.3364,0.1655,44.57161617279053,180.51277709007263
SCAFFOLD,0.25,rep1,4,2026-04-11 22:08:26,1.2953,0.511,0.8951,0.2702,0.036,44.23180794715881,224.74458503723145
SCAFFOLD,0.25,rep1,5,2026-04-11 22:09:09,1.2217,0.5098,0.8963,0.2933,0.0414,44.6827278137207,269.42731285095215
SCAFFOLD,0.25,rep1,6,2026-04-11 22:09:54,1.2154,0.5131,0.897,0.2748,0.0403,46.00146555900574,315.4287784099579
SCAFFOLD,0.25,rep1,7,2026-04-11 22:10:40,1.0954,0.5854,0.9009,0.168,0.0246,45.60266828536987,361.03144669532776
SCAFFOLD,0.25,rep1,8,2026-04-11 22:11:26,1.0162,0.6415,0.9084,0.127,0.0162,45.801578760147095,406.83302545547485
SCAFFOLD,0.25,rep1,9,2026-04-11 22:12:12,1.057,0.5891,0.898,0.2684,0.0528,45.87422204017639,452.70724749565125
SCAFFOLD,0.25,rep1,10,2026-04-11 22:12:57,0.9456,0.6473,0.9123,0.1424,0.0197,44.937579870224,497.64482736587524
SCAFFOLD,0.25,rep1,11,2026-04-11 22:13:42,0.9579,0.6237,0.9111,0.2128,0.0311,46.783283948898315,544.4281113147736
SCAFFOLD,0.25,rep1,12,2026-04-11 22:14:29,0.875,0.6814,0.9201,0.1693,0.0212,44.35998225212097,588.7880935668945
SCAFFOLD,0.25,rep1,13,2026-04-11 22:15:14,0.8593,0.6805,0.9192,0.1571,0.0234,46.24015927314758,635.0282528400421
SCAFFOLD,0.25,rep1,14,2026-04-11 22:16:00,0.8601,0.6786,0.9181,0.2058,0.033,45.87846517562866,680.9067180156708
SCAFFOLD,0.25,rep1,15,2026-04-11 22:16:46,0.8396,0.6838,0.9198,0.2014,0.0345,45.035135984420776,725.9418540000916
SCAFFOLD,0.25,rep1,16,2026-04-11 22:17:31,0.832,0.6936,0.9235,0.1889,0.0228,44.3966543674469,770.3385083675385
SCAFFOLD,0.25,rep1,17,2026-04-11 22:18:15,0.8339,0.6686,0.921,0.1607,0.0258,45.312917709350586,815.651426076889
SCAFFOLD,0.25,rep1,18,2026-04-11 22:19:01,0.8027,0.6988,0.9239,0.1616,0.0263,46.076197147369385,861.7276232242584
SCAFFOLD,0.25,rep1,19,2026-04-11 22:19:46,0.8634,0.6737,0.9216,0.257,0.0421,44.18119239807129,905.9088156223297
SCAFFOLD,0.25,rep1,20,2026-04-11 22:20:31,0.8079,0.7005,0.924,0.2132,0.0305,45.49251627922058,951.4013319015503
SCAFFOLD,0.25,rep1,21,2026-04-11 22:21:16,0.7905,0.6895,0.9238,0.1593,0.0214,44.96953058242798,996.3708624839783
SCAFFOLD,0.25,rep1,22,2026-04-11 22:22:01,0.8257,0.6893,0.9176,0.2385,0.0435,45.34320282936096,1041.7140653133392
SCAFFOLD,0.25,rep1,23,2026-04-11 22:22:46,0.8072,0.7006,0.9219,0.2148,0.0343,45.311439037323,1087.0255043506622
SCAFFOLD,0.25,rep1,24,2026-04-11 22:23:31,0.7539,0.7195,0.9259,0.1848,0.026,45.14001750946045,1132.1655218601227
SCAFFOLD,0.25,rep1,25,2026-04-11 22:24:17,0.7794,0.7095,0.9213,0.1876,0.0315,45.052225828170776,1177.2177476882935
SCAFFOLD,0.25,rep1,26,2026-04-11 22:25:02,0.7732,0.7095,0.923,0.2001,0.0344,43.491454124450684,1220.7092018127441
SCAFFOLD,0.25,rep1,27,2026-04-11 22:25:45,0.8104,0.6985,0.9182,0.2366,0.0508,43.50167465209961,1264.2108764648438
SCAFFOLD,0.25,rep1,28,2026-04-11 22:26:29,0.8366,0.645,0.9243,0.2,0.0258,44.2726776599884,1308.4835541248322
SCAFFOLD,0.25,rep1,29,2026-04-11 22:27:13,0.803,0.704,0.9251,0.2491,0.0347,44.324546337127686,1352.8081004619598
SCAFFOLD,0.25,rep1,30,2026-04-11 22:27:58,0.7966,0.6876,0.9255,0.1902,0.0226,45.08397364616394,1397.8920741081238
SCAFFOLD,0.25,rep1,31,2026-04-11 22:28:43,0.7464,0.7233,0.9256,0.143,0.0207,45.54958534240723,1443.441659450531
SCAFFOLD,0.25,rep1,32,2026-04-11 22:29:28,0.8127,0.666,0.9216,0.2275,0.0302,45.81743836402893,1489.25909781456
SCAFFOLD,0.25,rep1,33,2026-04-11 22:30:14,0.7523,0.7294,0.9283,0.192,0.0287,46.0120370388031,1535.271134853363
SCAFFOLD,0.25,rep1,34,2026-04-11 22:31:01,0.7624,0.7188,0.9298,0.1429,0.0227,60.27426195144653,1595.5453968048096
SCAFFOLD,0.25,rep1,35,2026-04-11 22:32:01,0.7629,0.7226,0.9265,0.168,0.0327,48.81517148017883,1644.3605682849884
SCAFFOLD,0.25,rep1,36,2026-04-11 22:32:50,0.7776,0.6927,0.927,0.1188,0.0201,45.104689836502075,1689.4652581214905
SCAFFOLD,0.25,rep1,37,2026-04-11 22:33:34,0.7791,0.6932,0.928,0.1135,0.0167,45.86335492134094,1735.3286130428314
SCAFFOLD,0.25,rep1,38,2026-04-11 22:34:20,0.7341,0.7329,0.9323,0.1303,0.0151,46.0754611492157,1781.4040741920471
SCAFFOLD,0.25,rep1,39,2026-04-11 22:35:06,0.7325,0.7323,0.9323,0.1845,0.0247,44.860923290252686,1826.2649974822998
SCAFFOLD,0.25,rep1,40,2026-04-11 22:35:51,0.789,0.6996,0.9237,0.218,0.0453,43.881948471069336,1870.1469459533691
SCAFFOLD,0.25,rep1,41,2026-04-11 22:36:35,0.7577,0.711,0.9303,0.2127,0.0291,43.7794713973999,1913.926417350769
SCAFFOLD,0.25,rep1,42,2026-04-11 22:37:20,0.7337,0.7213,0.9317,0.1712,0.024,45.31809854507446,1959.2445158958435
SCAFFOLD,0.25,rep1,43,2026-04-11 22:38:04,0.7638,0.7146,0.9297,0.1837,0.0314,45.0727264881134,2004.317242383957
SCAFFOLD,0.25,rep1,44,2026-04-11 22:38:49,0.779,0.7002,0.9298,0.2637,0.0327,43.83455753326416,2048.151799917221
SCAFFOLD,0.25,rep1,45,2026-04-11 22:39:33,0.7602,0.7134,0.927,0.1759,0.0313,44.22086215019226,2092.3726620674133
SCAFFOLD,0.25,rep1,46,2026-04-11 22:40:17,0.7559,0.7233,0.9311,0.2094,0.0324,44.62670302391052,2136.999365091324
SCAFFOLD,0.25,rep1,47,2026-04-11 22:41:02,0.7324,0.7141,0.9327,0.1875,0.0231,45.619481801986694,2182.6188468933105
SCAFFOLD,0.25,rep1,48,2026-04-11 22:41:47,0.7355,0.7249,0.9334,0.2072,0.0313,45.218132734298706,2227.8369796276093
SCAFFOLD,0.25,rep1,49,2026-04-11 22:42:32,0.7666,0.7031,0.9268,0.1776,0.0298,44.38274836540222,2272.2197279930115
SCAFFOLD,0.25,rep1,50,2026-04-11 22:43:17,0.7458,0.7297,0.9319,0.2183,0.0371,44.86711311340332,2317.086841106415
SCAFFOLD,0.25,rep2,0,2026-04-11 22:44:25,2.3126,0.0569,0.4191,0.0872,0.1544,42.96429204940796,42.96429204940796
SCAFFOLD,0.25,rep2,1,2026-04-11 22:45:07,2.1977,0.1962,0.6223,0.3864,0.2802,43.87322497367859,86.83751702308655
SCAFFOLD,0.25,rep2,2,2026-04-11 22:45:51,1.9758,0.2365,0.746,0.3737,0.2231,44.16592741012573,131.00344443321228
SCAFFOLD,0.25,rep2,3,2026-04-11 22:46:35,1.5917,0.4357,0.8444,0.3023,0.1201,46.59850311279297,177.60194754600525
SCAFFOLD,0.25,rep2,4,2026-04-11 22:47:22,1.4776,0.3992,0.8527,0.3196,0.0748,44.284313440322876,221.88626098632812
SCAFFOLD,0.25,rep2,5,2026-04-11 22:48:06,1.1945,0.5749,0.8933,0.2015,0.0361,43.84888505935669,265.7351460456848
SCAFFOLD,0.25,rep2,6,2026-04-11 22:48:50,1.1528,0.6041,0.8899,0.1606,0.0391,44.67008018493652,310.40522623062134
SCAFFOLD,0.25,rep2,7,2026-04-11 22:49:35,1.079,0.6065,0.8989,0.1544,0.0321,46.268171310424805,356.67339754104614
SCAFFOLD,0.25,rep2,8,2026-04-11 22:50:21,1.0801,0.5867,0.8961,0.224,0.0431,45.41027474403381,402.08367228507996
SCAFFOLD,0.25,rep2,9,2026-04-11 22:51:06,1.0006,0.6404,0.9023,0.1865,0.0398,43.640108823776245,445.7237811088562
SCAFFOLD,0.25,rep2,10,2026-04-11 22:51:50,0.972,0.6425,0.9094,0.158,0.0293,44.90342879295349,490.6272099018097
SCAFFOLD,0.25,rep2,11,2026-04-11 22:52:35,0.9019,0.6757,0.9136,0.183,0.0265,44.49738526344299,535.1245951652527
SCAFFOLD,0.25,rep2,12,2026-04-11 22:53:20,0.9003,0.6794,0.9117,0.1666,0.0307,45.382028102874756,580.5066232681274
SCAFFOLD,0.25,rep2,13,2026-04-11 22:54:04,0.89,0.6742,0.9172,0.2287,0.0352,43.63561654090881,624.1422398090363
SCAFFOLD,0.25,rep2,14,2026-04-11 22:54:48,0.8484,0.689,0.9185,0.1308,0.0235,42.95811891555786,667.1003587245941
SCAFFOLD,0.25,rep2,15,2026-04-11 22:55:31,0.8714,0.6783,0.9121,0.1955,0.0389,44.7770791053772,711.8774378299713
SCAFFOLD,0.25,rep2,16,2026-04-11 22:56:16,0.9301,0.6578,0.9061,0.2544,0.053,44.85096597671509,756.7284038066864
SCAFFOLD,0.25,rep2,17,2026-04-11 22:57:01,0.9104,0.6416,0.9187,0.3253,0.0474,44.70608639717102,801.4344902038574
SCAFFOLD,0.25,rep2,18,2026-04-11 22:57:45,0.8198,0.6891,0.9199,0.1769,0.0309,44.80040454864502,846.2348947525024
SCAFFOLD,0.25,rep2,19,2026-04-11 22:58:30,0.8997,0.6463,0.9188,0.3396,0.0482,45.55885434150696,891.7937490940094
SCAFFOLD,0.25,rep2,20,2026-04-11 22:59:16,0.8345,0.6906,0.9158,0.2444,0.0422,44.59259009361267,936.3863391876221
SCAFFOLD,0.25,rep2,21,2026-04-11 23:00:01,0.8561,0.6875,0.9243,0.2243,0.0327,45.78628134727478,982.1726205348969
SCAFFOLD,0.25,rep2,22,2026-04-11 23:00:46,0.7695,0.7104,0.9265,0.1724,0.0224,44.816779375076294,1026.9893999099731
SCAFFOLD,0.25,rep2,23,2026-04-11 23:01:31,0.8008,0.6823,0.9201,0.1912,0.0306,45.52035164833069,1072.5097515583038
SCAFFOLD,0.25,rep2,24,2026-04-11 23:02:17,0.7755,0.7101,0.9206,0.1792,0.0301,44.79917788505554,1117.3089294433594
SCAFFOLD,0.25,rep2,25,2026-04-11 23:03:02,0.7997,0.6755,0.9187,0.2172,0.0343,45.77348208427429,1163.0824115276337
SCAFFOLD,0.25,rep2,26,2026-04-11 23:03:48,0.75,0.7219,0.9251,0.1664,0.0261,46.77267646789551,1209.8550879955292
SCAFFOLD,0.25,rep2,27,2026-04-11 23:04:35,0.7985,0.6879,0.9163,0.1996,0.0385,46.54044508934021,1256.3955330848694
SCAFFOLD,0.25,rep2,28,2026-04-11 23:05:22,0.7492,0.7178,0.9237,0.1443,0.022,45.9244658946991,1302.3199989795685
SCAFFOLD,0.25,rep2,29,2026-04-11 23:06:07,0.7606,0.6978,0.9256,0.1431,0.0222,47.39369034767151,1349.71368932724
SCAFFOLD,0.25,rep2,30,2026-04-11 23:06:55,0.7693,0.7138,0.919,0.1622,0.0338,49.05246162414551,1398.7661509513855
SCAFFOLD,0.25,rep2,31,2026-04-11 23:07:44,0.7747,0.7109,0.9243,0.2119,0.0318,47.16234350204468,1445.9284944534302
SCAFFOLD,0.25,rep2,32,2026-04-11 23:08:31,0.799,0.6885,0.9178,0.2088,0.0443,46.298062801361084,1492.2265572547913
SCAFFOLD,0.25,rep2,33,2026-04-11 23:09:18,0.7951,0.6973,0.9227,0.2638,0.0434,46.965699911117554,1539.1922571659088
SCAFFOLD,0.25,rep2,34,2026-04-11 23:10:05,0.871,0.6603,0.9159,0.3252,0.0577,47.54858183860779,1586.7408390045166
SCAFFOLD,0.25,rep2,35,2026-04-11 23:10:52,0.8485,0.6393,0.9204,0.2506,0.0393,47.366414070129395,1634.107253074646
SCAFFOLD,0.25,rep2,36,2026-04-11 23:11:39,0.7859,0.7075,0.9199,0.1758,0.0361,46.946448802948,1681.053701877594
SCAFFOLD,0.25,rep2,37,2026-04-11 23:12:26,0.7698,0.7119,0.9281,0.2489,0.0373,47.60707688331604,1728.66077876091
SCAFFOLD,0.25,rep2,38,2026-04-11 23:13:14,0.7618,0.7247,0.9248,0.1872,0.0306,47.007935523986816,1775.6687142848969
SCAFFOLD,0.25,rep2,39,2026-04-11 23:14:01,0.7429,0.7321,0.928,0.1826,0.0328,47.86579918861389,1823.5345134735107
SCAFFOLD,0.25,rep2,40,2026-04-11 23:14:49,0.7333,0.7334,0.931,0.1504,0.0283,48.183818101882935,1871.7183315753937
SCAFFOLD,0.25,rep2,41,2026-04-11 23:15:37,0.725,0.7327,0.9327,0.1044,0.0172,46.05914235115051,1917.7774739265442
SCAFFOLD,0.25,rep2,42,2026-04-11 23:16:24,0.7276,0.7265,0.9341,0.1633,0.0241,48.042404890060425,1965.8198788166046
SCAFFOLD,0.25,rep2,43,2026-04-11 23:17:11,0.7281,0.7356,0.9319,0.1953,0.0298,47.80894494056702,2013.6288237571716
SCAFFOLD,0.25,rep2,44,2026-04-11 23:17:58,0.818,0.6913,0.9241,0.2904,0.0499,46.780024766922,2060.4088485240936
SCAFFOLD,0.25,rep2,45,2026-04-11 23:18:46,0.8126,0.6643,0.9292,0.3337,0.0412,49.59503650665283,2110.0038850307465
SCAFFOLD,0.25,rep2,46,2026-04-11 23:19:35,0.7563,0.7236,0.9283,0.24,0.0379,46.23189687728882,2156.2357819080353
SCAFFOLD,0.25,rep2,47,2026-04-11 23:20:22,0.7423,0.7338,0.9331,0.2034,0.0299,48.94972515106201,2205.1855070590973
SCAFFOLD,0.25,rep2,48,2026-04-11 23:21:11,0.761,0.7021,0.9276,0.1818,0.0314,48.03941249847412,2253.2249195575714
SCAFFOLD,0.25,rep2,49,2026-04-11 23:21:59,0.7267,0.7302,0.9344,0.1732,0.0231,48.05386257171631,2301.2787821292877
SCAFFOLD,0.25,rep2,50,2026-04-11 23:22:46,0.7234,0.7373,0.9361,0.1695,0.0258,47.95672583580017,2349.235507965088
SCAFFOLD,0.25,rep3,0,2026-04-11 23:23:59,2.3126,0.0569,0.4191,0.0872,0.1544,47.51541304588318,47.51541304588318
SCAFFOLD,0.25,rep3,1,2026-04-11 23:24:44,2.5697,0.1934,0.5906,0.3868,0.2454,46.82852220535278,94.34393525123596
SCAFFOLD,0.25,rep3,2,2026-04-11 23:25:31,2.1818,0.2649,0.6897,0.3702,0.2354,46.033957719802856,140.37789297103882
SCAFFOLD,0.25,rep3,3,2026-04-11 23:26:17,1.5671,0.3219,0.8467,0.3254,0.0903,46.8536217212677,187.23151469230652
SCAFFOLD,0.25,rep3,4,2026-04-11 23:27:04,1.3943,0.397,0.8772,0.2663,0.0427,46.627771615982056,233.85928630828857
SCAFFOLD,0.25,rep3,5,2026-04-11 23:27:51,1.1598,0.6039,0.8911,0.1658,0.041,46.697001695632935,280.5562880039215
SCAFFOLD,0.25,rep3,6,2026-04-11 23:28:37,1.1265,0.5567,0.8995,0.1206,0.0292,46.59417533874512,327.1504633426666
SCAFFOLD,0.25,rep3,7,2026-04-11 23:29:24,1.1042,0.6018,0.8983,0.1651,0.0372,46.642922163009644,373.79338550567627
SCAFFOLD,0.25,rep3,8,2026-04-11 23:30:10,1.0399,0.6405,0.9052,0.1524,0.0321,46.036410331726074,419.82979583740234
SCAFFOLD,0.25,rep3,9,2026-04-11 23:30:57,0.9741,0.6556,0.9091,0.222,0.0404,47.958348512649536,467.7881443500519
SCAFFOLD,0.25,rep3,10,2026-04-11 23:31:44,1.0165,0.6505,0.9094,0.2041,0.0455,45.749486684799194,513.5376310348511
SCAFFOLD,0.25,rep3,11,2026-04-11 23:32:31,0.9214,0.6676,0.9186,0.1826,0.0324,47.412376403808594,560.9500074386597
SCAFFOLD,0.25,rep3,12,2026-04-11 23:33:18,0.9444,0.6741,0.9174,0.2127,0.0431,46.652108907699585,607.6021163463593
SCAFFOLD,0.25,rep3,13,2026-04-11 23:34:05,0.9665,0.6541,0.9148,0.2376,0.0394,47.937554597854614,655.5396709442139
SCAFFOLD,0.25,rep3,14,2026-04-11 23:34:53,0.8428,0.6865,0.9178,0.159,0.0281,49.41771459579468,704.9573855400085
SCAFFOLD,0.25,rep3,15,2026-04-11 23:35:44,0.9099,0.6759,0.9196,0.2495,0.0461,55.25176954269409,760.2091550827026
SCAFFOLD,0.25,rep3,16,2026-04-11 23:36:39,0.8282,0.6631,0.9203,0.2075,0.0292,58.564658403396606,818.7738134860992
SCAFFOLD,0.25,rep3,17,2026-04-11 23:37:39,0.7954,0.7045,0.9241,0.1346,0.0219,58.676100969314575,877.4499144554138
SCAFFOLD,0.25,rep3,18,2026-04-11 23:38:37,0.8062,0.6826,0.9201,0.1952,0.0306,57.707860708236694,935.1577751636505
SCAFFOLD,0.25,rep3,19,2026-04-11 23:39:35,0.7723,0.7119,0.9252,0.1465,0.0224,58.585094928741455,993.742870092392
SCAFFOLD,0.25,rep3,20,2026-04-11 23:40:34,0.7895,0.6863,0.9248,0.1948,0.0256,58.38585877418518,1052.1287288665771
SCAFFOLD,0.25,rep3,21,2026-04-11 23:41:32,0.7812,0.696,0.9247,0.1814,0.0228,60.416301012039185,1112.5450298786163
SCAFFOLD,0.25,rep3,22,2026-04-11 23:42:32,0.7749,0.7063,0.9238,0.1807,0.0294,56.68437695503235,1169.2294068336487
SCAFFOLD,0.25,rep3,23,2026-04-11 23:43:30,0.8075,0.6817,0.9184,0.2034,0.0341,58.97284913063049,1228.2022559642792
SCAFFOLD,0.25,rep3,24,2026-04-11 23:44:30,0.7879,0.697,0.9201,0.2032,0.0323,61.72974491119385,1289.932000875473
SCAFFOLD,0.25,rep3,25,2026-04-11 23:45:30,0.7962,0.6851,0.9244,0.1877,0.0281,58.5696074962616,1348.5016083717346
SCAFFOLD,0.25,rep3,26,2026-04-11 23:46:30,0.8325,0.6664,0.919,0.1926,0.0379,61.62440204620361,1410.1260104179382
SCAFFOLD,0.25,rep3,27,2026-04-11 23:47:31,0.7453,0.725,0.928,0.1859,0.0271,58.01539349555969,1468.141403913498
SCAFFOLD,0.25,rep3,28,2026-04-11 23:48:28,0.7742,0.6935,0.9238,0.1953,0.0306,58.158093214035034,1526.299497127533
SCAFFOLD,0.25,rep3,29,2026-04-11 23:49:26,0.8076,0.6892,0.925,0.2561,0.0403,57.666351556777954,1583.965848684311
SCAFFOLD,0.25,rep3,30,2026-04-11 23:50:24,0.8118,0.7044,0.9256,0.2108,0.0395,56.70258927345276,1640.6684379577637
SCAFFOLD,0.25,rep3,31,2026-04-11 23:51:21,0.7548,0.7197,0.924,0.1694,0.0326,57.409148931503296,1698.077586889267
SCAFFOLD,0.25,rep3,32,2026-04-11 23:52:18,0.7544,0.7188,0.9278,0.1831,0.0288,59.43008995056152,1757.5076768398285
SCAFFOLD,0.25,rep3,33,2026-04-11 23:53:17,0.7437,0.7227,0.9282,0.165,0.026,57.314542293548584,1814.822219133377
SCAFFOLD,0.25,rep3,34,2026-04-11 23:54:16,0.767,0.7257,0.9254,0.2044,0.0331,59.29016852378845,1874.1123876571655
SCAFFOLD,0.25,rep3,35,2026-04-11 23:55:14,0.7338,0.7376,0.9286,0.1274,0.0245,58.339794635772705,1932.4521822929382
SCAFFOLD,0.25,rep3,36,2026-04-11 23:56:13,0.751,0.7243,0.925,0.1611,0.0249,57.82025504112244,1990.2724373340607
SCAFFOLD,0.25,rep3,37,2026-04-11 23:57:10,0.7445,0.7349,0.9278,0.1712,0.0315,56.09348273277283,2046.3659200668335
SCAFFOLD,0.25,rep3,38,2026-04-11 23:58:08,0.7511,0.7273,0.9283,0.2067,0.0323,59.435123920440674,2105.801043987274
SCAFFOLD,0.25,rep3,39,2026-04-11 23:59:06,0.8177,0.7002,0.9295,0.2227,0.0385,59.50029730796814,2165.3013412952423
SCAFFOLD,0.25,rep3,40,2026-04-12 00:00:06,0.7486,0.7304,0.9287,0.212,0.0347,57.28100633621216,2222.5823476314545
SCAFFOLD,0.25,rep3,41,2026-04-12 00:01:03,0.7408,0.7259,0.9303,0.1768,0.0288,59.51286697387695,2282.0952146053314
SCAFFOLD,0.25,rep3,42,2026-04-12 00:02:03,0.7433,0.7279,0.9334,0.1854,0.0277,60.1197144985199,2342.2149291038513
SCAFFOLD,0.25,rep3,43,2026-04-12 00:03:03,0.7228,0.7251,0.9316,0.1638,0.0223,64.20250630378723,2406.4174354076385
SCAFFOLD,0.25,rep3,44,2026-04-12 00:04:08,0.7227,0.7378,0.9333,0.1727,0.025,60.01258397102356,2466.430019378662
SCAFFOLD,0.25,rep3,45,2026-04-12 00:05:07,0.793,0.6862,0.9251,0.1826,0.0357,60.11814069747925,2526.5481600761414
SCAFFOLD,0.25,rep3,46,2026-04-12 00:06:07,0.7793,0.7199,0.9257,0.2408,0.0395,59.29489064216614,2585.8430507183075
SCAFFOLD,0.25,rep3,47,2026-04-12 00:07:07,0.7452,0.7211,0.9326,0.2004,0.0277,59.14835834503174,2644.9914090633392
SCAFFOLD,0.25,rep3,48,2026-04-12 00:08:05,0.8313,0.6898,0.9253,0.2583,0.0398,58.011430740356445,2703.0028398036957
SCAFFOLD,0.25,rep3,49,2026-04-12 00:09:03,0.7463,0.7187,0.9328,0.2029,0.0261,57.25341558456421,2760.25625538826
SCAFFOLD,0.25,rep3,50,2026-04-12 00:10:00,0.7441,0.724,0.9341,0.1985,0.0284,56.70225954055786,2816.9585149288177
SCAFFOLD,0.25,rep4,0,2026-04-12 00:11:25,2.3126,0.0569,0.4191,0.0872,0.1544,59.78501224517822,59.78501224517822
SCAFFOLD,0.25,rep4,1,2026-04-12 00:12:22,2.2459,0.2154,0.6375,0.3644,0.3156,57.94480895996094,117.72982120513916
SCAFFOLD,0.25,rep4,2,2026-04-12 00:13:18,1.8157,0.3276,0.8301,0.4064,0.1375,48.93758797645569,166.66740918159485
SCAFFOLD,0.25,rep4,3,2026-04-12 00:14:07,1.4675,0.4989,0.8794,0.2216,0.0777,49.715781927108765,216.3831911087036
SCAFFOLD,0.25,rep4,4,2026-04-12 00:14:56,1.3024,0.5157,0.8881,0.2845,0.056,51.091854095458984,267.4750452041626
SCAFFOLD,0.25,rep4,5,2026-04-12 00:15:48,1.1923,0.6164,0.8915,0.1856,0.0575,47.334511280059814,314.8095564842224
SCAFFOLD,0.25,rep4,6,2026-04-12 00:16:41,1.1371,0.6112,0.8968,0.1894,0.0573,56.82770800590515,371.63726449012756
SCAFFOLD,0.25,rep4,7,2026-04-12 00:17:32,1.0546,0.5991,0.9082,0.1736,0.0222,47.93914985656738,419.57641434669495
SCAFFOLD,0.25,rep4,8,2026-04-12 00:18:19,1.0458,0.6047,0.909,0.1855,0.021,47.42179870605469,466.99821305274963
SCAFFOLD,0.25,rep4,9,2026-04-12 00:19:07,1.042,0.6037,0.8997,0.232,0.041,49.07518529891968,516.0733983516693
SCAFFOLD,0.25,rep4,10,2026-04-12 00:19:56,0.9336,0.6659,0.9151,0.1835,0.0236,48.138869762420654,564.21226811409
SCAFFOLD,0.25,rep4,11,2026-04-12 00:20:44,0.8888,0.6817,0.9173,0.1571,0.0197,47.25340986251831,611.4656779766083
SCAFFOLD,0.25,rep4,12,2026-04-12 00:21:31,0.8743,0.6739,0.919,0.1434,0.0161,49.01288843154907,660.4785664081573
SCAFFOLD,0.25,rep4,13,2026-04-12 00:22:21,0.8809,0.672,0.9215,0.2341,0.0305,47.02280902862549,707.5013754367828
SCAFFOLD,0.25,rep4,14,2026-04-12 00:23:07,0.917,0.6546,0.9115,0.2315,0.0473,47.06711292266846,754.5684883594513
SCAFFOLD,0.25,rep4,15,2026-04-12 00:23:54,0.8303,0.6906,0.9205,0.1802,0.0281,47.25110363960266,801.819591999054
SCAFFOLD,0.25,rep4,16,2026-04-12 00:24:42,0.8554,0.6823,0.9178,0.1734,0.0335,45.8238422870636,847.6434342861176
SCAFFOLD,0.25,rep4,17,2026-04-12 00:25:28,0.8211,0.6789,0.9231,0.1687,0.0186,48.509286403656006,896.1527206897736
SCAFFOLD,0.25,rep4,18,2026-04-12 00:26:16,0.8584,0.6802,0.916,0.2557,0.0446,45.514687299728394,941.667407989502
SCAFFOLD,0.25,rep4,19,2026-04-12 00:27:02,0.9084,0.6632,0.9162,0.2858,0.0516,48.173609018325806,989.8410170078278
SCAFFOLD,0.25,rep4,20,2026-04-12 00:27:50,0.8415,0.6709,0.915,0.2038,0.0345,46.200379848480225,1036.041396856308
SCAFFOLD,0.25,rep4,21,2026-04-12 00:28:36,0.8205,0.7008,0.9209,0.217,0.0346,46.240896463394165,1082.2822933197021
SCAFFOLD,0.25,rep4,22,2026-04-12 00:29:23,0.8283,0.6545,0.9174,0.2392,0.035,49.62818741798401,1131.9104807376862
SCAFFOLD,0.25,rep4,23,2026-04-12 00:30:14,0.764,0.7154,0.9276,0.17,0.0205,50.34997773170471,1182.2604584693909
SCAFFOLD,0.25,rep4,24,2026-04-12 00:31:02,0.7709,0.7002,0.9235,0.1587,0.0265,46.617838859558105,1228.878297328949
SCAFFOLD,0.25,rep4,25,2026-04-12 00:31:49,0.7772,0.7155,0.9249,0.207,0.0308,47.74288082122803,1276.621178150177
SCAFFOLD,0.25,rep4,26,2026-04-12 00:32:36,0.7679,0.7157,0.9233,0.1892,0.0311,47.14988136291504,1323.771059513092
SCAFFOLD,0.25,rep4,27,2026-04-12 00:33:24,0.7532,0.7198,0.9277,0.1933,0.0254,48.821736574172974,1372.592796087265
SCAFFOLD,0.25,rep4,28,2026-04-12 00:34:13,0.8391,0.6814,0.9161,0.2812,0.0532,48.82118582725525,1421.4139819145203
SCAFFOLD,0.25,rep4,29,2026-04-12 00:35:01,0.8774,0.6589,0.9155,0.313,0.063,47.48032522201538,1468.8943071365356
SCAFFOLD,0.25,rep4,30,2026-04-12 00:35:49,0.7484,0.7219,0.9254,0.1751,0.0236,49.25497245788574,1518.1492795944214
SCAFFOLD,0.25,rep4,31,2026-04-12 00:36:38,0.7631,0.7189,0.9253,0.2011,0.0292,46.748942136764526,1564.898221731186
SCAFFOLD,0.25,rep4,32,2026-04-12 00:37:27,0.7782,0.7133,0.9248,0.2287,0.038,50.170785665512085,1615.069007396698
SCAFFOLD,0.25,rep4,33,2026-04-12 00:38:16,0.8011,0.7155,0.9242,0.2252,0.0414,46.62501239776611,1661.694019794464
SCAFFOLD,0.25,rep4,34,2026-04-12 00:39:02,0.7423,0.7299,0.9276,0.1726,0.0288,46.58584761619568,1708.2798674106598
SCAFFOLD,0.25,rep4,35,2026-04-12 00:39:48,0.7373,0.7372,0.9306,0.1796,0.0265,45.86810541152954,1754.1479728221893
SCAFFOLD,0.25,rep4,36,2026-04-12 00:40:34,0.7253,0.743,0.9311,0.1365,0.0193,47.16870427131653,1801.3166770935059
SCAFFOLD,0.25,rep4,37,2026-04-12 00:41:21,0.7301,0.7297,0.933,0.1321,0.018,46.98044300079346,1848.2971200942993
SCAFFOLD,0.25,rep4,38,2026-04-12 00:42:08,0.7497,0.7269,0.9276,0.1432,0.0275,46.01479363441467,1894.311913728714
SCAFFOLD,0.25,rep4,39,2026-04-12 00:42:54,0.7276,0.7371,0.9348,0.157,0.0224,46.17548584938049,1940.4873995780945
SCAFFOLD,0.25,rep4,40,2026-04-12 00:43:40,0.7492,0.7269,0.9332,0.18,0.0271,48.73875856399536,1989.2261581420898
SCAFFOLD,0.25,rep4,41,2026-04-12 00:44:29,0.7117,0.7413,0.9351,0.1214,0.0172,46.75828719139099,2035.9844453334808
SCAFFOLD,0.25,rep4,42,2026-04-12 00:45:16,0.7333,0.7182,0.9329,0.119,0.0223,48.782684087753296,2084.767129421234
SCAFFOLD,0.25,rep4,43,2026-04-12 00:46:05,0.7345,0.7249,0.9319,0.1956,0.0289,47.05725169181824,2131.8243811130524
SCAFFOLD,0.25,rep4,44,2026-04-12 00:46:51,0.7214,0.7379,0.9336,0.1782,0.0285,45.31323862075806,2177.1376197338104
SCAFFOLD,0.25,rep4,45,2026-04-12 00:47:36,0.7629,0.7222,0.9288,0.2166,0.0366,46.5231819152832,2223.6608016490936
SCAFFOLD,0.25,rep4,46,2026-04-12 00:48:24,0.7957,0.6982,0.9281,0.2788,0.0475,47.74072885513306,2271.4015305042267
SCAFFOLD,0.25,rep4,47,2026-04-12 00:49:11,0.7206,0.7407,0.9339,0.1218,0.0189,47.12682580947876,2318.5283563137054
SCAFFOLD,0.25,rep4,48,2026-04-12 00:49:58,0.7535,0.7295,0.9283,0.2022,0.0344,45.42419195175171,2363.952548265457
SCAFFOLD,0.25,rep4,49,2026-04-12 00:50:44,0.735,0.735,0.9311,0.1722,0.0296,48.01560020446777,2411.968148469925
SCAFFOLD,0.25,rep4,50,2026-04-12 00:51:32,0.7215,0.7381,0.9323,0.119,0.0169,47.91542935371399,2459.883577823639
SCAFFOLD,0.25,rep5,0,2026-04-12 00:52:43,2.3126,0.0569,0.4191,0.0872,0.1544,46.69399046897888,46.69399046897888
SCAFFOLD,0.25,rep5,1,2026-04-12 00:53:28,2.2269,0.1806,0.668,0.2589,0.3007,46.10857152938843,92.80256199836731
SCAFFOLD,0.25,rep5,2,2026-04-12 00:54:14,1.835,0.3909,0.8009,0.3304,0.1965,45.55567145347595,138.35823345184326
SCAFFOLD,0.25,rep5,3,2026-04-12 00:55:00,1.4717,0.4858,0.8804,0.285,0.0658,48.22644281387329,186.58467626571655
SCAFFOLD,0.25,rep5,4,2026-04-12 00:55:48,1.2629,0.5775,0.8921,0.1725,0.0519,47.23024320602417,233.81491947174072
SCAFFOLD,0.25,rep5,5,2026-04-12 00:56:35,1.2216,0.4998,0.8854,0.2683,0.0482,45.802300691604614,279.61722016334534
SCAFFOLD,0.25,rep5,6,2026-04-12 00:57:21,1.2816,0.4987,0.8686,0.3438,0.0757,46.33756685256958,325.9547870159149
SCAFFOLD,0.25,rep5,7,2026-04-12 00:58:07,1.0971,0.5776,0.8956,0.229,0.0396,46.312445878982544,372.26723289489746
SCAFFOLD,0.25,rep5,8,2026-04-12 00:58:53,1.0237,0.646,0.9069,0.1939,0.036,45.640746116638184,417.90797901153564
SCAFFOLD,0.25,rep5,9,2026-04-12 00:59:40,1.0774,0.5651,0.8975,0.287,0.0552,48.93782091140747,466.8457999229431
SCAFFOLD,0.25,rep5,10,2026-04-12 01:00:28,0.9962,0.6154,0.9072,0.2396,0.0359,47.2172737121582,514.0630736351013
SCAFFOLD,0.25,rep5,11,2026-04-12 01:01:16,0.8903,0.6772,0.9183,0.1693,0.023,48.56006693840027,562.6231405735016
SCAFFOLD,0.25,rep5,12,2026-04-12 01:02:04,0.9216,0.6412,0.9124,0.2453,0.0401,46.59103202819824,609.2141726016998
SCAFFOLD,0.25,rep5,13,2026-04-12 01:02:51,0.8645,0.6721,0.9186,0.1744,0.025,47.156230211257935,656.3704028129578
SCAFFOLD,0.25,rep5,14,2026-04-12 01:03:38,0.8749,0.6455,0.9191,0.1965,0.0247,46.33964562416077,702.7100484371185
SCAFFOLD,0.25,rep5,15,2026-04-12 01:04:24,0.8329,0.6956,0.9234,0.1922,0.0245,47.90026068687439,750.6103091239929
SCAFFOLD,0.25,rep5,16,2026-04-12 01:05:12,0.8486,0.6832,0.9161,0.201,0.0363,47.39816665649414,798.0084757804871
SCAFFOLD,0.25,rep5,17,2026-04-12 01:05:59,0.8599,0.6823,0.9153,0.2239,0.0465,45.644954442977905,843.653430223465
SCAFFOLD,0.25,rep5,18,2026-04-12 01:06:45,0.814,0.6954,0.919,0.1715,0.0297,45.18950700759888,888.8429372310638
SCAFFOLD,0.25,rep5,19,2026-04-12 01:07:30,0.8448,0.6478,0.918,0.2315,0.032,46.43643021583557,935.2793674468994
SCAFFOLD,0.25,rep5,20,2026-04-12 01:08:17,0.7907,0.6986,0.9235,0.1336,0.0223,46.85609793663025,982.1354653835297
SCAFFOLD,0.25,rep5,21,2026-04-12 01:09:04,0.8061,0.6861,0.9211,0.1749,0.0304,47.089815855026245,1029.225281238556
SCAFFOLD,0.25,rep5,22,2026-04-12 01:09:50,0.8226,0.6962,0.9258,0.2087,0.0362,46.448383808135986,1075.673665046692
SCAFFOLD,0.25,rep5,23,2026-04-12 01:10:37,0.8067,0.6786,0.9207,0.1951,0.0318,46.44802737236023,1122.1216924190521
SCAFFOLD,0.25,rep5,24,2026-04-12 01:11:23,0.7912,0.6862,0.9217,0.1791,0.0266,46.292136669158936,1168.413829088211
SCAFFOLD,0.25,rep5,25,2026-04-12 01:12:10,0.7713,0.703,0.9239,0.1549,0.0235,47.00345993041992,1215.417289018631
SCAFFOLD,0.25,rep5,26,2026-04-12 01:12:57,0.7789,0.7139,0.923,0.2102,0.0338,47.189127683639526,1262.6064167022705
SCAFFOLD,0.25,rep5,27,2026-04-12 01:13:44,0.7784,0.709,0.9293,0.1958,0.0271,48.518097162246704,1311.1245138645172
SCAFFOLD,0.25,rep5,28,2026-04-12 01:14:33,0.86,0.67,0.9221,0.3045,0.0503,47.61696219444275,1358.74147605896
SCAFFOLD,0.25,rep5,29,2026-04-12 01:15:20,0.7515,0.7242,0.9299,0.1947,0.029,47.0116753578186,1405.7531514167786
SCAFFOLD,0.25,rep5,30,2026-04-12 01:16:07,0.7512,0.7234,0.9289,0.1923,0.0262,46.81433415412903,1452.5674855709076
SCAFFOLD,0.25,rep5,31,2026-04-12 01:16:54,0.751,0.7243,0.9273,0.1899,0.031,47.61903691291809,1500.1865224838257
SCAFFOLD,0.25,rep5,32,2026-04-12 01:17:42,0.7283,0.7345,0.928,0.1621,0.0252,45.94722628593445,1546.1337487697601
SCAFFOLD,0.25,rep5,33,2026-04-12 01:18:27,0.7535,0.7242,0.9305,0.176,0.028,45.66383171081543,1591.7975804805756
SCAFFOLD,0.25,rep5,34,2026-04-12 01:19:13,0.7393,0.7283,0.9263,0.1482,0.028,45.83124136924744,1637.628821849823
SCAFFOLD,0.25,rep5,35,2026-04-12 01:19:59,0.7552,0.7241,0.928,0.21,0.0315,46.82838320732117,1684.4572050571442
SCAFFOLD,0.25,rep5,36,2026-04-12 01:20:46,0.7514,0.7243,0.932,0.216,0.0314,49.12469172477722,1733.5818967819214
SCAFFOLD,0.25,rep5,37,2026-04-12 01:21:35,0.7462,0.7219,0.9303,0.2036,0.0298,45.201342821121216,1778.7832396030426
SCAFFOLD,0.25,rep5,38,2026-04-12 01:22:20,0.7277,0.7339,0.9322,0.0997,0.0183,47.21153473854065,1825.9947743415833
SCAFFOLD,0.25,rep5,39,2026-04-12 01:23:07,0.7544,0.7326,0.9317,0.1925,0.0339,46.68026065826416,1872.6750349998474
SCAFFOLD,0.25,rep5,40,2026-04-12 01:23:54,0.8218,0.7065,0.929,0.2452,0.0454,47.071545124053955,1919.7465801239014
SCAFFOLD,0.25,rep5,41,2026-04-12 01:24:41,0.7477,0.7288,0.9289,0.1977,0.0293,45.207730293273926,1964.9543104171753
SCAFFOLD,0.25,rep5,42,2026-04-12 01:25:26,0.8279,0.6913,0.9234,0.2542,0.0469,45.096312046051025,2010.0506224632263
SCAFFOLD,0.25,rep5,43,2026-04-12 01:26:11,0.7069,0.7333,0.9335,0.1655,0.0216,45.568408250808716,2055.619030714035
SCAFFOLD,0.25,rep5,44,2026-04-12 01:26:57,0.7772,0.7059,0.9346,0.2405,0.036,47.401997566223145,2103.021028280258
SCAFFOLD,0.25,rep5,45,2026-04-12 01:27:44,0.7749,0.7166,0.9311,0.2235,0.0343,45.536699295043945,2148.557727575302
SCAFFOLD,0.25,rep5,46,2026-04-12 01:28:29,0.792,0.6942,0.9311,0.2996,0.0433,46.28830671310425,2194.8460342884064
SCAFFOLD,0.25,rep5,47,2026-04-12 01:29:17,0.7373,0.7313,0.9338,0.2019,0.0262,47.48323464393616,2242.3292689323425
SCAFFOLD,0.25,rep5,48,2026-04-12 01:30:03,0.7162,0.7452,0.933,0.1674,0.0252,45.80525279045105,2288.1345217227936
SCAFFOLD,0.25,rep5,49,2026-04-12 01:30:49,0.7367,0.7281,0.9323,0.2135,0.0306,45.64742827415466,2333.7819499969482
SCAFFOLD,0.25,rep5,50,2026-04-12 01:31:35,0.7451,0.7201,0.9338,0.1816,0.0235,45.59622406959534,2379.3781740665436
SCAFFOLD,0.5,rep1,0,2026-04-12 01:32:43,2.3126,0.0569,0.4191,0.0872,0.1544,78.31444382667542,78.31444382667542
SCAFFOLD,0.5,rep1,1,2026-04-12 01:34:00,2.192,0.2003,0.6748,0.2159,0.2731,78.97750902175903,157.29195284843445
SCAFFOLD,0.5,rep1,2,2026-04-12 01:35:19,1.755,0.3596,0.8321,0.2822,0.1338,78.05466556549072,235.34661841392517
SCAFFOLD,0.5,rep1,3,2026-04-12 01:36:37,1.3545,0.5743,0.8816,0.2046,0.0593,80.90364503860474,316.2502634525299
SCAFFOLD,0.5,rep1,4,2026-04-12 01:37:58,1.1746,0.5976,0.8936,0.155,0.035,79.25673031806946,395.50699377059937
SCAFFOLD,0.5,rep1,5,2026-04-12 01:39:17,1.0883,0.6262,0.9014,0.1151,0.0265,77.21898221969604,472.7259759902954
SCAFFOLD,0.5,rep1,6,2026-04-12 01:40:34,1.023,0.6442,0.906,0.1471,0.0226,76.43429231643677,549.1602683067322
SCAFFOLD,0.5,rep1,7,2026-04-12 01:41:51,0.9866,0.6577,0.9089,0.2064,0.034,77.99095416069031,627.1512224674225
SCAFFOLD,0.5,rep1,8,2026-04-12 01:43:09,0.9344,0.6694,0.9131,0.1863,0.0268,78.25115323066711,705.4023756980896
SCAFFOLD,0.5,rep1,9,2026-04-12 01:44:27,0.9304,0.672,0.9163,0.2209,0.0371,78.89062237739563,784.2929980754852
SCAFFOLD,0.5,rep1,10,2026-04-12 01:45:46,0.8726,0.6817,0.917,0.161,0.0223,78.8325355052948,863.12553358078
SCAFFOLD,0.5,rep1,11,2026-04-12 01:47:05,0.8418,0.6917,0.9202,0.1713,0.022,78.62125611305237,941.7467896938324
SCAFFOLD,0.5,rep1,12,2026-04-12 01:48:24,0.8334,0.6962,0.9212,0.1797,0.0308,78.61959552764893,1020.3663852214813
SCAFFOLD,0.5,rep1,13,2026-04-12 01:49:42,0.8048,0.7037,0.9245,0.1905,0.0254,75.70956420898438,1096.0759494304657
SCAFFOLD,0.5,rep1,14,2026-04-12 01:50:58,0.7854,0.7073,0.9263,0.1635,0.0207,77.17265295982361,1173.2486023902893
SCAFFOLD,0.5,rep1,15,2026-04-12 01:52:15,0.8012,0.7063,0.9251,0.2057,0.0294,74.63629484176636,1247.8848972320557
SCAFFOLD,0.5,rep1,16,2026-04-12 01:53:29,0.7871,0.703,0.9229,0.1812,0.0283,75.08825898170471,1322.9731562137604
SCAFFOLD,0.5,rep1,17,2026-04-12 01:54:45,0.7965,0.7005,0.9226,0.2119,0.0314,76.45599937438965,1399.42915558815
SCAFFOLD,0.5,rep1,18,2026-04-12 01:56:01,0.7636,0.7121,0.9255,0.1827,0.0245,78.01517868041992,1477.44433426857
SCAFFOLD,0.5,rep1,19,2026-04-12 01:57:19,0.7693,0.7094,0.9256,0.1982,0.0275,76.93160963058472,1554.3759438991547
SCAFFOLD,0.5,rep1,20,2026-04-12 01:58:36,0.7635,0.7163,0.9247,0.1863,0.0256,76.8196485042572,1631.1955924034119
SCAFFOLD,0.5,rep1,21,2026-04-12 01:59:53,0.7671,0.7197,0.9269,0.2013,0.0297,79.50394058227539,1710.6995329856873
SCAFFOLD,0.5,rep1,22,2026-04-12 02:01:13,0.7633,0.7188,0.926,0.1817,0.0291,78.14008665084839,1788.8396196365356
SCAFFOLD,0.5,rep1,23,2026-04-12 02:02:31,0.7537,0.7225,0.9269,0.1785,0.0266,76.4742341041565,1865.3138537406921
SCAFFOLD,0.5,rep1,24,2026-04-12 02:03:47,0.7499,0.7286,0.9278,0.1836,0.0271,76.4208071231842,1941.7346608638763
SCAFFOLD,0.5,rep1,25,2026-04-12 02:05:04,0.7504,0.726,0.9268,0.1676,0.0278,79.43339920043945,2021.1680600643158
SCAFFOLD,0.5,rep1,26,2026-04-12 02:06:23,0.7531,0.7237,0.9278,0.1898,0.0298,77.06681799888611,2098.234878063202
SCAFFOLD,0.5,rep1,27,2026-04-12 02:07:40,0.7619,0.7214,0.9249,0.203,0.0339,76.05856490135193,2174.293442964554
SCAFFOLD,0.5,rep1,28,2026-04-12 02:08:56,0.7494,0.734,0.9252,0.1717,0.0291,77.07891178131104,2251.372354745865
SCAFFOLD,0.5,rep1,29,2026-04-12 02:10:13,0.7361,0.7351,0.9287,0.1666,0.0248,78.42996644973755,2329.8023211956024
SCAFFOLD,0.5,rep1,30,2026-04-12 02:11:31,0.7176,0.7403,0.9315,0.1534,0.0198,75.1446487903595,2404.946969985962
SCAFFOLD,0.5,rep1,31,2026-04-12 02:12:46,0.7223,0.7293,0.9306,0.1479,0.0226,76.59363961219788,2481.54060959816
SCAFFOLD,0.5,rep1,32,2026-04-12 02:14:03,0.7284,0.7354,0.9298,0.1397,0.0245,78.94224309921265,2560.4828526973724
SCAFFOLD,0.5,rep1,33,2026-04-12 02:15:22,0.7251,0.7331,0.9307,0.1428,0.0213,77.12908029556274,2637.611932992935
SCAFFOLD,0.5,rep1,34,2026-04-12 02:16:39,0.7346,0.7325,0.9304,0.1279,0.0223,75.83805465698242,2713.4499876499176
SCAFFOLD,0.5,rep1,35,2026-04-12 02:17:55,0.7362,0.7312,0.9311,0.1305,0.0227,77.25025200843811,2790.7002396583557
SCAFFOLD,0.5,rep1,36,2026-04-12 02:19:13,0.7628,0.6898,0.9293,0.1877,0.0213,77.87479496002197,2868.5750346183777
SCAFFOLD,0.5,rep1,37,2026-04-12 02:20:30,0.7267,0.7281,0.9319,0.1594,0.0203,75.05383348464966,2943.6288681030273
SCAFFOLD,0.5,rep1,38,2026-04-12 02:21:45,0.7434,0.705,0.9298,0.1776,0.022,75.88753271102905,3019.5164008140564
SCAFFOLD,0.5,rep1,39,2026-04-12 02:23:01,0.7381,0.7164,0.929,0.1776,0.0231,77.08492231369019,3096.6013231277466
SCAFFOLD,0.5,rep1,40,2026-04-12 02:24:18,0.7392,0.723,0.9297,0.1979,0.026,77.64635181427002,3174.2476749420166
SCAFFOLD,0.5,rep1,41,2026-04-12 02:25:36,0.7362,0.731,0.928,0.17,0.0274,74.66105341911316,3248.9087283611298
SCAFFOLD,0.5,rep1,42,2026-04-12 02:26:50,0.7462,0.7213,0.927,0.185,0.0297,76.45532703399658,3325.3640553951263
SCAFFOLD,0.5,rep1,43,2026-04-12 02:28:07,0.7233,0.7419,0.9296,0.1711,0.0261,76.63917350769043,3402.0032289028168
SCAFFOLD,0.5,rep1,44,2026-04-12 02:29:24,0.7133,0.7473,0.9325,0.1616,0.0243,78.23223495483398,3480.2354638576508
SCAFFOLD,0.5,rep1,45,2026-04-12 02:30:42,0.7162,0.7433,0.9326,0.1518,0.0251,74.66687512397766,3554.9023389816284
SCAFFOLD,0.5,rep1,46,2026-04-12 02:31:56,0.7378,0.7321,0.9292,0.174,0.0296,77.25812363624573,3632.160462617874
SCAFFOLD,0.5,rep1,47,2026-04-12 02:33:14,0.7352,0.7335,0.93,0.212,0.0342,76.83052706718445,3708.9909896850586
SCAFFOLD,0.5,rep1,48,2026-04-12 02:34:31,0.7355,0.7348,0.9292,0.203,0.0325,77.43123650550842,3786.422226190567
SCAFFOLD,0.5,rep1,49,2026-04-12 02:35:48,0.7273,0.741,0.9324,0.1931,0.0291,77.22234392166138,3863.6445701122284
SCAFFOLD,0.5,rep1,50,2026-04-12 02:37:06,0.6998,0.749,0.9355,0.1797,0.0264,80.26774168014526,3943.9123117923737
SCAFFOLD,0.5,rep2,0,2026-04-12 02:38:48,2.3126,0.0569,0.4191,0.0872,0.1544,77.73350620269775,77.73350620269775
SCAFFOLD,0.5,rep2,1,2026-04-12 02:40:04,2.1718,0.1742,0.7114,0.2235,0.1812,74.52238011360168,152.25588631629944
SCAFFOLD,0.5,rep2,2,2026-04-12 02:41:19,1.718,0.4354,0.8631,0.3146,0.0882,77.80314540863037,230.0590317249298
SCAFFOLD,0.5,rep2,3,2026-04-12 02:42:36,1.3206,0.5476,0.8948,0.1288,0.0283,76.53601169586182,306.5950434207916
SCAFFOLD,0.5,rep2,4,2026-04-12 02:43:54,1.1682,0.5894,0.8972,0.1356,0.0252,77.2155237197876,383.8105671405792
SCAFFOLD,0.5,rep2,5,2026-04-12 02:45:11,1.0947,0.6001,0.9016,0.094,0.0232,75.49935221672058,459.3099193572998
SCAFFOLD,0.5,rep2,6,2026-04-12 02:46:26,1.0552,0.6007,0.9014,0.1466,0.0283,74.98696899414062,534.2968883514404
SCAFFOLD,0.5,rep2,7,2026-04-12 02:47:41,0.9935,0.6502,0.9074,0.1717,0.0305,75.9195146560669,610.2164030075073
SCAFFOLD,0.5,rep2,8,2026-04-12 02:48:56,0.9465,0.665,0.9122,0.1802,0.033,75.57793545722961,685.7943384647369
SCAFFOLD,0.5,rep2,9,2026-04-12 02:50:12,0.9095,0.6747,0.9153,0.2001,0.0319,75.49233317375183,761.2866716384888
SCAFFOLD,0.5,rep2,10,2026-04-12 02:51:28,0.8871,0.6793,0.9165,0.2025,0.0344,77.43399596214294,838.7206676006317
SCAFFOLD,0.5,rep2,11,2026-04-12 02:52:46,0.8513,0.6917,0.9195,0.1657,0.0309,78.14856314659119,916.8692307472229
SCAFFOLD,0.5,rep2,12,2026-04-12 02:54:03,0.8166,0.7033,0.9225,0.1506,0.0232,77.63559317588806,994.504823923111
SCAFFOLD,0.5,rep2,13,2026-04-12 02:55:21,0.8168,0.69,0.922,0.1626,0.0251,78.2616126537323,1072.7664365768433
SCAFFOLD,0.5,rep2,14,2026-04-12 02:56:39,0.8054,0.7014,0.9249,0.1895,0.0281,77.08825469017029,1149.8546912670135
SCAFFOLD,0.5,rep2,15,2026-04-12 02:57:56,0.8015,0.6981,0.9215,0.1606,0.0306,78.41411328315735,1228.268804550171
SCAFFOLD,0.5,rep2,16,2026-04-12 02:59:15,0.7873,0.7017,0.9228,0.1784,0.0268,79.3555178642273,1307.6243224143982
SCAFFOLD,0.5,rep2,17,2026-04-12 03:00:34,0.772,0.7139,0.9245,0.1846,0.0263,75.53717136383057,1383.1614937782288
SCAFFOLD,0.5,rep2,18,2026-04-12 03:01:50,0.7863,0.7077,0.9232,0.1986,0.0316,77.64481139183044,1460.8063051700592
SCAFFOLD,0.5,rep2,19,2026-04-12 03:03:07,0.7791,0.7066,0.9235,0.1954,0.0343,77.06510472297668,1537.871409893036
SCAFFOLD,0.5,rep2,20,2026-04-12 03:04:24,0.7689,0.7154,0.9234,0.18,0.0293,76.31882691383362,1614.1902368068695
SCAFFOLD,0.5,rep2,21,2026-04-12 03:05:41,0.7916,0.6971,0.9231,0.2125,0.0324,78.0946261882782,1692.2848629951477
SCAFFOLD,0.5,rep2,22,2026-04-12 03:06:59,0.7801,0.7157,0.922,0.1981,0.0347,74.53960227966309,1766.8244652748108
SCAFFOLD,0.5,rep2,23,2026-04-12 03:08:14,0.7783,0.7169,0.9227,0.2112,0.0366,75.66805815696716,1842.492523431778
SCAFFOLD,0.5,rep2,24,2026-04-12 03:09:29,0.7651,0.7275,0.9275,0.1964,0.0316,75.3893837928772,1917.8819072246552
SCAFFOLD,0.5,rep2,25,2026-04-12 03:10:44,0.7663,0.7183,0.9252,0.1759,0.0309,77.52131152153015,1995.4032187461853
SCAFFOLD,0.5,rep2,26,2026-04-12 03:12:02,0.7652,0.7221,0.926,0.1667,0.0297,77.8928632736206,2073.296082019806
SCAFFOLD,0.5,rep2,27,2026-04-12 03:13:20,0.7568,0.7257,0.9261,0.1701,0.0293,77.07843065261841,2150.3745126724243
SCAFFOLD,0.5,rep2,28,2026-04-12 03:14:37,0.7561,0.7287,0.9278,0.1816,0.0282,76.90959882736206,2227.2841114997864
SCAFFOLD,0.5,rep2,29,2026-04-12 03:15:54,0.7453,0.733,0.9301,0.1705,0.0263,78.99762344360352,2306.28173494339
SCAFFOLD,0.5,rep2,30,2026-04-12 03:17:13,0.7643,0.7134,0.9263,0.1823,0.0322,78.39220476150513,2384.673939704895
SCAFFOLD,0.5,rep2,31,2026-04-12 03:18:31,0.7434,0.7127,0.93,0.1566,0.0233,77.70863914489746,2462.3825788497925
SCAFFOLD,0.5,rep2,32,2026-04-12 03:19:49,0.7361,0.7257,0.932,0.1648,0.0239,74.39404916763306,2536.7766280174255
SCAFFOLD,0.5,rep2,33,2026-04-12 03:21:03,0.7699,0.7127,0.9275,0.1532,0.0254,77.76699495315552,2614.543622970581
SCAFFOLD,0.5,rep2,34,2026-04-12 03:22:21,0.7654,0.7231,0.9279,0.152,0.0251,77.16698670387268,2691.7106096744537
SCAFFOLD,0.5,rep2,35,2026-04-12 03:23:38,0.7489,0.7227,0.929,0.1485,0.0247,77.15724277496338,2768.867852449417
SCAFFOLD,0.5,rep2,36,2026-04-12 03:24:55,0.7475,0.7185,0.9291,0.145,0.0253,76.59365200996399,2845.461504459381
SCAFFOLD,0.5,rep2,37,2026-04-12 03:26:12,0.7454,0.7113,0.9299,0.1503,0.0211,78.13358902931213,2923.5950934886932
SCAFFOLD,0.5,rep2,38,2026-04-12 03:27:30,0.7336,0.7285,0.9314,0.1736,0.0263,78.00837230682373,3001.603465795517
SCAFFOLD,0.5,rep2,39,2026-04-12 03:28:48,0.7319,0.7246,0.9319,0.1922,0.0271,78.76014399528503,3080.363609790802
SCAFFOLD,0.5,rep2,40,2026-04-12 03:30:07,0.731,0.7377,0.9293,0.1781,0.0305,78.5553035736084,3158.9189133644104
SCAFFOLD,0.5,rep2,41,2026-04-12 03:31:25,0.7182,0.7378,0.9311,0.1651,0.025,77.53246545791626,3236.4513788223267
SCAFFOLD,0.5,rep2,42,2026-04-12 03:32:43,0.7305,0.7286,0.9305,0.1685,0.0231,77.15162396430969,3313.6030027866364
SCAFFOLD,0.5,rep2,43,2026-04-12 03:34:02,0.7308,0.7343,0.9291,0.1692,0.0276,87.47260212898254,3401.075604915619
SCAFFOLD,0.5,rep2,44,2026-04-12 03:35:30,0.7284,0.7354,0.9301,0.1294,0.0241,87.86326599121094,3488.93887090683
SCAFFOLD,0.5,rep2,45,2026-04-12 03:36:57,0.7302,0.7203,0.9299,0.1409,0.0233,91.43036937713623,3580.369240283966
SCAFFOLD,0.5,rep2,46,2026-04-12 03:38:28,0.7115,0.7422,0.9315,0.1249,0.0224,78.88753604888916,3659.256776332855
SCAFFOLD,0.5,rep2,47,2026-04-12 03:39:46,0.7212,0.7358,0.9313,0.1417,0.0258,75.56808805465698,3734.824864387512
SCAFFOLD,0.5,rep2,48,2026-04-12 03:41:01,0.7415,0.7169,0.9288,0.1934,0.0343,75.42545819282532,3810.2503225803375
SCAFFOLD,0.5,rep2,49,2026-04-12 03:42:17,0.7333,0.7193,0.9304,0.1447,0.0247,77.36076879501343,3887.611091375351
SCAFFOLD,0.5,rep2,50,2026-04-12 03:43:34,0.7231,0.7348,0.9315,0.1389,0.024,91.44689273834229,3979.0579841136932
SCAFFOLD,0.5,rep3,0,2026-04-12 03:45:30,2.3126,0.0569,0.4191,0.0872,0.1544,78.02159714698792,78.02159714698792
SCAFFOLD,0.5,rep3,1,2026-04-12 03:46:47,2.18,0.1831,0.67,0.1761,0.1923,77.4441614151001,155.465758562088
SCAFFOLD,0.5,rep3,2,2026-04-12 03:48:05,1.7595,0.3106,0.8199,0.3511,0.0965,77.69284677505493,233.15860533714294
SCAFFOLD,0.5,rep3,3,2026-04-12 03:49:23,1.399,0.4759,0.8709,0.2737,0.0621,80.06760311126709,313.22620844841003
SCAFFOLD,0.5,rep3,4,2026-04-12 03:50:42,1.1846,0.5762,0.8952,0.1416,0.0291,77.22583341598511,390.45204186439514
SCAFFOLD,0.5,rep3,5,2026-04-12 03:51:59,1.0991,0.5926,0.9011,0.0829,0.0183,75.39208936691284,465.844131231308
SCAFFOLD,0.5,rep3,6,2026-04-12 03:53:15,1.0432,0.6164,0.9042,0.083,0.0192,77.20712161064148,543.0512528419495
SCAFFOLD,0.5,rep3,7,2026-04-12 03:54:32,0.9934,0.642,0.9079,0.1726,0.0293,78.07850217819214,621.1297550201416
SCAFFOLD,0.5,rep3,8,2026-04-12 03:55:50,0.9474,0.658,0.9123,0.1601,0.0247,75.30330038070679,696.4330554008484
SCAFFOLD,0.5,rep3,9,2026-04-12 03:57:06,0.8983,0.6759,0.9166,0.1592,0.0208,76.83131408691406,773.2643694877625
SCAFFOLD,0.5,rep3,10,2026-04-12 03:58:23,0.8764,0.6754,0.9181,0.1636,0.0214,78.08129286766052,851.345662355423
SCAFFOLD,0.5,rep3,11,2026-04-12 03:59:40,0.881,0.6799,0.9171,0.1939,0.0318,77.45495176315308,928.800614118576
SCAFFOLD,0.5,rep3,12,2026-04-12 04:00:58,0.8332,0.6949,0.9213,0.1901,0.0267,78.8350510597229,1007.635665178299
SCAFFOLD,0.5,rep3,13,2026-04-12 04:02:17,0.8046,0.7042,0.9226,0.1648,0.023,78.37245392799377,1086.0081191062927
SCAFFOLD,0.5,rep3,14,2026-04-12 04:03:35,0.8021,0.7047,0.9218,0.1734,0.0281,77.02361011505127,1163.031729221344
SCAFFOLD,0.5,rep3,15,2026-04-12 04:04:52,0.7883,0.7109,0.9237,0.1836,0.0241,78.1038146018982,1241.1355438232422
SCAFFOLD,0.5,rep3,16,2026-04-12 04:06:11,0.789,0.7066,0.9244,0.2019,0.0314,78.47096228599548,1319.6065061092377
SCAFFOLD,0.5,rep3,17,2026-04-12 04:07:29,0.802,0.6941,0.9223,0.2205,0.0383,76.66844701766968,1396.2749531269073
SCAFFOLD,0.5,rep3,18,2026-04-12 04:08:45,0.7703,0.711,0.9251,0.1748,0.0281,77.39201259613037,1473.6669657230377
SCAFFOLD,0.5,rep3,19,2026-04-12 04:10:03,0.7911,0.7075,0.9239,0.1973,0.0318,76.50382828712463,1550.1707940101624
SCAFFOLD,0.5,rep3,20,2026-04-12 04:11:19,0.773,0.7163,0.9233,0.1632,0.0264,76.77909636497498,1626.9498903751373
SCAFFOLD,0.5,rep3,21,2026-04-12 04:12:37,0.7678,0.7219,0.9263,0.1913,0.0283,78.82396411895752,1705.7738544940948
SCAFFOLD,0.5,rep3,22,2026-04-12 04:13:55,0.7801,0.7198,0.925,0.1971,0.0311,74.93548035621643,1780.7093348503113
SCAFFOLD,0.5,rep3,23,2026-04-12 04:15:10,0.7711,0.7194,0.9277,0.1968,0.0308,78.01822090148926,1858.7275557518005
SCAFFOLD,0.5,rep3,24,2026-04-12 04:16:28,0.7653,0.7245,0.9263,0.1888,0.0287,74.30146193504333,1933.0290176868439
SCAFFOLD,0.5,rep3,25,2026-04-12 04:17:42,0.7618,0.7279,0.9282,0.1817,0.0298,76.15523624420166,2009.1842539310455
SCAFFOLD,0.5,rep3,26,2026-04-12 04:18:58,0.7637,0.7171,0.9257,0.1742,0.0299,77.28845453262329,2086.472708463669
SCAFFOLD,0.5,rep3,27,2026-04-12 04:20:15,0.7845,0.7107,0.9237,0.1974,0.0349,75.73216438293457,2162.2048728466034
SCAFFOLD,0.5,rep3,28,2026-04-12 04:21:32,0.7639,0.7217,0.9263,0.1903,0.0304,74.41576647758484,2236.6206393241882
SCAFFOLD,0.5,rep3,29,2026-04-12 04:22:46,0.7484,0.7257,0.9276,0.1747,0.0257,75.68819761276245,2312.3088369369507
SCAFFOLD,0.5,rep3,30,2026-04-12 04:24:02,0.7473,0.7267,0.9281,0.1882,0.028,77.56905555725098,2389.8778924942017
SCAFFOLD,0.5,rep3,31,2026-04-12 04:25:19,0.7524,0.7229,0.9268,0.1876,0.0302,75.72848105430603,2465.6063735485077
SCAFFOLD,0.5,rep3,32,2026-04-12 04:26:35,0.7758,0.7114,0.9231,0.1945,0.0358,75.09297680854797,2540.6993503570557
SCAFFOLD,0.5,rep3,33,2026-04-12 04:27:50,0.7595,0.7274,0.9254,0.207,0.0337,77.32703709602356,2618.026387453079
SCAFFOLD,0.5,rep3,34,2026-04-12 04:29:07,0.7381,0.7323,0.9285,0.1689,0.0267,77.06985855102539,2695.0962460041046
SCAFFOLD,0.5,rep3,35,2026-04-12 04:30:25,0.7347,0.7368,0.9288,0.1947,0.0296,77.35114097595215,2772.4473869800568
SCAFFOLD,0.5,rep3,36,2026-04-12 04:31:42,0.7375,0.7089,0.9299,0.199,0.0252,76.37397193908691,2848.8213589191437
SCAFFOLD,0.5,rep3,37,2026-04-12 04:32:58,0.7484,0.7037,0.9278,0.2017,0.0274,74.22302627563477,2923.0443851947784
SCAFFOLD,0.5,rep3,38,2026-04-12 04:34:12,0.7483,0.6976,0.9283,0.1971,0.0279,77.25430011749268,3000.298685312271
SCAFFOLD,0.5,rep3,39,2026-04-12 04:35:29,0.7297,0.7221,0.9294,0.1539,0.026,76.2982165813446,3076.5969018936157
SCAFFOLD,0.5,rep3,40,2026-04-12 04:36:46,0.7547,0.7168,0.9249,0.167,0.0315,79.64281678199768,3156.2397186756134
SCAFFOLD,0.5,rep3,41,2026-04-12 04:38:05,0.7697,0.7163,0.9239,0.1907,0.0335,75.8169333934784,3232.056652069092
SCAFFOLD,0.5,rep3,42,2026-04-12 04:39:21,0.7465,0.7297,0.9293,0.1858,0.0291,76.6579921245575,3308.7146441936493
SCAFFOLD,0.5,rep3,43,2026-04-12 04:40:38,0.7487,0.7289,0.9308,0.209,0.032,76.93437027931213,3385.6490144729614
SCAFFOLD,0.5,rep3,44,2026-04-12 04:41:55,0.7391,0.7272,0.9314,0.1934,0.0266,73.60069131851196,3459.2497057914734
SCAFFOLD,0.5,rep3,45,2026-04-12 04:43:08,0.7474,0.7195,0.9292,0.1881,0.0264,76.37845706939697,3535.6281628608704
SCAFFOLD,0.5,rep3,46,2026-04-12 04:44:25,0.7497,0.7242,0.9273,0.1701,0.0305,77.92963099479675,3613.557793855667
SCAFFOLD,0.5,rep3,47,2026-04-12 04:45:43,0.7381,0.7292,0.9298,0.1828,0.0298,76.74867916107178,3690.306473016739
SCAFFOLD,0.5,rep3,48,2026-04-12 04:47:00,0.7093,0.7383,0.9348,0.1864,0.026,77.31299066543579,3767.6194636821747
SCAFFOLD,0.5,rep3,49,2026-04-12 04:48:17,0.7117,0.7366,0.9335,0.185,0.0276,76.69257497787476,3844.3120386600494
SCAFFOLD,0.5,rep3,50,2026-04-12 04:49:33,0.7227,0.7289,0.9326,0.2026,0.029,77.64331340789795,3921.9553520679474
SCAFFOLD,0.5,rep4,0,2026-04-12 04:51:14,2.3126,0.0569,0.4191,0.0872,0.1544,79.35975623130798,79.35975623130798
SCAFFOLD,0.5,rep4,1,2026-04-12 04:52:32,2.1791,0.1677,0.6425,0.2134,0.2365,76.38492441177368,155.74468064308167
SCAFFOLD,0.5,rep4,2,2026-04-12 04:53:49,1.7612,0.3599,0.8445,0.1771,0.0636,75.50958371162415,231.2542643547058
SCAFFOLD,0.5,rep4,3,2026-04-12 04:55:04,1.3419,0.5594,0.8965,0.0825,0.0174,76.39037752151489,307.6446418762207
SCAFFOLD,0.5,rep4,4,2026-04-12 04:56:20,1.2001,0.5618,0.8963,0.1551,0.0274,76.32434821128845,383.96899008750916
SCAFFOLD,0.5,rep4,5,2026-04-12 04:57:37,1.1124,0.5973,0.8989,0.0856,0.0186,74.92462730407715,458.8936173915863
SCAFFOLD,0.5,rep4,6,2026-04-12 04:58:52,1.0649,0.6078,0.9034,0.0891,0.0222,75.6505696773529,534.5441870689392
SCAFFOLD,0.5,rep4,7,2026-04-12 05:00:07,1.0185,0.6469,0.9048,0.212,0.0393,76.88137483596802,611.4255619049072
SCAFFOLD,0.5,rep4,8,2026-04-12 05:01:24,0.9453,0.663,0.9106,0.139,0.0252,75.72564959526062,687.1512115001678
SCAFFOLD,0.5,rep4,9,2026-04-12 05:02:40,0.9083,0.6759,0.9188,0.1671,0.0224,77.04331040382385,764.1945219039917
SCAFFOLD,0.5,rep4,10,2026-04-12 05:03:57,0.8616,0.6871,0.9206,0.1718,0.023,77.09599184989929,841.290513753891
SCAFFOLD,0.5,rep4,11,2026-04-12 05:05:14,0.8444,0.689,0.9197,0.168,0.0257,75.88240170478821,917.1729154586792
SCAFFOLD,0.5,rep4,12,2026-04-12 05:06:30,0.8496,0.6912,0.9206,0.2105,0.0344,76.13148474693298,993.3044002056122
SCAFFOLD,0.5,rep4,13,2026-04-12 05:07:46,0.8043,0.7056,0.9217,0.1687,0.0248,75.60047841072083,1068.904878616333
SCAFFOLD,0.5,rep4,14,2026-04-12 05:09:02,0.7902,0.7078,0.9242,0.1817,0.025,75.62371373176575,1144.5285923480988
SCAFFOLD,0.5,rep4,15,2026-04-12 05:10:17,0.7821,0.7083,0.9232,0.1663,0.0256,77.28059577941895,1221.8091881275177
SCAFFOLD,0.5,rep4,16,2026-04-12 05:11:35,0.7769,0.7091,0.9238,0.167,0.0247,77.22608017921448,1299.0352683067322
SCAFFOLD,0.5,rep4,17,2026-04-12 05:12:52,0.7853,0.7071,0.924,0.1859,0.0304,76.66768765449524,1375.7029559612274
SCAFFOLD,0.5,rep4,18,2026-04-12 05:14:08,0.7683,0.7118,0.9239,0.1504,0.0263,76.53515529632568,1452.238111257553
SCAFFOLD,0.5,rep4,19,2026-04-12 05:15:25,0.76,0.7187,0.9273,0.1537,0.0223,79.17650437355042,1531.4146156311035
SCAFFOLD,0.5,rep4,20,2026-04-12 05:16:44,0.759,0.7228,0.9286,0.1643,0.0234,75.9945662021637,1607.4091818332672
SCAFFOLD,0.5,rep4,21,2026-04-12 05:18:00,0.7675,0.7102,0.926,0.1597,0.0253,75.6475818157196,1683.0567636489868
SCAFFOLD,0.5,rep4,22,2026-04-12 05:19:16,0.7635,0.721,0.9278,0.1714,0.0279,76.41908240318298,1759.4758460521698
SCAFFOLD,0.5,rep4,23,2026-04-12 05:20:32,0.7613,0.7238,0.9283,0.1774,0.0272,78.32950901985168,1837.8053550720215
SCAFFOLD,0.5,rep4,24,2026-04-12 05:21:51,0.7642,0.723,0.9271,0.1899,0.0322,77.81106281280518,1915.6164178848267
SCAFFOLD,0.5,rep4,25,2026-04-12 05:23:09,0.7435,0.7321,0.9288,0.1514,0.0244,77.7575294971466,1993.3739473819733
SCAFFOLD,0.5,rep4,26,2026-04-12 05:24:26,0.7539,0.7142,0.9288,0.168,0.0227,75.69267916679382,2069.066626548767
SCAFFOLD,0.5,rep4,27,2026-04-12 05:25:42,0.7545,0.7221,0.9283,0.145,0.0263,77.65383791923523,2146.7204644680023
SCAFFOLD,0.5,rep4,28,2026-04-12 05:27:00,0.7561,0.717,0.929,0.1244,0.0212,77.31483483314514,2224.0352993011475
SCAFFOLD,0.5,rep4,29,2026-04-12 05:28:17,0.7769,0.7149,0.9267,0.169,0.0322,74.9288399219513,2298.9641392230988
SCAFFOLD,0.5,rep4,30,2026-04-12 05:29:32,0.7679,0.7185,0.9266,0.1929,0.0343,78.69342041015625,2377.657559633255
SCAFFOLD,0.5,rep4,31,2026-04-12 05:30:50,0.7484,0.727,0.9284,0.1685,0.0287,78.10204458236694,2455.759604215622
SCAFFOLD,0.5,rep4,32,2026-04-12 05:32:09,0.7417,0.7266,0.9281,0.1565,0.0268,75.9196240901947,2531.6792283058167
SCAFFOLD,0.5,rep4,33,2026-04-12 05:33:25,0.7343,0.7353,0.9314,0.1564,0.0235,77.86161422729492,2609.5408425331116
SCAFFOLD,0.5,rep4,34,2026-04-12 05:34:42,0.7386,0.7307,0.9296,0.1628,0.0259,77.31817746162415,2686.8590199947357
SCAFFOLD,0.5,rep4,35,2026-04-12 05:35:59,0.751,0.7248,0.9279,0.1827,0.0312,76.94165968894958,2763.8006796836853
SCAFFOLD,0.5,rep4,36,2026-04-12 05:37:17,0.7754,0.7132,0.9249,0.2098,0.0377,78.7307493686676,2842.531429052353
SCAFFOLD,0.5,rep4,37,2026-04-12 05:38:36,0.7561,0.7263,0.9282,0.1998,0.0321,77.28022933006287,2919.8116583824158
SCAFFOLD,0.5,rep4,38,2026-04-12 05:39:53,0.7555,0.7101,0.9277,0.1694,0.0256,76.8857069015503,2996.697365283966
SCAFFOLD,0.5,rep4,39,2026-04-12 05:41:10,0.7456,0.7275,0.9282,0.1777,0.0259,77.29728865623474,3073.994653940201
SCAFFOLD,0.5,rep4,40,2026-04-12 05:42:27,0.7531,0.7177,0.9269,0.1979,0.0334,77.59669089317322,3151.591344833374
SCAFFOLD,0.5,rep4,41,2026-04-12 05:43:44,0.7506,0.7248,0.9277,0.2172,0.0352,78.14341187477112,3229.734756708145
SCAFFOLD,0.5,rep4,42,2026-04-12 05:45:02,0.7281,0.7383,0.9318,0.1964,0.027,78.48567700386047,3308.2204337120056
SCAFFOLD,0.5,rep4,43,2026-04-12 05:46:21,0.724,0.737,0.932,0.1757,0.0218,76.61848092079163,3384.8389146327972
SCAFFOLD,0.5,rep4,44,2026-04-12 05:47:37,0.7257,0.7336,0.9339,0.1864,0.0234,76.19953155517578,3461.038446187973
SCAFFOLD,0.5,rep4,45,2026-04-12 05:48:54,0.7304,0.7332,0.9339,0.1921,0.0278,76.9420554637909,3537.980501651764
SCAFFOLD,0.5,rep4,46,2026-04-12 05:50:11,0.7154,0.739,0.9325,0.1633,0.0259,76.58589100837708,3614.566392660141
SCAFFOLD,0.5,rep4,47,2026-04-12 05:51:27,0.7039,0.7381,0.9336,0.1434,0.0211,83.26536965370178,3697.831762313843
SCAFFOLD,0.5,rep4,48,2026-04-12 05:52:52,0.6944,0.7451,0.9344,0.1466,0.0199,77.93810272216797,3775.7698650360107
SCAFFOLD,0.5,rep4,49,2026-04-12 05:54:08,0.7201,0.7337,0.9326,0.1829,0.0274,75.94445872306824,3851.714323759079
SCAFFOLD,0.5,rep4,50,2026-04-12 05:55:25,0.7223,0.7309,0.9339,0.2236,0.0302,77.88983750343323,3929.604161262512
SCAFFOLD,0.5,rep5,0,2026-04-12 05:57:05,2.3126,0.0569,0.4191,0.0872,0.1544,74.26899313926697,74.26899313926697
SCAFFOLD,0.5,rep5,1,2026-04-12 05:58:18,2.1871,0.1438,0.6509,0.1828,0.2446,75.76468825340271,150.03368139266968
SCAFFOLD,0.5,rep5,2,2026-04-12 05:59:34,1.8437,0.2705,0.812,0.3522,0.1442,78.10916495323181,228.1428463459015
SCAFFOLD,0.5,rep5,3,2026-04-12 06:00:52,1.3977,0.4859,0.8831,0.1948,0.0354,77.54549026489258,305.68833661079407
SCAFFOLD,0.5,rep5,4,2026-04-12 06:02:10,1.242,0.531,0.8915,0.1498,0.0265,86.1515121459961,391.83984875679016
SCAFFOLD,0.5,rep5,5,2026-04-12 06:03:36,1.1288,0.5808,0.901,0.1047,0.0193,78.18606758117676,470.0259163379669
SCAFFOLD,0.5,rep5,6,2026-04-12 06:04:54,1.0549,0.6385,0.9026,0.1557,0.0297,89.25177478790283,559.2776911258698
SCAFFOLD,0.5,rep5,7,2026-04-12 06:06:23,0.9968,0.6375,0.9088,0.0881,0.0179,76.61975359916687,635.8974447250366
SCAFFOLD,0.5,rep5,8,2026-04-12 06:07:40,0.9481,0.6526,0.9136,0.0877,0.0132,74.82136654853821,710.7188112735748
SCAFFOLD,0.5,rep5,9,2026-04-12 06:08:55,0.9094,0.6711,0.9154,0.2036,0.0328,76.20343971252441,786.9222509860992
SCAFFOLD,0.5,rep5,10,2026-04-12 06:10:11,0.8694,0.6829,0.9179,0.1669,0.0266,82.77544260025024,869.6976935863495
SCAFFOLD,0.5,rep5,11,2026-04-12 06:11:34,0.8489,0.6867,0.9209,0.1545,0.0247,75.19982433319092,944.8975179195404
SCAFFOLD,0.5,rep5,12,2026-04-12 06:12:49,0.8248,0.695,0.9222,0.1817,0.0273,81.69358515739441,1026.5911030769348
SCAFFOLD,0.5,rep5,13,2026-04-12 06:14:14,0.8759,0.6807,0.917,0.2316,0.0416,92.99812388420105,1119.5892269611359
SCAFFOLD,0.5,rep5,14,2026-04-12 06:15:48,0.807,0.7004,0.9229,0.1791,0.0274,95.95120620727539,1215.5404331684113
SCAFFOLD,0.5,rep5,15,2026-04-12 06:17:23,0.7903,0.7099,0.9236,0.1829,0.0269,92.6673035621643,1308.2077367305756
SCAFFOLD,0.5,rep5,16,2026-04-12 06:18:55,0.7954,0.7009,0.9235,0.1948,0.0283,94.9891619682312,1403.1968986988068
SCAFFOLD,0.5,rep5,17,2026-04-12 06:20:31,0.7802,0.7157,0.9231,0.196,0.0305,93.74816846847534,1496.945067167282
SCAFFOLD,0.5,rep5,18,2026-04-12 06:22:04,0.7776,0.7103,0.9248,0.1891,0.0285,94.68284559249878,1591.6279127597809
SCAFFOLD,0.5,rep5,19,2026-04-12 06:23:39,0.7668,0.7114,0.9239,0.1564,0.0262,96.44268774986267,1688.0706005096436
SCAFFOLD,0.5,rep5,20,2026-04-12 06:25:16,0.7632,0.7137,0.926,0.1745,0.0235,96.3959527015686,1784.4665532112122
SCAFFOLD,0.5,rep5,21,2026-04-12 06:26:52,0.7721,0.7214,0.9267,0.1925,0.0304,95.72619366645813,1880.1927468776703
SCAFFOLD,0.5,rep5,22,2026-04-12 06:28:27,0.7634,0.7238,0.9275,0.1907,0.0286,94.2786431312561,1974.4713900089264
SCAFFOLD,0.5,rep5,23,2026-04-12 06:30:01,0.7553,0.7249,0.9278,0.1739,0.0249,94.51267719268799,2068.9840672016144
SCAFFOLD,0.5,rep5,24,2026-04-12 06:31:37,0.7498,0.7274,0.9273,0.1673,0.0269,97.38908123970032,2166.3731484413147
SCAFFOLD,0.5,rep5,25,2026-04-12 06:33:14,0.7646,0.7293,0.9274,0.1822,0.0292,95.85308742523193,2262.2262358665466
SCAFFOLD,0.5,rep5,26,2026-04-12 06:34:49,0.7479,0.7342,0.9295,0.1623,0.0243,93.29421758651733,2355.520453453064
SCAFFOLD,0.5,rep5,27,2026-04-12 06:36:23,0.7548,0.7257,0.927,0.162,0.0271,97.83448672294617,2453.35494017601
SCAFFOLD,0.5,rep5,28,2026-04-12 06:38:01,0.7407,0.7375,0.9287,0.1586,0.025,95.80962491035461,2549.1645650863647
SCAFFOLD,0.5,rep5,29,2026-04-12 06:39:36,0.7261,0.7419,0.9308,0.131,0.0204,95.97120952606201,2645.1357746124268
SCAFFOLD,0.5,rep5,30,2026-04-12 06:41:12,0.7248,0.7395,0.9317,0.1668,0.0247,95.53305506706238,2740.668829679489
SCAFFOLD,0.5,rep5,31,2026-04-12 06:42:48,0.7289,0.7394,0.9304,0.1847,0.0289,97.76064777374268,2838.429477453232
SCAFFOLD,0.5,rep5,32,2026-04-12 06:44:26,0.7529,0.7304,0.926,0.1711,0.0301,96.72103929519653,2935.1505167484283
SCAFFOLD,0.5,rep5,33,2026-04-12 06:46:03,0.7416,0.7192,0.929,0.1802,0.0247,97.72604084014893,3032.8765575885773
SCAFFOLD,0.5,rep5,34,2026-04-12 06:47:40,0.742,0.7366,0.928,0.177,0.0285,94.5471179485321,3127.4236755371094
SCAFFOLD,0.5,rep5,35,2026-04-12 06:49:14,0.7657,0.7143,0.9268,0.2031,0.0297,93.87742209434509,3221.3010976314545
SCAFFOLD,0.5,rep5,36,2026-04-12 06:50:48,0.7407,0.732,0.9297,0.1672,0.0224,89.677654504776,3310.9787521362305
SCAFFOLD,0.5,rep5,37,2026-04-12 06:52:15,0.7515,0.7247,0.9269,0.1709,0.0269,75.13708114624023,3386.1158332824707
SCAFFOLD,0.5,rep5,38,2026-04-12 06:53:30,0.7569,0.7246,0.9272,0.1719,0.029,77.47759056091309,3463.593423843384
SCAFFOLD,0.5,rep5,39,2026-04-12 06:54:47,0.7479,0.7317,0.9284,0.1792,0.028,75.86446952819824,3539.457893371582
SCAFFOLD,0.5,rep5,40,2026-04-12 06:56:03,0.7415,0.7362,0.9274,0.1741,0.0283,76.36825203895569,3615.8261454105377
SCAFFOLD,0.5,rep5,41,2026-04-12 06:57:19,0.7286,0.7455,0.9295,0.1882,0.0273,76.03781008720398,3691.8639554977417
SCAFFOLD,0.5,rep5,42,2026-04-12 06:58:36,0.7465,0.7235,0.9285,0.2248,0.0361,78.01240587234497,3769.8763613700867
SCAFFOLD,0.5,rep5,43,2026-04-12 06:59:53,0.7207,0.7405,0.9313,0.1491,0.0234,77.09875679016113,3846.975118160248
SCAFFOLD,0.5,rep5,44,2026-04-12 07:01:11,0.7266,0.7377,0.9295,0.1673,0.0275,74.33539748191833,3921.310515642166
SCAFFOLD,0.5,rep5,45,2026-04-12 07:02:25,0.7303,0.7359,0.9295,0.1795,0.029,76.69843578338623,3998.0089514255524
SCAFFOLD,0.5,rep5,46,2026-04-12 07:03:42,0.7219,0.7447,0.9319,0.1775,0.0263,77.84974408149719,4075.8586955070496
SCAFFOLD,0.5,rep5,47,2026-04-12 07:05:00,0.724,0.7297,0.932,0.1813,0.0245,76.29579186439514,4152.154487371445
SCAFFOLD,0.5,rep5,48,2026-04-12 07:06:16,0.7398,0.7257,0.9321,0.2067,0.0301,76.70106387138367,4228.855551242828
SCAFFOLD,0.5,rep5,49,2026-04-12 07:07:33,0.7282,0.7378,0.9313,0.1813,0.0267,77.10196852684021,4305.957519769669
SCAFFOLD,0.5,rep5,50,2026-04-12 07:08:49,0.7411,0.6987,0.9305,0.1941,0.025,75.1401641368866,4381.097683906555
SCAFFOLD,0.75,rep1,0,2026-04-12 07:10:27,2.3126,0.0569,0.4191,0.0872,0.1544,108.21106147766113,108.21106147766113
SCAFFOLD,0.75,rep1,1,2026-04-12 07:12:14,2.1535,0.2737,0.7303,0.2158,0.1128,108.00605368614197,216.2171151638031
SCAFFOLD,0.75,rep1,2,2026-04-12 07:14:03,1.6523,0.4845,0.884,0.2774,0.0479,109.0195198059082,325.2366349697113
SCAFFOLD,0.75,rep1,3,2026-04-12 07:15:52,1.2764,0.574,0.8957,0.1544,0.0367,110.12251591682434,435.35915088653564
SCAFFOLD,0.75,rep1,4,2026-04-12 07:17:42,1.1337,0.5939,0.8997,0.1367,0.0233,110.09143924713135,545.450590133667
SCAFFOLD,0.75,rep1,5,2026-04-12 07:19:32,1.0552,0.635,0.9039,0.1636,0.0314,109.01778984069824,654.4683799743652
SCAFFOLD,0.75,rep1,6,2026-04-12 07:21:21,0.9927,0.6538,0.9085,0.1589,0.0261,107.37191581726074,761.840295791626
SCAFFOLD,0.75,rep1,7,2026-04-12 07:23:08,0.9377,0.6676,0.9143,0.1272,0.0208,106.89559721946716,868.7358930110931
SCAFFOLD,0.75,rep1,8,2026-04-12 07:24:55,0.891,0.6815,0.9175,0.126,0.0201,106.96302556991577,975.6989185810089
SCAFFOLD,0.75,rep1,9,2026-04-12 07:26:42,0.8604,0.6861,0.9188,0.1707,0.025,108.64828109741211,1084.347199678421
SCAFFOLD,0.75,rep1,10,2026-04-12 07:28:31,0.8267,0.6957,0.922,0.1697,0.0233,102.98678612709045,1187.3339858055115
SCAFFOLD,0.75,rep1,11,2026-04-12 07:30:14,0.8283,0.6927,0.9214,0.1935,0.0303,107.17993021011353,1294.513916015625
SCAFFOLD,0.75,rep1,12,2026-04-12 07:32:01,0.8088,0.6997,0.9223,0.1975,0.0305,108.21288824081421,1402.7268042564392
SCAFFOLD,0.75,rep1,13,2026-04-12 07:33:49,0.7999,0.7067,0.9233,0.1957,0.0294,108.71057772636414,1511.4373819828033
SCAFFOLD,0.75,rep1,14,2026-04-12 07:35:37,0.7937,0.7062,0.923,0.1902,0.0294,108.38169550895691,1619.8190774917603
SCAFFOLD,0.75,rep1,15,2026-04-12 07:37:27,0.7899,0.7121,0.924,0.2004,0.0323,108.9636607170105,1728.7827382087708
SCAFFOLD,0.75,rep1,16,2026-04-12 07:39:15,0.7844,0.7145,0.9255,0.1998,0.0326,108.81956171989441,1837.6022999286652
SCAFFOLD,0.75,rep1,17,2026-04-12 07:41:03,0.772,0.7215,0.9266,0.1913,0.0291,104.81888008117676,1942.421180009842
SCAFFOLD,0.75,rep1,18,2026-04-12 07:42:49,0.7835,0.7192,0.9266,0.2208,0.036,106.50300097465515,2048.924180984497
SCAFFOLD,0.75,rep1,19,2026-04-12 07:44:36,0.7821,0.7235,0.9263,0.2128,0.0355,106.27154493331909,2155.195725917816
SCAFFOLD,0.75,rep1,20,2026-04-12 07:46:22,0.7464,0.7344,0.9278,0.1757,0.025,109.36739611625671,2264.563122034073
SCAFFOLD,0.75,rep1,21,2026-04-12 07:48:11,0.7543,0.7294,0.9261,0.1739,0.0288,107.22047066688538,2371.7835927009583
SCAFFOLD,0.75,rep1,22,2026-04-12 07:49:58,0.7601,0.7231,0.9256,0.1838,0.032,108.0003182888031,2479.7839109897614
SCAFFOLD,0.75,rep1,23,2026-04-12 07:51:46,0.7474,0.7309,0.9276,0.1614,0.0245,108.86364340782166,2588.647554397583
SCAFFOLD,0.75,rep1,24,2026-04-12 07:53:35,0.7571,0.723,0.9269,0.1775,0.0296,108.99411153793335,2697.6416659355164
SCAFFOLD,0.75,rep1,25,2026-04-12 07:55:24,0.761,0.7177,0.9258,0.1876,0.0334,108.43476676940918,2806.0764327049255
SCAFFOLD,0.75,rep1,26,2026-04-12 07:57:12,0.7695,0.711,0.9241,0.2187,0.0364,105.84228205680847,2911.918714761734
SCAFFOLD,0.75,rep1,27,2026-04-12 07:58:58,0.7449,0.7273,0.9268,0.1884,0.0295,105.18081378936768,3017.0995285511017
SCAFFOLD,0.75,rep1,28,2026-04-12 08:00:44,0.7304,0.733,0.9285,0.1775,0.0259,111.75115704536438,3128.850685596466
SCAFFOLD,0.75,rep1,29,2026-04-12 08:02:36,0.7288,0.7306,0.9286,0.1769,0.0251,109.15966129302979,3238.010346889496
SCAFFOLD,0.75,rep1,30,2026-04-12 08:04:24,0.728,0.731,0.9292,0.1831,0.0259,106.3883605003357,3344.3987073898315
SCAFFOLD,0.75,rep1,31,2026-04-12 08:06:11,0.7311,0.7365,0.928,0.1813,0.0275,108.96782517433167,3453.366532564163
SCAFFOLD,0.75,rep1,32,2026-04-12 08:08:00,0.7199,0.7387,0.9289,0.1829,0.0267,109.02910423278809,3562.3956367969513
SCAFFOLD,0.75,rep1,33,2026-04-12 08:09:49,0.7234,0.7395,0.9284,0.1894,0.0296,109.20175838470459,3671.597395181656
SCAFFOLD,0.75,rep1,34,2026-04-12 08:11:38,0.7117,0.7418,0.9311,0.1781,0.0245,109.1526563167572,3780.750051498413
SCAFFOLD,0.75,rep1,35,2026-04-12 08:13:27,0.7246,0.7313,0.9303,0.1941,0.0278,105.12307000160217,3885.8731215000153
SCAFFOLD,0.75,rep1,36,2026-04-12 08:15:12,0.7104,0.741,0.9312,0.1799,0.0256,107.86098146438599,3993.7341029644012
SCAFFOLD,0.75,rep1,37,2026-04-12 08:17:00,0.7191,0.7385,0.9307,0.1898,0.0299,108.92629718780518,4102.660400152206
SCAFFOLD,0.75,rep1,38,2026-04-12 08:18:49,0.7186,0.739,0.9314,0.1913,0.0296,108.22249007225037,4210.882890224457
SCAFFOLD,0.75,rep1,39,2026-04-12 08:20:37,0.7191,0.7397,0.9316,0.1877,0.0307,109.59433817863464,4320.477228403091
SCAFFOLD,0.75,rep1,40,2026-04-12 08:22:27,0.7087,0.7417,0.9307,0.1714,0.0262,107.09809041023254,4427.575318813324
SCAFFOLD,0.75,rep1,41,2026-04-12 08:24:14,0.6998,0.7435,0.9321,0.1764,0.0252,107.74606084823608,4535.32137966156
SCAFFOLD,0.75,rep1,42,2026-04-12 08:26:02,0.6997,0.745,0.9312,0.1841,0.0263,109.61270761489868,4644.934087276459
SCAFFOLD,0.75,rep1,43,2026-04-12 08:27:52,0.6912,0.7506,0.9318,0.171,0.027,108.20058465003967,4753.134671926498
SCAFFOLD,0.75,rep1,44,2026-04-12 08:29:40,0.6923,0.7459,0.9325,0.1658,0.0249,110.99658131599426,4864.131253242493
SCAFFOLD,0.75,rep1,45,2026-04-12 08:31:31,0.71,0.7365,0.9294,0.2033,0.0328,111.67414259910583,4975.8053958415985
SCAFFOLD,0.75,rep1,46,2026-04-12 08:33:22,0.7004,0.7469,0.9308,0.1947,0.0294,110.24693465232849,5086.052330493927
SCAFFOLD,0.75,rep1,47,2026-04-12 08:35:13,0.6931,0.7461,0.932,0.1823,0.0267,109.67850351333618,5195.730834007263
SCAFFOLD,0.75,rep1,48,2026-04-12 08:37:03,0.6944,0.7486,0.9336,0.1865,0.0266,113.01630568504333,5308.7471396923065
SCAFFOLD,0.75,rep1,49,2026-04-12 08:38:56,0.6934,0.7393,0.9359,0.1849,0.024,107.97165107727051,5416.718790769577
SCAFFOLD,0.75,rep1,50,2026-04-12 08:40:44,0.7047,0.7239,0.9346,0.2077,0.0244,112.3853919506073,5529.104182720184
SCAFFOLD,0.75,rep2,0,2026-04-12 08:42:58,2.3126,0.0569,0.4191,0.0872,0.1544,109.65722942352295,109.65722942352295
SCAFFOLD,0.75,rep2,1,2026-04-12 08:44:46,2.1759,0.1633,0.7208,0.2491,0.1553,110.12156796455383,219.77879738807678
SCAFFOLD,0.75,rep2,2,2026-04-12 08:46:36,1.6709,0.4227,0.864,0.338,0.083,111.07732248306274,330.8561198711395
SCAFFOLD,0.75,rep2,3,2026-04-12 08:48:28,1.2896,0.5485,0.8928,0.1383,0.0199,111.38960552215576,442.2457253932953
SCAFFOLD,0.75,rep2,4,2026-04-12 08:50:20,1.1373,0.5863,0.8981,0.0863,0.0173,113.50083518028259,555.7465605735779
SCAFFOLD,0.75,rep2,5,2026-04-12 08:52:12,1.0515,0.6191,0.9038,0.0909,0.017,112.40805578231812,668.154616355896
SCAFFOLD,0.75,rep2,6,2026-04-12 08:54:05,0.9908,0.6533,0.9086,0.1743,0.029,110.76498985290527,778.9196062088013
SCAFFOLD,0.75,rep2,7,2026-04-12 08:55:56,0.9382,0.6681,0.9117,0.1366,0.0229,110.01013922691345,888.9297454357147
SCAFFOLD,0.75,rep2,8,2026-04-12 08:57:45,0.8913,0.6791,0.9167,0.1556,0.0248,112.01744651794434,1000.9471919536591
SCAFFOLD,0.75,rep2,9,2026-04-12 08:59:38,0.8591,0.6867,0.9192,0.1766,0.0253,112.33959746360779,1113.2867894172668
SCAFFOLD,0.75,rep2,10,2026-04-12 09:01:31,0.8299,0.6986,0.9219,0.1581,0.0226,114.39422512054443,1227.6810145378113
SCAFFOLD,0.75,rep2,11,2026-04-12 09:03:25,0.8115,0.7021,0.9229,0.1711,0.0251,113.07337498664856,1340.7543895244598
SCAFFOLD,0.75,rep2,12,2026-04-12 09:05:18,0.7991,0.7036,0.9243,0.1782,0.0254,111.93493103981018,1452.68932056427
SCAFFOLD,0.75,rep2,13,2026-04-12 09:07:10,0.7904,0.7079,0.9249,0.183,0.0272,113.678946018219,1566.368266582489
SCAFFOLD,0.75,rep2,14,2026-04-12 09:09:03,0.7987,0.7034,0.9233,0.1881,0.0314,113.36505460739136,1679.7333211898804
SCAFFOLD,0.75,rep2,15,2026-04-12 09:10:57,0.7841,0.7094,0.9245,0.185,0.0301,113.75332283973694,1793.4866440296173
SCAFFOLD,0.75,rep2,16,2026-04-12 09:12:50,0.7746,0.7175,0.9261,0.1862,0.0293,115.81397342681885,1909.3006174564362
SCAFFOLD,0.75,rep2,17,2026-04-12 09:14:46,0.7875,0.7165,0.9262,0.2026,0.0344,114.54214811325073,2023.842765569687
SCAFFOLD,0.75,rep2,18,2026-04-12 09:16:42,0.7798,0.7215,0.9261,0.1974,0.0334,115.55847644805908,2139.401242017746
SCAFFOLD,0.75,rep2,19,2026-04-12 09:18:36,0.7876,0.7213,0.926,0.1961,0.0349,114.9861421585083,2254.3873841762543
SCAFFOLD,0.75,rep2,20,2026-04-12 09:20:32,0.7672,0.7335,0.9264,0.1746,0.0287,115.90006852149963,2370.287452697754
SCAFFOLD,0.75,rep2,21,2026-04-12 09:22:27,0.7696,0.7217,0.9261,0.145,0.0244,111.61108374595642,2481.8985364437103
SCAFFOLD,0.75,rep2,22,2026-04-12 09:24:20,0.7642,0.7292,0.9252,0.152,0.0257,119.18393635749817,2601.0824728012085
SCAFFOLD,0.75,rep2,23,2026-04-12 09:26:18,0.7669,0.7257,0.9243,0.1646,0.0278,113.79405808448792,2714.8765308856964
SCAFFOLD,0.75,rep2,24,2026-04-12 09:28:12,0.7665,0.7203,0.9254,0.1961,0.0328,116.30725026130676,2831.183781147003
SCAFFOLD,0.75,rep2,25,2026-04-12 09:30:08,0.7594,0.7231,0.9262,0.1962,0.0319,115.44258165359497,2946.626362800598
SCAFFOLD,0.75,rep2,26,2026-04-12 09:32:04,0.7447,0.729,0.9271,0.1869,0.0286,114.66795468330383,3061.294317483902
SCAFFOLD,0.75,rep2,27,2026-04-12 09:33:58,0.7507,0.726,0.9257,0.1909,0.0304,114.57458162307739,3175.8688991069794
SCAFFOLD,0.75,rep2,28,2026-04-12 09:35:53,0.7452,0.7279,0.9261,0.1855,0.0306,115.2917127609253,3291.1606118679047
SCAFFOLD,0.75,rep2,29,2026-04-12 09:37:48,0.7454,0.7329,0.9277,0.1989,0.0311,113.31898808479309,3404.4795999526978
SCAFFOLD,0.75,rep2,30,2026-04-12 09:39:42,0.7282,0.7374,0.9293,0.1825,0.0269,119.87390613555908,3524.353506088257
SCAFFOLD,0.75,rep2,31,2026-04-12 09:41:41,0.7355,0.7307,0.9289,0.1831,0.0277,117.37450456619263,3641.7280106544495
SCAFFOLD,0.75,rep2,32,2026-04-12 09:43:40,0.7356,0.7274,0.9296,0.1842,0.0283,117.6363730430603,3759.3643836975098
SCAFFOLD,0.75,rep2,33,2026-04-12 09:45:37,0.7391,0.7247,0.9301,0.1902,0.0286,118.84354972839355,3878.2079334259033
SCAFFOLD,0.75,rep2,34,2026-04-12 09:47:35,0.7358,0.7282,0.9307,0.1819,0.0287,117.4235246181488,3995.631458044052
SCAFFOLD,0.75,rep2,35,2026-04-12 09:49:34,0.7242,0.7305,0.9318,0.1719,0.0256,114.30847191810608,4109.939929962158
SCAFFOLD,0.75,rep2,36,2026-04-12 09:51:28,0.7147,0.7386,0.9325,0.1668,0.0252,118.61902213096619,4228.558952093124
SCAFFOLD,0.75,rep2,37,2026-04-12 09:53:26,0.7101,0.7399,0.9326,0.1695,0.0249,115.57749152183533,4344.13644361496
SCAFFOLD,0.75,rep2,38,2026-04-12 09:55:22,0.71,0.7415,0.9315,0.1752,0.027,116.05091404914856,4460.187357664108
SCAFFOLD,0.75,rep2,39,2026-04-12 09:57:18,0.7133,0.7408,0.9314,0.1905,0.0292,120.88378238677979,4581.071140050888
SCAFFOLD,0.75,rep2,40,2026-04-12 09:59:18,0.7173,0.7447,0.932,0.2021,0.0321,117.07382869720459,4698.144968748093
SCAFFOLD,0.75,rep2,41,2026-04-12 10:01:16,0.738,0.7345,0.9316,0.2355,0.037,118.67681789398193,4816.821786642075
SCAFFOLD,0.75,rep2,42,2026-04-12 10:03:15,0.7337,0.7337,0.9319,0.2335,0.0367,119.01943588256836,4935.841222524643
SCAFFOLD,0.75,rep2,43,2026-04-12 10:05:13,0.7252,0.7365,0.9325,0.228,0.0353,117.94515180587769,5053.786374330521
SCAFFOLD,0.75,rep2,44,2026-04-12 10:07:11,0.7014,0.745,0.9343,0.1954,0.0291,117.02521347999573,5170.811587810516
SCAFFOLD,0.75,rep2,45,2026-04-12 10:09:09,0.6856,0.7493,0.9351,0.1803,0.0254,121.52261424064636,5292.334202051163
SCAFFOLD,0.75,rep2,46,2026-04-12 10:11:11,0.6832,0.7547,0.9353,0.1815,0.0263,121.69709348678589,5414.031295537949
SCAFFOLD,0.75,rep2,47,2026-04-12 10:13:11,0.7059,0.7459,0.9343,0.1788,0.0279,114.31287837028503,5528.344173908234
SCAFFOLD,0.75,rep2,48,2026-04-12 10:15:05,0.7024,0.7459,0.9343,0.1753,0.0259,109.79108595848083,5638.1352598667145
SCAFFOLD,0.75,rep2,49,2026-04-12 10:16:54,0.7067,0.7443,0.9347,0.1922,0.0276,107.73908185958862,5745.874341726303
SCAFFOLD,0.75,rep2,50,2026-04-12 10:18:42,0.7042,0.7479,0.932,0.1891,0.0282,108.80536484718323,5854.679706573486
SCAFFOLD,0.75,rep3,0,2026-04-12 10:20:53,2.3126,0.0569,0.4191,0.0872,0.1544,105.11767196655273,105.11767196655273
SCAFFOLD,0.75,rep3,1,2026-04-12 10:22:37,2.1622,0.1706,0.7308,0.218,0.1345,107.04660511016846,212.1642770767212
SCAFFOLD,0.75,rep3,2,2026-04-12 10:24:24,1.6539,0.5213,0.8723,0.2832,0.0791,107.52957320213318,319.69385027885437
SCAFFOLD,0.75,rep3,3,2026-04-12 10:26:12,1.2743,0.5723,0.8953,0.1157,0.0227,108.75129723548889,428.44514751434326
SCAFFOLD,0.75,rep3,4,2026-04-12 10:28:01,1.1431,0.5883,0.8976,0.1055,0.0172,108.32127547264099,536.7664229869843
SCAFFOLD,0.75,rep3,5,2026-04-12 10:29:49,1.0573,0.6236,0.903,0.1292,0.0226,108.7432770729065,645.5097000598907
SCAFFOLD,0.75,rep3,6,2026-04-12 10:31:38,0.9933,0.6454,0.9096,0.1094,0.0182,108.85746264457703,754.3671627044678
SCAFFOLD,0.75,rep3,7,2026-04-12 10:33:28,0.944,0.6649,0.9118,0.1401,0.0217,118.47568559646606,872.8428483009338
SCAFFOLD,0.75,rep3,8,2026-04-12 10:35:26,0.8989,0.6842,0.916,0.1565,0.0294,104.48370218276978,977.3265504837036
SCAFFOLD,0.75,rep3,9,2026-04-12 10:37:10,0.8526,0.6923,0.9192,0.1499,0.0217,110.95451283454895,1088.2810633182526
SCAFFOLD,0.75,rep3,10,2026-04-12 10:39:01,0.8303,0.6951,0.9211,0.171,0.0241,105.27310276031494,1193.5541660785675
SCAFFOLD,0.75,rep3,11,2026-04-12 10:40:46,0.8269,0.6969,0.922,0.1909,0.028,105.39639735221863,1298.9505634307861
SCAFFOLD,0.75,rep3,12,2026-04-12 10:42:31,0.7985,0.7046,0.9244,0.1796,0.0248,108.31927728652954,1407.2698407173157
SCAFFOLD,0.75,rep3,13,2026-04-12 10:44:20,0.7892,0.7072,0.9244,0.1774,0.0263,109.22329473495483,1516.4931354522705
SCAFFOLD,0.75,rep3,14,2026-04-12 10:46:09,0.7848,0.7124,0.9254,0.1938,0.0282,108.02104115486145,1624.514176607132
SCAFFOLD,0.75,rep3,15,2026-04-12 10:47:57,0.7866,0.7131,0.9258,0.1931,0.0295,105.61024594306946,1730.1244225502014
SCAFFOLD,0.75,rep3,16,2026-04-12 10:49:42,0.795,0.7117,0.9255,0.2081,0.0352,103.36720061302185,1833.4916231632233
SCAFFOLD,0.75,rep3,17,2026-04-12 10:51:25,0.8026,0.7123,0.925,0.22,0.0383,107.37720489501953,1940.8688280582428
SCAFFOLD,0.75,rep3,18,2026-04-12 10:53:13,0.7871,0.7185,0.9263,0.2043,0.0349,106.28683185577393,2047.1556599140167
SCAFFOLD,0.75,rep3,19,2026-04-12 10:54:59,0.7824,0.7149,0.9261,0.1966,0.0322,108.9446861743927,2156.1003460884094
SCAFFOLD,0.75,rep3,20,2026-04-12 10:56:49,0.7728,0.7194,0.9256,0.1845,0.0288,109.02910709381104,2265.1294531822205
SCAFFOLD,0.75,rep3,21,2026-04-12 10:58:37,0.7526,0.7319,0.9267,0.1604,0.0246,107.76301431655884,2372.8924674987793
SCAFFOLD,0.75,rep3,22,2026-04-12 11:00:25,0.7578,0.7323,0.9249,0.1528,0.0259,110.09829473495483,2482.990762233734
SCAFFOLD,0.75,rep3,23,2026-04-12 11:02:15,0.7583,0.726,0.9252,0.1696,0.0282,105.73929762840271,2588.730059862137
SCAFFOLD,0.75,rep3,24,2026-04-12 11:04:01,0.7562,0.7281,0.925,0.1591,0.0261,110.29828381538391,2699.0283436775208
SCAFFOLD,0.75,rep3,25,2026-04-12 11:05:51,0.7597,0.7207,0.9244,0.1716,0.0302,108.61879992485046,2807.647143602371
SCAFFOLD,0.75,rep3,26,2026-04-12 11:07:40,0.75,0.7286,0.9254,0.1576,0.0254,108.91212201118469,2916.559265613556
SCAFFOLD,0.75,rep3,27,2026-04-12 11:09:29,0.7515,0.7262,0.9251,0.1584,0.0261,108.23994135856628,3024.799206972122
SCAFFOLD,0.75,rep3,28,2026-04-12 11:11:17,0.7475,0.7219,0.9256,0.1591,0.0275,110.63655543327332,3135.4357624053955
SCAFFOLD,0.75,rep3,29,2026-04-12 11:13:08,0.7455,0.7246,0.9255,0.178,0.0292,108.74841141700745,3244.184173822403
SCAFFOLD,0.75,rep3,30,2026-04-12 11:14:56,0.7332,0.7219,0.9279,0.1688,0.0231,110.15816712379456,3354.3423409461975
SCAFFOLD,0.75,rep3,31,2026-04-12 11:16:47,0.7298,0.7313,0.928,0.1473,0.0199,111.0297338962555,3465.372074842453
SCAFFOLD,0.75,rep3,32,2026-04-12 11:18:38,0.7327,0.7282,0.9269,0.1494,0.0238,108.32131481170654,3573.6933896541595
SCAFFOLD,0.75,rep3,33,2026-04-12 11:20:26,0.7259,0.7363,0.9284,0.1687,0.0238,110.554612159729,3684.2480018138885
SCAFFOLD,0.75,rep3,34,2026-04-12 11:22:16,0.7181,0.7381,0.9303,0.183,0.0237,110.66216540336609,3794.9101672172546
SCAFFOLD,0.75,rep3,35,2026-04-12 11:24:07,0.7177,0.7393,0.9313,0.1938,0.026,108.19130682945251,3903.101474046707
SCAFFOLD,0.75,rep3,36,2026-04-12 11:25:55,0.7168,0.7387,0.9325,0.1891,0.0259,108.23490858078003,4011.336382627487
SCAFFOLD,0.75,rep3,37,2026-04-12 11:27:44,0.7113,0.7402,0.9333,0.1842,0.0253,108.12381052970886,4119.460193157196
SCAFFOLD,0.75,rep3,38,2026-04-12 11:29:32,0.6961,0.7443,0.9336,0.1655,0.0216,111.29080820083618,4230.751001358032
SCAFFOLD,0.75,rep3,39,2026-04-12 11:31:23,0.6884,0.7494,0.9334,0.1711,0.024,111.05753564834595,4341.808537006378
SCAFFOLD,0.75,rep3,40,2026-04-12 11:33:14,0.6957,0.7499,0.9324,0.1879,0.0277,106.88614439964294,4448.694681406021
SCAFFOLD,0.75,rep3,41,2026-04-12 11:35:01,0.6954,0.7507,0.9326,0.1858,0.0279,107.011470079422,4555.706151485443
SCAFFOLD,0.75,rep3,42,2026-04-12 11:36:49,0.6892,0.7511,0.9329,0.1805,0.0271,112.13356471061707,4667.83971619606
SCAFFOLD,0.75,rep3,43,2026-04-12 11:38:40,0.69,0.7501,0.9328,0.1767,0.0275,109.72862243652344,4777.568338632584
SCAFFOLD,0.75,rep3,44,2026-04-12 11:40:30,0.6992,0.7409,0.9305,0.159,0.0299,109.65062427520752,4887.218962907791
SCAFFOLD,0.75,rep3,45,2026-04-12 11:42:20,0.6954,0.7462,0.9321,0.183,0.0294,111.8900887966156,4999.109051704407
SCAFFOLD,0.75,rep3,46,2026-04-12 11:44:12,0.6868,0.7434,0.9335,0.1541,0.0222,110.67667484283447,5109.785726547241
SCAFFOLD,0.75,rep3,47,2026-04-12 11:46:02,0.6879,0.7433,0.933,0.1485,0.0208,110.61219310760498,5220.397919654846
SCAFFOLD,0.75,rep3,48,2026-04-12 11:47:53,0.6974,0.7405,0.9321,0.1383,0.0203,109.48146152496338,5329.87938117981
SCAFFOLD,0.75,rep3,49,2026-04-12 11:49:42,0.7048,0.7262,0.9319,0.1443,0.0189,107.32838082313538,5437.207762002945
SCAFFOLD,0.75,rep3,50,2026-04-12 11:51:30,0.6951,0.7349,0.933,0.1313,0.0187,108.5048291683197,5545.712591171265
SCAFFOLD,0.75,rep4,0,2026-04-12 11:53:40,2.3126,0.0569,0.4191,0.0872,0.1544,109.41234087944031,109.41234087944031
SCAFFOLD,0.75,rep4,1,2026-04-12 11:55:29,2.1903,0.2089,0.6645,0.2742,0.2561,113.37339401245117,222.78573489189148
SCAFFOLD,0.75,rep4,2,2026-04-12 11:57:22,1.723,0.5011,0.8377,0.2951,0.1576,111.88124084472656,334.66697573661804
SCAFFOLD,0.75,rep4,3,2026-04-12 11:59:14,1.3253,0.5139,0.8916,0.2425,0.032,107.85741519927979,442.5243909358978
SCAFFOLD,0.75,rep4,4,2026-04-12 12:01:02,1.169,0.5605,0.8965,0.1563,0.0264,110.51386904716492,553.0382599830627
SCAFFOLD,0.75,rep4,5,2026-04-12 12:02:53,1.0752,0.6051,0.9036,0.1391,0.0227,111.55154132843018,664.5898013114929
SCAFFOLD,0.75,rep4,6,2026-04-12 12:04:44,0.998,0.6435,0.9088,0.129,0.0228,108.71534204483032,773.3051433563232
SCAFFOLD,0.75,rep4,7,2026-04-12 12:06:33,0.9618,0.6614,0.9131,0.1935,0.0314,108.79373478889465,882.0988781452179
SCAFFOLD,0.75,rep4,8,2026-04-12 12:08:22,0.9016,0.6767,0.9167,0.1851,0.0281,108.7237799167633,990.8226580619812
SCAFFOLD,0.75,rep4,9,2026-04-12 12:10:10,0.87,0.6827,0.918,0.1849,0.0285,111.3931016921997,1102.215759754181
SCAFFOLD,0.75,rep4,10,2026-04-12 12:12:02,0.8433,0.6933,0.9201,0.1855,0.0257,109.26680636405945,1211.4825661182404
SCAFFOLD,0.75,rep4,11,2026-04-12 12:13:51,0.824,0.6977,0.9218,0.1814,0.0264,109.56604671478271,1321.048612833023
SCAFFOLD,0.75,rep4,12,2026-04-12 12:15:41,0.8129,0.7031,0.9232,0.193,0.0284,109.55937337875366,1430.6079862117767
SCAFFOLD,0.75,rep4,13,2026-04-12 12:17:30,0.7996,0.7037,0.9231,0.1832,0.0269,110.35200619697571,1540.9599924087524
SCAFFOLD,0.75,rep4,14,2026-04-12 12:19:20,0.7953,0.704,0.9229,0.1804,0.0287,110.174236536026,1651.1342289447784
SCAFFOLD,0.75,rep4,15,2026-04-12 12:21:11,0.7827,0.7071,0.9251,0.1886,0.0276,111.55287575721741,1762.6871047019958
SCAFFOLD,0.75,rep4,16,2026-04-12 12:23:02,0.7664,0.7209,0.9268,0.1828,0.0269,110.05031824111938,1872.7374229431152
SCAFFOLD,0.75,rep4,17,2026-04-12 12:24:53,0.7755,0.7146,0.9247,0.1943,0.0292,111.8086347579956,1984.5460577011108
SCAFFOLD,0.75,rep4,18,2026-04-12 12:26:44,0.7793,0.7196,0.9259,0.1967,0.0315,115.01678013801575,2099.5628378391266
SCAFFOLD,0.75,rep4,19,2026-04-12 12:28:39,0.7804,0.7193,0.9263,0.1889,0.0323,113.92963171005249,2213.492469549179
SCAFFOLD,0.75,rep4,20,2026-04-12 12:30:33,0.7838,0.7218,0.9247,0.1894,0.0333,116.120854139328,2329.613323688507
SCAFFOLD,0.75,rep4,21,2026-04-12 12:32:29,0.7841,0.7179,0.9244,0.1838,0.0328,110.27099323272705,2439.884316921234
SCAFFOLD,0.75,rep4,22,2026-04-12 12:34:20,0.7668,0.727,0.9251,0.1763,0.0299,110.42590570449829,2550.3102226257324
SCAFFOLD,0.75,rep4,23,2026-04-12 12:36:11,0.7623,0.7268,0.9252,0.1769,0.0311,115.54318284988403,2665.8534054756165
SCAFFOLD,0.75,rep4,24,2026-04-12 12:38:06,0.7597,0.7259,0.9253,0.1485,0.0264,111.93141174316406,2777.7848172187805
SCAFFOLD,0.75,rep4,25,2026-04-12 12:39:58,0.7551,0.7289,0.9258,0.1825,0.0297,114.63414669036865,2892.418963909149
SCAFFOLD,0.75,rep4,26,2026-04-12 12:41:52,0.7604,0.7215,0.9243,0.1998,0.034,116.02784705162048,3008.4468109607697
SCAFFOLD,0.75,rep4,27,2026-04-12 12:43:48,0.7647,0.7187,0.9236,0.2175,0.0352,114.769686460495,3123.2164974212646
SCAFFOLD,0.75,rep4,28,2026-04-12 12:45:43,0.7509,0.7241,0.9252,0.1922,0.0313,109.7228410243988,3232.9393384456635
SCAFFOLD,0.75,rep4,29,2026-04-12 12:47:33,0.7389,0.7299,0.9264,0.1719,0.0287,113.51706004142761,3346.456398487091
SCAFFOLD,0.75,rep4,30,2026-04-12 12:49:27,0.7411,0.7303,0.9262,0.1726,0.0284,116.78201079368591,3463.238409280777
SCAFFOLD,0.75,rep4,31,2026-04-12 12:51:24,0.7217,0.7368,0.9288,0.1639,0.0244,129.68134570121765,3592.9197549819946
SCAFFOLD,0.75,rep4,32,2026-04-12 12:53:37,0.7268,0.7325,0.9287,0.1957,0.0302,139.36406135559082,3732.2838163375854
SCAFFOLD,0.75,rep4,33,2026-04-12 12:55:55,0.7342,0.7248,0.9294,0.2258,0.0321,137.5055332183838,3869.7893495559692
SCAFFOLD,0.75,rep4,34,2026-04-12 12:58:13,0.7316,0.7302,0.9299,0.2206,0.032,138.68659257888794,4008.475942134857
SCAFFOLD,0.75,rep4,35,2026-04-12 13:00:32,0.714,0.7433,0.9327,0.1866,0.0268,137.45331454277039,4145.929256677628
SCAFFOLD,0.75,rep4,36,2026-04-12 13:02:49,0.7216,0.743,0.9336,0.2057,0.0311,140.97402930259705,4286.903285980225
SCAFFOLD,0.75,rep4,37,2026-04-12 13:05:11,0.7163,0.7434,0.9334,0.2089,0.0308,137.8102502822876,4424.713536262512
SCAFFOLD,0.75,rep4,38,2026-04-12 13:07:28,0.7277,0.7429,0.9323,0.2121,0.0346,143.07792472839355,4567.791460990906
SCAFFOLD,0.75,rep4,39,2026-04-12 13:09:51,0.7213,0.7418,0.9303,0.2053,0.0337,162.16948628425598,4729.960947275162
SCAFFOLD,0.75,rep4,40,2026-04-12 13:12:38,0.7201,0.7411,0.9311,0.1941,0.0308,189.38622069358826,4919.34716796875
SCAFFOLD,0.75,rep4,41,2026-04-12 13:15:52,0.7209,0.7346,0.9331,0.1885,0.0289,260.7568266391754,5180.103994607925
SCAFFOLD,0.75,rep4,42,2026-04-12 13:20:19,0.7092,0.7373,0.9326,0.1798,0.027,309.52577781677246,5489.629772424698
SCAFFOLD,0.75,rep4,43,2026-04-12 13:25:20,0.6899,0.7495,0.9339,0.1725,0.0245,254.80243968963623,5744.432212114334
SCAFFOLD,0.75,rep4,44,2026-04-12 13:29:29,0.6929,0.7533,0.9331,0.2017,0.0275,178.4531171321869,5922.885329246521
SCAFFOLD,0.75,rep4,45,2026-04-12 13:32:40,0.6952,0.7489,0.9324,0.2152,0.0303,237.486976146698,6160.372305393219
SCAFFOLD,0.75,rep4,46,2026-04-12 13:36:34,0.6881,0.7517,0.9345,0.1971,0.0275,249.84874725341797,6410.221052646637
SCAFFOLD,0.75,rep4,47,2026-04-12 13:40:44,0.6824,0.7519,0.9359,0.1824,0.0235,255.07584071159363,6665.296893358231
SCAFFOLD,0.75,rep4,48,2026-04-12 13:44:48,0.6864,0.745,0.9359,0.1726,0.0218,271.44438648223877,6936.741279840469
SCAFFOLD,0.75,rep4,49,2026-04-12 13:49:31,0.6985,0.7334,0.9355,0.1944,0.0253,262.2728269100189,7199.014106750488
SCAFFOLD,0.75,rep4,50,2026-04-12 13:53:49,0.6901,0.7417,0.9344,0.1816,0.0243,272.29749298095703,7471.311599731445
SCAFFOLD,0.75,rep5,0,2026-04-12 13:58:42,2.3126,0.0569,0.4191,0.0872,0.1544,297.2483448982239,297.2483448982239
SCAFFOLD,0.75,rep5,1,2026-04-12 14:03:37,2.1555,0.1886,0.7256,0.3131,0.1252,301.38184785842896,598.6301927566528
SCAFFOLD,0.75,rep5,2,2026-04-12 14:08:45,1.6759,0.4453,0.8529,0.291,0.0905,286.28568840026855,884.9158811569214
SCAFFOLD,0.75,rep5,3,2026-04-12 14:13:27,1.3101,0.5226,0.8916,0.2279,0.0311,304.2769753932953,1189.1928565502167
SCAFFOLD,0.75,rep5,4,2026-04-12 14:18:31,1.1569,0.5684,0.8972,0.1262,0.0158,289.2134122848511,1478.4062688350677
SCAFFOLD,0.75,rep5,5,2026-04-12 14:23:23,1.0592,0.6141,0.9038,0.1249,0.0184,294.95721101760864,1773.3634798526764
SCAFFOLD,0.75,rep5,6,2026-04-12 14:28:26,0.9986,0.649,0.908,0.1555,0.023,337.17307686805725,2110.5365567207336
SCAFFOLD,0.75,rep5,7,2026-04-12 14:33:51,0.9398,0.6701,0.9115,0.1571,0.0236,311.0707976818085,2421.607354402542
SCAFFOLD,0.75,rep5,8,2026-04-12 14:39:20,0.8892,0.6812,0.9165,0.1514,0.0216,342.7053470611572,2764.3127014636993
SCAFFOLD,0.75,rep5,9,2026-04-12 14:44:47,0.8545,0.6898,0.9204,0.1751,0.0243,311.0732362270355,3075.385937690735
SCAFFOLD,0.75,rep5,10,2026-04-12 14:50:02,0.8316,0.6924,0.921,0.1634,0.0233,312.98643589019775,3388.3723735809326
SCAFFOLD,0.75,rep5,11,2026-04-12 14:55:10,0.8195,0.696,0.9216,0.1852,0.0281,306.3246839046478,3694.6970574855804
SCAFFOLD,0.75,rep5,12,2026-04-12 15:00:20,0.8077,0.7051,0.9238,0.1944,0.0284,310.26396203041077,4004.961019515991
SCAFFOLD,0.75,rep5,13,2026-04-12 15:05:33,0.7975,0.709,0.9239,0.1994,0.0286,326.72514033317566,4331.686159849167
SCAFFOLD,0.75,rep5,14,2026-04-12 15:11:00,0.7749,0.7157,0.9257,0.1867,0.0258,328.0332999229431,4659.71945977211
SCAFFOLD,0.75,rep5,15,2026-04-12 15:16:16,0.7792,0.7143,0.9257,0.1918,0.0301,275.98807406425476,4935.707533836365
SCAFFOLD,0.75,rep5,16,2026-04-12 15:21:05,0.779,0.7132,0.9255,0.1887,0.0303,345.75048542022705,5281.458019256592
SCAFFOLD,0.75,rep5,17,2026-04-12 15:26:56,0.775,0.7203,0.9256,0.2012,0.0314,369.7327048778534,5651.190724134445
SCAFFOLD,0.75,rep5,18,2026-04-12 15:32:53,0.7873,0.7147,0.9249,0.2064,0.034,346.46681571006775,5997.657539844513
SCAFFOLD,0.75,rep5,19,2026-04-12 15:38:50,0.7657,0.7235,0.9245,0.1874,0.0299,345.80714106559753,6343.4646809101105
SCAFFOLD,0.75,rep5,20,2026-04-12 15:44:32,0.7619,0.7278,0.9261,0.1796,0.0283,429.9347171783447,6773.399398088455
SCAFFOLD,0.75,rep5,21,2026-04-12 15:51:51,0.7767,0.721,0.9248,0.1804,0.0287,371.57911825180054,7144.978516340256
SCAFFOLD,0.75,rep5,22,2026-04-12 15:57:42,0.7686,0.7228,0.9245,0.1651,0.0251,349.9116461277008,7494.8901624679565
SCAFFOLD,0.75,rep5,23,2026-04-12 16:03:40,0.7611,0.7264,0.9249,0.174,0.0285,340.4754376411438,7835.3656001091
SCAFFOLD,0.75,rep5,24,2026-04-12 16:09:31,0.7635,0.7256,0.9248,0.1818,0.0302,279.7192132472992,8115.0848133563995
SCAFFOLD,0.75,rep5,25,2026-04-12 16:13:57,0.7638,0.7247,0.9266,0.2092,0.0323,166.85768365859985,8281.942497015
SCAFFOLD,0.75,rep5,26,2026-04-12 16:16:39,0.7461,0.7311,0.927,0.176,0.0302,155.22495985031128,8437.16745686531
SCAFFOLD,0.75,rep5,27,2026-04-12 16:19:16,0.7504,0.7238,0.9269,0.1842,0.0298,154.84370970726013,8592.01116657257
SCAFFOLD,0.75,rep5,28,2026-04-12 16:21:49,0.7407,0.7217,0.9278,0.1651,0.024,152.93946719169617,8744.950633764267
SCAFFOLD,0.75,rep5,29,2026-04-12 16:24:20,0.731,0.7361,0.9277,0.157,0.0267,144.64027285575867,8889.590906620026
SCAFFOLD,0.75,rep5,30,2026-04-12 16:26:47,0.73,0.7359,0.9283,0.1794,0.0292,145.6161024570465,9035.207009077072
SCAFFOLD,0.75,rep5,31,2026-04-12 16:29:11,0.7229,0.7397,0.9283,0.1664,0.0271,142.13594770431519,9177.342956781387
SCAFFOLD,0.75,rep5,32,2026-04-12 16:31:33,0.7203,0.7378,0.9289,0.151,0.0249,140.6780228614807,9318.020979642868
SCAFFOLD,0.75,rep5,33,2026-04-12 16:33:55,0.7179,0.7374,0.9294,0.1423,0.0215,137.56392073631287,9455.58490037918
SCAFFOLD,0.75,rep5,34,2026-04-12 16:36:11,0.7175,0.7434,0.9308,0.1765,0.024,136.31074786186218,9591.895648241043
SCAFFOLD,0.75,rep5,35,2026-04-12 16:38:28,0.7151,0.7441,0.9304,0.1683,0.0231,135.42666697502136,9727.322315216064
SCAFFOLD,0.75,rep5,36,2026-04-12 16:40:45,0.7197,0.7429,0.9303,0.193,0.0297,135.367821931839,9862.690137147903
SCAFFOLD,0.75,rep5,37,2026-04-12 16:42:58,0.7187,0.732,0.9312,0.1917,0.0278,128.62686967849731,9991.3170068264
SCAFFOLD,0.75,rep5,38,2026-04-12 16:45:07,0.7022,0.7451,0.9318,0.1716,0.0258,129.2086272239685,10120.52563405037
SCAFFOLD,0.75,rep5,39,2026-04-12 16:47:16,0.7226,0.7388,0.932,0.1809,0.0299,130.66662311553955,10251.192257165909
SCAFFOLD,0.75,rep5,40,2026-04-12 16:49:26,0.7029,0.7455,0.9323,0.1824,0.028,122.3316159248352,10373.523873090744
SCAFFOLD,0.75,rep5,41,2026-04-12 16:51:29,0.7115,0.7382,0.9323,0.187,0.0277,123.95368766784668,10497.47756075859
SCAFFOLD,0.75,rep5,42,2026-04-12 16:53:34,0.6959,0.7457,0.9337,0.1775,0.0259,127.33755683898926,10624.81511759758
SCAFFOLD,0.75,rep5,43,2026-04-12 16:55:39,0.6838,0.7505,0.9344,0.1492,0.0228,125.81019759178162,10750.625315189362
SCAFFOLD,0.75,rep5,44,2026-04-12 16:57:44,0.6792,0.7533,0.9354,0.1324,0.0198,123.8188636302948,10874.444178819656
SCAFFOLD,0.75,rep5,45,2026-04-12 16:59:49,0.6816,0.7523,0.9343,0.1418,0.0224,122.19220066070557,10996.636379480362
SCAFFOLD,0.75,rep5,46,2026-04-12 17:01:50,0.6942,0.7462,0.9337,0.1616,0.0246,122.63240718841553,11119.268786668777
SCAFFOLD,0.75,rep5,47,2026-04-12 17:03:53,0.7012,0.7402,0.932,0.1523,0.0248,122.34385204315186,11241.61263871193
SCAFFOLD,0.75,rep5,48,2026-04-12 17:05:55,0.7239,0.7155,0.9286,0.1761,0.0264,122.04586791992188,11363.658506631851
SCAFFOLD,0.75,rep5,49,2026-04-12 17:07:57,0.7115,0.7246,0.9303,0.1681,0.0242,119.98044228553772,11483.638948917389
SCAFFOLD,0.75,rep5,50,2026-04-12 17:09:57,0.7024,0.7361,0.933,0.189,0.0251,120.60642766952515,11604.245376586914
SCAFFOLD,1.0,rep1,0,2026-04-12 17:12:20,2.3126,0.0569,0.4191,0.0872,0.1544,156.75438952445984,156.75438952445984
SCAFFOLD,1.0,rep1,1,2026-04-12 17:14:57,2.1571,0.1814,0.7379,0.2186,0.0992,153.3219907283783,310.07638025283813
SCAFFOLD,1.0,rep1,2,2026-04-12 17:17:31,1.6068,0.5514,0.887,0.1968,0.0434,161.0379683971405,471.11434864997864
SCAFFOLD,1.0,rep1,3,2026-04-12 17:20:10,1.2499,0.5545,0.8948,0.131,0.019,159.17644834518433,630.290796995163
SCAFFOLD,1.0,rep1,4,2026-04-12 17:22:50,1.1169,0.5973,0.8989,0.0999,0.0189,150.90108489990234,781.1918818950653
SCAFFOLD,1.0,rep1,5,2026-04-12 17:25:22,1.0336,0.6337,0.9051,0.1177,0.0204,159.11167120933533,940.3035531044006
SCAFFOLD,1.0,rep1,6,2026-04-12 17:28:00,0.9612,0.6633,0.9111,0.1451,0.0218,151.12415504455566,1091.4277081489563
SCAFFOLD,1.0,rep1,7,2026-04-12 17:30:31,0.9094,0.6773,0.9155,0.156,0.0233,155.39301681518555,1246.8207249641418
SCAFFOLD,1.0,rep1,8,2026-04-12 17:33:08,0.8605,0.6891,0.9196,0.1641,0.0232,155.1883351802826,1402.0090601444244
SCAFFOLD,1.0,rep1,9,2026-04-12 17:35:42,0.8335,0.6949,0.9215,0.1764,0.0248,152.58357906341553,1554.59263920784
SCAFFOLD,1.0,rep1,10,2026-04-12 17:38:15,0.816,0.6998,0.9228,0.1879,0.0272,151.3805375099182,1705.9731767177582
SCAFFOLD,1.0,rep1,11,2026-04-12 17:40:46,0.8082,0.7029,0.9238,0.2,0.0307,150.96816968917847,1856.9413464069366
SCAFFOLD,1.0,rep1,12,2026-04-12 17:43:16,0.8113,0.7052,0.924,0.2128,0.0348,169.29265427589417,2026.2340006828308
SCAFFOLD,1.0,rep1,13,2026-04-12 17:46:08,0.831,0.7001,0.9236,0.2233,0.0397,158.08706879615784,2184.3210694789886
SCAFFOLD,1.0,rep1,14,2026-04-12 17:48:44,0.838,0.7034,0.9234,0.2172,0.0414,151.32818698883057,2335.649256467819
SCAFFOLD,1.0,rep1,15,2026-04-12 17:51:15,0.8371,0.6991,0.9215,0.2119,0.0401,148.12533617019653,2483.7745926380157
SCAFFOLD,1.0,rep1,16,2026-04-12 17:53:43,0.8176,0.7019,0.9224,0.2037,0.0361,150.1408748626709,2633.9154675006866
SCAFFOLD,1.0,rep1,17,2026-04-12 17:56:14,0.7934,0.7097,0.9233,0.189,0.0318,150.30635380744934,2784.221821308136
SCAFFOLD,1.0,rep1,18,2026-04-12 17:58:44,0.7732,0.7211,0.9246,0.1683,0.0273,154.23611450195312,2938.457935810089
SCAFFOLD,1.0,rep1,19,2026-04-12 18:01:19,0.7662,0.7229,0.9242,0.1562,0.0265,159.16175484657288,3097.619690656662
SCAFFOLD,1.0,rep1,20,2026-04-12 18:03:58,0.7573,0.7261,0.9253,0.1516,0.0242,159.90374994277954,3257.5234405994415
SCAFFOLD,1.0,rep1,21,2026-04-12 18:06:38,0.7489,0.7273,0.926,0.1476,0.0223,170.26547384262085,3427.7889144420624
SCAFFOLD,1.0,rep1,22,2026-04-12 18:09:30,0.7401,0.7318,0.9266,0.1452,0.0217,182.52514958381653,3610.314064025879
SCAFFOLD,1.0,rep1,23,2026-04-12 18:12:35,0.7334,0.7371,0.9268,0.1463,0.0217,192.8728358745575,3803.1868999004364
SCAFFOLD,1.0,rep1,24,2026-04-12 18:15:45,0.7282,0.7398,0.9272,0.1478,0.0242,185.65733337402344,3988.84423327446
SCAFFOLD,1.0,rep1,25,2026-04-12 18:18:52,0.7183,0.7442,0.9289,0.1562,0.0252,193.04386115074158,4181.888094425201
SCAFFOLD,1.0,rep1,26,2026-04-12 18:22:09,0.7158,0.7451,0.9291,0.17,0.0272,204.47985911369324,4386.367953538895
SCAFFOLD,1.0,rep1,27,2026-04-12 18:25:33,0.7126,0.7452,0.9301,0.1769,0.027,188.0453474521637,4574.413300991058
SCAFFOLD,1.0,rep1,28,2026-04-12 18:28:38,0.7142,0.7427,0.9301,0.176,0.0281,186.53111743927002,4760.944418430328
SCAFFOLD,1.0,rep1,29,2026-04-12 18:31:47,0.7156,0.7422,0.9303,0.1821,0.029,236.3126392364502,4997.257057666779
SCAFFOLD,1.0,rep1,30,2026-04-12 18:35:41,0.707,0.7463,0.9303,0.1762,0.0267,225.92358088493347,5223.180638551712
SCAFFOLD,1.0,rep1,31,2026-04-12 18:39:27,0.6961,0.7487,0.9317,0.159,0.0222,218.41834783554077,5441.598986387253
SCAFFOLD,1.0,rep1,32,2026-04-12 18:43:07,0.695,0.7433,0.9322,0.1646,0.0215,217.29120707511902,5658.890193462372
SCAFFOLD,1.0,rep1,33,2026-04-12 18:46:45,0.6955,0.7442,0.9322,0.1624,0.0213,234.59894275665283,5893.489136219025
SCAFFOLD,1.0,rep1,34,2026-04-12 18:50:43,0.6969,0.7418,0.932,0.1625,0.0212,227.37437200546265,6120.863508224487
SCAFFOLD,1.0,rep1,35,2026-04-12 18:54:29,0.697,0.7394,0.9324,0.1717,0.0222,229.67494368553162,6350.538451910019
SCAFFOLD,1.0,rep1,36,2026-04-12 18:58:19,0.6984,0.7386,0.9326,0.1854,0.0244,225.95940828323364,6576.497860193253
SCAFFOLD,1.0,rep1,37,2026-04-12 19:02:03,0.6916,0.7427,0.9322,0.1664,0.0227,225.04255533218384,6801.540415525436
SCAFFOLD,1.0,rep1,38,2026-04-12 19:05:46,0.6863,0.7483,0.9325,0.1625,0.0229,233.50249910354614,7035.0429146289825
SCAFFOLD,1.0,rep1,39,2026-04-12 19:09:40,0.6904,0.7492,0.9326,0.1639,0.0258,205.68275380134583,7240.725668430328
SCAFFOLD,1.0,rep1,40,2026-04-12 19:13:10,0.6932,0.7514,0.9317,0.1731,0.0279,224.86473393440247,7465.590402364731
SCAFFOLD,1.0,rep1,41,2026-04-12 19:16:52,0.6893,0.7537,0.9321,0.1832,0.0287,228.80393290519714,7694.394335269928
SCAFFOLD,1.0,rep1,42,2026-04-12 19:20:46,0.6892,0.7514,0.9309,0.1728,0.0284,250.20942664146423,7944.603761911392
SCAFFOLD,1.0,rep1,43,2026-04-12 19:24:53,0.686,0.7498,0.9307,0.1734,0.0271,240.88578701019287,8185.489548921585
SCAFFOLD,1.0,rep1,44,2026-04-12 19:28:54,0.69,0.7494,0.9311,0.1785,0.0288,338.9358057975769,8524.425354719162
SCAFFOLD,1.0,rep1,45,2026-04-12 19:34:47,0.6968,0.7502,0.9328,0.1933,0.0312,396.3538866043091,8920.779241323471
SCAFFOLD,1.0,rep1,46,2026-04-12 19:41:13,0.6848,0.756,0.933,0.1795,0.0283,402.4181852340698,9323.19742655754
SCAFFOLD,1.0,rep1,47,2026-04-12 19:48:03,0.673,0.7581,0.9324,0.1398,0.0231,387.3321645259857,9710.529591083527
SCAFFOLD,1.0,rep1,48,2026-04-12 19:54:42,0.6708,0.7599,0.9333,0.1341,0.0214,440.0784680843353,10150.608059167862
SCAFFOLD,1.0,rep1,49,2026-04-12 20:01:51,0.6742,0.7587,0.9334,0.1513,0.0244,290.4105839729309,10441.018643140793
SCAFFOLD,1.0,rep1,50,2026-04-12 20:06:36,0.6748,0.7597,0.9337,0.1552,0.0251,274.6026864051819,10715.621329545975
SCAFFOLD,1.0,rep2,0,2026-04-12 20:11:19,2.3126,0.0569,0.4191,0.0872,0.1544,249.94683718681335,249.94683718681335
SCAFFOLD,1.0,rep2,1,2026-04-12 20:15:35,2.1549,0.1835,0.742,0.22,0.1003,284.293461561203,534.2402987480164
SCAFFOLD,1.0,rep2,2,2026-04-12 20:20:15,1.6062,0.553,0.8867,0.1939,0.0436,278.1856119632721,812.4259107112885
SCAFFOLD,1.0,rep2,3,2026-04-12 20:25:05,1.2539,0.5487,0.894,0.1309,0.0184,256.70355343818665,1069.129464149475
SCAFFOLD,1.0,rep2,4,2026-04-12 20:29:20,1.118,0.5966,0.8985,0.0945,0.0199,282.8811686038971,1352.0106327533722
SCAFFOLD,1.0,rep2,5,2026-04-12 20:34:04,1.0293,0.6361,0.9056,0.1253,0.0217,292.0839309692383,1644.0945637226105
SCAFFOLD,1.0,rep2,6,2026-04-12 20:38:53,0.9591,0.663,0.9113,0.1505,0.0226,278.7144844532013,1922.8090481758118
SCAFFOLD,1.0,rep2,7,2026-04-12 20:43:22,0.9046,0.6773,0.9157,0.1562,0.0223,274.4975492954254,2197.306597471237
SCAFFOLD,1.0,rep2,8,2026-04-12 20:48:07,0.8613,0.6867,0.9191,0.1696,0.0243,290.5051169395447,2487.811714410782
SCAFFOLD,1.0,rep2,9,2026-04-12 20:52:50,0.8337,0.695,0.9214,0.1779,0.0254,270.02850317955017,2757.840217590332
SCAFFOLD,1.0,rep2,10,2026-04-12 20:57:19,0.8137,0.7007,0.9227,0.1835,0.0266,264.2890655994415,3022.1292831897736
SCAFFOLD,1.0,rep2,11,2026-04-12 21:01:51,0.8048,0.7059,0.9238,0.1958,0.03,307.0301413536072,3329.1594245433807
SCAFFOLD,1.0,rep2,12,2026-04-12 21:06:57,0.8078,0.706,0.9242,0.2079,0.034,273.8797152042389,3603.0391397476196
SCAFFOLD,1.0,rep2,13,2026-04-12 21:11:28,0.818,0.7057,0.9245,0.2112,0.0374,258.0550525188446,3861.0941922664642
SCAFFOLD,1.0,rep2,14,2026-04-12 21:15:55,0.8294,0.7047,0.9241,0.2099,0.0395,276.0302503108978,4137.124442577362
SCAFFOLD,1.0,rep2,15,2026-04-12 21:20:23,0.8307,0.7027,0.9226,0.2071,0.0392,282.3485758304596,4419.473018407822
SCAFFOLD,1.0,rep2,16,2026-04-12 21:25:08,0.8127,0.7041,0.9227,0.2048,0.0354,292.0481731891632,4711.521191596985
SCAFFOLD,1.0,rep2,17,2026-04-12 21:30:00,0.7906,0.7118,0.9238,0.1871,0.0301,280.1516182422638,4991.672809839249
SCAFFOLD,1.0,rep2,18,2026-04-12 21:34:34,0.7736,0.7221,0.9244,0.1739,0.0279,258.70532298088074,5250.378132820129
SCAFFOLD,1.0,rep2,19,2026-04-12 21:38:58,0.7629,0.7287,0.9248,0.1667,0.0268,267.1456344127655,5517.523767232895
SCAFFOLD,1.0,rep2,20,2026-04-12 21:43:24,0.7591,0.729,0.9246,0.1626,0.0261,285.7989523410797,5803.322719573975
SCAFFOLD,1.0,rep2,21,2026-04-12 21:48:15,0.7461,0.7338,0.9262,0.1595,0.0244,286.93382024765015,6090.256539821625
SCAFFOLD,1.0,rep2,22,2026-04-12 21:52:56,0.74,0.7349,0.9258,0.1485,0.0252,268.3506033420563,6358.607143163681
SCAFFOLD,1.0,rep2,23,2026-04-12 21:57:27,0.7353,0.7354,0.9262,0.1594,0.0285,315.6215901374817,6674.228733301163
SCAFFOLD,1.0,rep2,24,2026-04-12 22:02:32,0.7315,0.7359,0.9269,0.171,0.0293,150.29400324821472,6824.522736549377
SCAFFOLD,1.0,rep2,25,2026-04-12 22:05:02,0.7235,0.7378,0.9276,0.1686,0.0285,143.45255708694458,6967.975293636322
SCAFFOLD,1.0,rep2,26,2026-04-12 22:07:24,0.715,0.7437,0.9287,0.1746,0.0279,140.60128617286682,7108.576579809189
SCAFFOLD,1.0,rep2,27,2026-04-12 22:09:45,0.7127,0.7452,0.9295,0.1796,0.0286,141.01243662834167,7249.5890164375305
SCAFFOLD,1.0,rep2,28,2026-04-12 22:12:06,0.7076,0.7472,0.9304,0.1738,0.0266,143.08810544013977,7392.67712187767
SCAFFOLD,1.0,rep2,29,2026-04-12 22:14:29,0.7091,0.7406,0.9304,0.1698,0.0262,136.81378817558289,7529.490910053253
SCAFFOLD,1.0,rep2,30,2026-04-12 22:16:46,0.703,0.7424,0.9312,0.1645,0.0246,138.21133184432983,7667.702241897583
SCAFFOLD,1.0,rep2,31,2026-04-12 22:19:03,0.7004,0.7436,0.9318,0.1634,0.0239,134.81437635421753,7802.5166182518005
SCAFFOLD,1.0,rep2,32,2026-04-12 22:21:18,0.6999,0.7434,0.9312,0.1715,0.0254,136.5833282470703,7939.099946498871
SCAFFOLD,1.0,rep2,33,2026-04-12 22:23:35,0.6939,0.748,0.9319,0.1716,0.0244,138.20843863487244,8077.308385133743
SCAFFOLD,1.0,rep2,34,2026-04-12 22:25:53,0.6961,0.7467,0.9326,0.1782,0.0251,139.57409834861755,8216.88248348236
SCAFFOLD,1.0,rep2,35,2026-04-12 22:28:13,0.7007,0.7449,0.9322,0.1861,0.0265,142.88122057914734,8359.763704061508
SCAFFOLD,1.0,rep2,36,2026-04-12 22:30:36,0.6964,0.7461,0.932,0.1837,0.0262,137.79256558418274,8497.556269645691
SCAFFOLD,1.0,rep2,37,2026-04-12 22:32:54,0.6905,0.7518,0.9323,0.1769,0.026,138.9955952167511,8636.551864862442
SCAFFOLD,1.0,rep2,38,2026-04-12 22:35:12,0.6839,0.7522,0.9322,0.1599,0.0238,139.4950089454651,8776.046873807907
SCAFFOLD,1.0,rep2,39,2026-04-12 22:37:32,0.6853,0.7531,0.9317,0.1708,0.0265,139.26463651657104,8915.311510324478
SCAFFOLD,1.0,rep2,40,2026-04-12 22:39:51,0.6901,0.7509,0.9305,0.1524,0.0271,132.20734977722168,9047.5188601017
SCAFFOLD,1.0,rep2,41,2026-04-12 22:42:03,0.6855,0.7529,0.9316,0.1632,0.0267,137.79368424415588,9185.312544345856
SCAFFOLD,1.0,rep2,42,2026-04-12 22:44:21,0.6913,0.7533,0.9303,0.1741,0.0303,140.1277163028717,9325.440260648727
SCAFFOLD,1.0,rep2,43,2026-04-12 22:46:41,0.6722,0.7593,0.9334,0.1464,0.0232,139.47265124320984,9464.912911891937
SCAFFOLD,1.0,rep2,44,2026-04-12 22:49:00,0.673,0.7608,0.9322,0.1352,0.0243,138.53407788276672,9603.446989774704
SCAFFOLD,1.0,rep2,45,2026-04-12 22:51:19,0.675,0.7579,0.9318,0.1452,0.0265,137.08109331130981,9740.528083086014
SCAFFOLD,1.0,rep2,46,2026-04-12 22:53:36,0.6732,0.7571,0.9328,0.172,0.0278,136.06420946121216,9876.592292547226
SCAFFOLD,1.0,rep2,47,2026-04-12 22:55:52,0.6815,0.7541,0.933,0.1871,0.0293,136.90087485313416,10013.49316740036
SCAFFOLD,1.0,rep2,48,2026-04-12 22:58:09,0.6828,0.7535,0.9344,0.1817,0.0275,135.1130392551422,10148.606206655502
SCAFFOLD,1.0,rep2,49,2026-04-12 23:00:24,0.6828,0.7522,0.9337,0.1767,0.027,137.7073459625244,10286.313552618027
SCAFFOLD,1.0,rep2,50,2026-04-12 23:02:42,0.6844,0.7488,0.9333,0.1739,0.0272,135.35970830917358,10421.6732609272
SCAFFOLD,1.0,rep3,0,2026-04-12 23:05:18,2.3126,0.0569,0.4191,0.0872,0.1544,130.955575466156,130.955575466156
SCAFFOLD,1.0,rep3,1,2026-04-12 23:07:29,2.1561,0.1816,0.7373,0.2188,0.0984,139.08925580978394,270.04483127593994
SCAFFOLD,1.0,rep3,2,2026-04-12 23:09:48,1.6027,0.5512,0.8882,0.1981,0.0426,136.09128403663635,406.1361153125763
SCAFFOLD,1.0,rep3,3,2026-04-12 23:12:04,1.2499,0.5547,0.8947,0.1257,0.0186,137.83001279830933,543.9661281108856
SCAFFOLD,1.0,rep3,4,2026-04-12 23:14:22,1.117,0.5985,0.8987,0.0978,0.0188,134.3583962917328,678.3245244026184
SCAFFOLD,1.0,rep3,5,2026-04-12 23:16:36,1.0299,0.6364,0.9058,0.1276,0.0217,135.24160885810852,813.5661332607269
SCAFFOLD,1.0,rep3,6,2026-04-12 23:18:51,0.9633,0.6617,0.9111,0.149,0.0225,137.6674678325653,951.2336010932922
SCAFFOLD,1.0,rep3,7,2026-04-12 23:21:09,0.9058,0.6794,0.9156,0.1591,0.0231,135.66794061660767,1086.9015417099
SCAFFOLD,1.0,rep3,8,2026-04-12 23:23:25,0.866,0.6881,0.9186,0.1707,0.0246,133.80637860298157,1220.7079203128815
SCAFFOLD,1.0,rep3,9,2026-04-12 23:25:39,0.8346,0.695,0.9213,0.1818,0.0265,137.66791081428528,1358.3758311271667
SCAFFOLD,1.0,rep3,10,2026-04-12 23:27:56,0.8171,0.7011,0.9228,0.188,0.0278,138.54892802238464,1496.9247591495514
SCAFFOLD,1.0,rep3,11,2026-04-12 23:30:15,0.8093,0.7046,0.9238,0.1985,0.0306,132.91196370124817,1629.8367228507996
SCAFFOLD,1.0,rep3,12,2026-04-12 23:32:28,0.8141,0.7045,0.9249,0.211,0.0347,135.6429102420807,1765.4796330928802
SCAFFOLD,1.0,rep3,13,2026-04-12 23:34:43,0.8238,0.7039,0.9252,0.2184,0.0388,137.9643850326538,1903.444018125534
SCAFFOLD,1.0,rep3,14,2026-04-12 23:37:02,0.8332,0.7025,0.9244,0.2198,0.0411,135.60302352905273,2039.0470416545868
SCAFFOLD,1.0,rep3,15,2026-04-12 23:39:17,0.8259,0.706,0.9228,0.206,0.039,138.93679761886597,2177.9838392734528
SCAFFOLD,1.0,rep3,16,2026-04-12 23:41:36,0.8137,0.7049,0.923,0.204,0.0354,136.14934754371643,2314.133186817169
SCAFFOLD,1.0,rep3,17,2026-04-12 23:43:52,0.7905,0.7126,0.9239,0.1928,0.0314,137.1394021511078,2451.272588968277
SCAFFOLD,1.0,rep3,18,2026-04-12 23:46:09,0.7729,0.7219,0.925,0.1682,0.0271,137.17180132865906,2588.444390296936
SCAFFOLD,1.0,rep3,19,2026-04-12 23:48:26,0.7628,0.7296,0.925,0.1593,0.026,135.8334460258484,2724.2778363227844
SCAFFOLD,1.0,rep3,20,2026-04-12 23:50:42,0.7593,0.7272,0.9247,0.1513,0.0272,134.49436807632446,2858.772204399109
SCAFFOLD,1.0,rep3,21,2026-04-12 23:52:56,0.7431,0.7351,0.927,0.1497,0.0226,134.21660041809082,2992.9888048171997
SCAFFOLD,1.0,rep3,22,2026-04-12 23:55:11,0.7363,0.7371,0.9271,0.1391,0.0202,137.05567932128906,3130.0444841384888
SCAFFOLD,1.0,rep3,23,2026-04-12 23:57:28,0.729,0.7359,0.9273,0.1411,0.0211,136.133780002594,3266.1782641410828
SCAFFOLD,1.0,rep3,24,2026-04-12 23:59:44,0.7276,0.7374,0.9274,0.1485,0.024,135.79135394096375,3401.9696180820465
SCAFFOLD,1.0,rep3,25,2026-04-13 00:02:00,0.724,0.7391,0.9281,0.1717,0.0263,140.5451464653015,3542.514764547348
SCAFFOLD,1.0,rep3,26,2026-04-13 00:04:20,0.7188,0.7405,0.929,0.1786,0.0273,135.6603560447693,3678.1751205921173
SCAFFOLD,1.0,rep3,27,2026-04-13 00:06:36,0.7175,0.7424,0.929,0.1861,0.0291,137.6012191772461,3815.7763397693634
SCAFFOLD,1.0,rep3,28,2026-04-13 00:08:54,0.7216,0.7395,0.9283,0.187,0.0304,136.9624583721161,3952.7387981414795
SCAFFOLD,1.0,rep3,29,2026-04-13 00:11:11,0.7083,0.7449,0.9302,0.174,0.0265,135.09033942222595,4087.8291375637054
SCAFFOLD,1.0,rep3,30,2026-04-13 00:13:25,0.7049,0.7448,0.9306,0.1528,0.0236,135.81855487823486,4223.64769244194
SCAFFOLD,1.0,rep3,31,2026-04-13 00:15:41,0.7015,0.7446,0.9305,0.1499,0.0235,137.93192315101624,4361.5796155929565
SCAFFOLD,1.0,rep3,32,2026-04-13 00:18:00,0.6986,0.7452,0.9304,0.1636,0.0249,136.5650041103363,4498.144619703293
SCAFFOLD,1.0,rep3,33,2026-04-13 00:20:16,0.6974,0.7435,0.9315,0.1713,0.0247,135.67663764953613,4633.821257352829
SCAFFOLD,1.0,rep3,34,2026-04-13 00:22:31,0.6994,0.7421,0.9315,0.179,0.0268,132.57237482070923,4766.393632173538
SCAFFOLD,1.0,rep3,35,2026-04-13 00:24:44,0.6948,0.7437,0.9321,0.1728,0.0243,136.16626906394958,4902.559901237488
SCAFFOLD,1.0,rep3,36,2026-04-13 00:27:01,0.6876,0.749,0.9318,0.1666,0.0228,135.51780152320862,5038.077702760696
SCAFFOLD,1.0,rep3,37,2026-04-13 00:29:17,0.6804,0.7525,0.9326,0.1658,0.0218,135.9089183807373,5173.986621141434
SCAFFOLD,1.0,rep3,38,2026-04-13 00:31:32,0.678,0.7529,0.9329,0.1608,0.0219,136.50946879386902,5310.496089935303
SCAFFOLD,1.0,rep3,39,2026-04-13 00:33:48,0.6762,0.758,0.9326,0.1604,0.0227,132.47268533706665,5442.968775272369
SCAFFOLD,1.0,rep3,40,2026-04-13 00:36:01,0.6796,0.7555,0.9333,0.1657,0.022,136.57254695892334,5579.541322231293
SCAFFOLD,1.0,rep3,41,2026-04-13 00:38:17,0.6814,0.7571,0.9332,0.1723,0.0236,134.48204517364502,5714.023367404938
SCAFFOLD,1.0,rep3,42,2026-04-13 00:40:32,0.6742,0.7567,0.9333,0.1623,0.0222,134.74144792556763,5848.764815330505
SCAFFOLD,1.0,rep3,43,2026-04-13 00:42:47,0.6717,0.7582,0.9326,0.1638,0.0237,133.46632289886475,5982.23113822937
SCAFFOLD,1.0,rep3,44,2026-04-13 00:45:00,0.6727,0.7573,0.9329,0.1666,0.0243,135.80916571617126,6118.040303945541
SCAFFOLD,1.0,rep3,45,2026-04-13 00:47:15,0.6834,0.7545,0.9316,0.1647,0.0275,137.4162139892578,6255.456517934799
SCAFFOLD,1.0,rep3,46,2026-04-13 00:49:34,0.6901,0.753,0.9302,0.1645,0.0301,138.54282307624817,6393.999341011047
SCAFFOLD,1.0,rep3,47,2026-04-13 00:51:51,0.6899,0.7549,0.9302,0.168,0.0299,130.18283414840698,6524.182175159454
SCAFFOLD,1.0,rep3,48,2026-04-13 00:54:02,0.6958,0.7507,0.9297,0.1693,0.0299,136.05403685569763,6660.236212015152
SCAFFOLD,1.0,rep3,49,2026-04-13 00:56:18,0.6843,0.7558,0.9317,0.1746,0.0287,137.6881000995636,6797.924312114716
SCAFFOLD,1.0,rep3,50,2026-04-13 00:58:36,0.6897,0.7512,0.9303,0.193,0.032,135.98057293891907,6933.904885053635
SCAFFOLD,1.0,rep4,0,2026-04-13 01:01:13,2.3126,0.0569,0.4191,0.0872,0.1544,124.42307591438293,124.42307591438293
SCAFFOLD,1.0,rep4,1,2026-04-13 01:03:17,2.1555,0.1826,0.7412,0.2202,0.1007,127.23272132873535,251.6557972431183
SCAFFOLD,1.0,rep4,2,2026-04-13 01:05:24,1.6064,0.5534,0.8864,0.1855,0.0431,135.0249388217926,386.6807360649109
SCAFFOLD,1.0,rep4,3,2026-04-13 01:07:40,1.2566,0.5462,0.8936,0.1401,0.0189,135.5420858860016,522.2228219509125
SCAFFOLD,1.0,rep4,4,2026-04-13 01:09:55,1.1135,0.5981,0.8995,0.0986,0.0193,136.54847621917725,658.7712981700897
SCAFFOLD,1.0,rep4,5,2026-04-13 01:12:12,1.0293,0.6368,0.9055,0.1266,0.0221,135.90096163749695,794.6722598075867
SCAFFOLD,1.0,rep4,6,2026-04-13 01:14:27,0.9617,0.6621,0.9109,0.1468,0.0226,136.26944541931152,930.9417052268982
SCAFFOLD,1.0,rep4,7,2026-04-13 01:16:44,0.905,0.679,0.9155,0.1567,0.0229,136.1960289478302,1067.1377341747284
SCAFFOLD,1.0,rep4,8,2026-04-13 01:19:00,0.8624,0.6882,0.919,0.1675,0.0241,131.7553424835205,1198.893076658249
SCAFFOLD,1.0,rep4,9,2026-04-13 01:21:12,0.8355,0.6935,0.9211,0.1778,0.0263,135.2435486316681,1334.136625289917
SCAFFOLD,1.0,rep4,10,2026-04-13 01:23:27,0.8148,0.6994,0.9226,0.1831,0.0273,137.7636125087738,1471.9002377986908
SCAFFOLD,1.0,rep4,11,2026-04-13 01:25:45,0.8081,0.7031,0.9241,0.1948,0.0299,136.60208082199097,1608.5023186206818
SCAFFOLD,1.0,rep4,12,2026-04-13 01:28:02,0.8164,0.7033,0.9235,0.2086,0.0345,136.5012378692627,1745.0035564899445
SCAFFOLD,1.0,rep4,13,2026-04-13 01:30:18,0.8189,0.705,0.9242,0.2119,0.0374,135.45768451690674,1880.4612410068512
SCAFFOLD,1.0,rep4,14,2026-04-13 01:32:33,0.8307,0.7051,0.9235,0.2128,0.04,138.27357625961304,2018.7348172664642
SCAFFOLD,1.0,rep4,15,2026-04-13 01:34:52,0.8313,0.7035,0.9224,0.212,0.0396,133.2278289794922,2151.9626462459564
SCAFFOLD,1.0,rep4,16,2026-04-13 01:37:05,0.8147,0.7045,0.9227,0.2075,0.036,136.20922541618347,2288.17187166214
SCAFFOLD,1.0,rep4,17,2026-04-13 01:39:21,0.7861,0.7109,0.9236,0.1881,0.0292,134.94875383377075,2423.1206254959106
SCAFFOLD,1.0,rep4,18,2026-04-13 01:41:36,0.7721,0.7206,0.924,0.1674,0.0264,138.49116039276123,2561.611785888672
SCAFFOLD,1.0,rep4,19,2026-04-13 01:43:55,0.7654,0.7245,0.9241,0.1613,0.0262,137.58264923095703,2699.194435119629
SCAFFOLD,1.0,rep4,20,2026-04-13 01:46:12,0.7579,0.7273,0.9246,0.153,0.0253,136.0110788345337,2835.2055139541626
SCAFFOLD,1.0,rep4,21,2026-04-13 01:48:28,0.7462,0.7328,0.9262,0.1493,0.0217,137.14879274368286,2972.3543066978455
SCAFFOLD,1.0,rep4,22,2026-04-13 01:50:45,0.7384,0.7362,0.9263,0.1432,0.0228,132.13110828399658,3104.485414981842
SCAFFOLD,1.0,rep4,23,2026-04-13 01:52:57,0.7343,0.7391,0.9262,0.1476,0.0255,135.1594307422638,3239.644845724106
SCAFFOLD,1.0,rep4,24,2026-04-13 01:55:13,0.7319,0.7389,0.9263,0.1558,0.028,132.9818058013916,3372.6266515254974
SCAFFOLD,1.0,rep4,25,2026-04-13 01:57:26,0.7196,0.7422,0.9273,0.156,0.0267,136.953866481781,3509.5805180072784
SCAFFOLD,1.0,rep4,26,2026-04-13 01:59:42,0.7161,0.7422,0.9282,0.1674,0.0286,152.33580827713013,3661.9163262844086
SCAFFOLD,1.0,rep4,27,2026-04-13 02:02:18,0.7063,0.7434,0.9298,0.1655,0.0261,167.42291045188904,3829.3392367362976
SCAFFOLD,1.0,rep4,28,2026-04-13 02:05:06,0.7018,0.7464,0.9299,0.1687,0.026,169.90874075889587,3999.2479774951935
SCAFFOLD,1.0,rep4,29,2026-04-13 02:07:56,0.7046,0.7466,0.9305,0.1782,0.0272,169.14716482162476,4168.395142316818
SCAFFOLD,1.0,rep4,30,2026-04-13 02:10:45,0.7031,0.7476,0.9309,0.1729,0.0268,167.68955087661743,4336.084693193436
SCAFFOLD,1.0,rep4,31,2026-04-13 02:13:32,0.6962,0.749,0.9314,0.1554,0.0236,168.16777658462524,4504.252469778061
SCAFFOLD,1.0,rep4,32,2026-04-13 02:16:21,0.698,0.7437,0.9321,0.1675,0.0235,164.5485918521881,4668.801061630249
SCAFFOLD,1.0,rep4,33,2026-04-13 02:19:05,0.6945,0.7448,0.9327,0.1705,0.0233,169.59944796562195,4838.400509595871
SCAFFOLD,1.0,rep4,34,2026-04-13 02:21:55,0.6998,0.7375,0.9328,0.1886,0.0244,168.40696215629578,5006.807471752167
SCAFFOLD,1.0,rep4,35,2026-04-13 02:24:43,0.6914,0.7407,0.9334,0.1764,0.0214,169.6633152961731,5176.47078704834
SCAFFOLD,1.0,rep4,36,2026-04-13 02:27:33,0.683,0.7483,0.9324,0.1374,0.0169,169.16777086257935,5345.638557910919
SCAFFOLD,1.0,rep4,37,2026-04-13 02:30:22,0.6805,0.7522,0.9316,0.1392,0.0196,167.63149857521057,5513.27005648613
SCAFFOLD,1.0,rep4,38,2026-04-13 02:33:10,0.6827,0.757,0.9308,0.1423,0.0242,168.9695327281952,5682.239589214325
SCAFFOLD,1.0,rep4,39,2026-04-13 02:35:59,0.68,0.7583,0.9307,0.1488,0.0233,150.04343843460083,5832.283027648926
SCAFFOLD,1.0,rep4,40,2026-04-13 02:38:25,0.6793,0.7545,0.932,0.1594,0.0223,133.81746339797974,5966.1004910469055
SCAFFOLD,1.0,rep4,41,2026-04-13 02:40:39,0.6755,0.7554,0.9327,0.1506,0.02,135.79067063331604,6101.891161680222
SCAFFOLD,1.0,rep4,42,2026-04-13 02:42:55,0.6849,0.7404,0.9325,0.1774,0.0216,136.8232090473175,6238.714370727539
SCAFFOLD,1.0,rep4,43,2026-04-13 02:45:12,0.6801,0.7469,0.9329,0.1745,0.0216,135.97124576568604,6374.685616493225
SCAFFOLD,1.0,rep4,44,2026-04-13 02:47:27,0.6794,0.7539,0.9329,0.1787,0.0255,132.18233513832092,6506.867951631546
SCAFFOLD,1.0,rep4,45,2026-04-13 02:49:40,0.6777,0.7543,0.9327,0.1796,0.026,128.95654320716858,6635.824494838715
SCAFFOLD,1.0,rep4,46,2026-04-13 02:51:48,0.6782,0.7554,0.9317,0.1693,0.027,127.4171507358551,6763.24164557457
SCAFFOLD,1.0,rep4,47,2026-04-13 02:53:56,0.6886,0.7524,0.931,0.1794,0.0298,131.62172389030457,6894.863369464874
SCAFFOLD,1.0,rep4,48,2026-04-13 02:56:08,0.6999,0.7458,0.9303,0.2009,0.034,141.8111057281494,7036.674475193024
SCAFFOLD,1.0,rep4,49,2026-04-13 02:58:30,0.6889,0.7528,0.9313,0.1894,0.031,138.7066113948822,7175.381086587906
SCAFFOLD,1.0,rep4,50,2026-04-13 03:00:49,0.698,0.7458,0.9302,0.1867,0.032,138.89317512512207,7314.274261713028
SCAFFOLD,1.0,rep5,0,2026-04-13 03:03:30,2.3126,0.0569,0.4191,0.0872,0.1544,135.00602769851685,135.00602769851685
SCAFFOLD,1.0,rep5,1,2026-04-13 03:05:45,2.1556,0.1822,0.7412,0.2201,0.1001,137.86639165878296,272.8724193572998
SCAFFOLD,1.0,rep5,2,2026-04-13 03:08:03,1.6041,0.5472,0.8875,0.2006,0.0427,138.80389142036438,411.6763107776642
SCAFFOLD,1.0,rep5,3,2026-04-13 03:10:22,1.2535,0.5492,0.8941,0.1321,0.0189,140.00375771522522,551.6800684928894
SCAFFOLD,1.0,rep5,4,2026-04-13 03:12:41,1.1157,0.5957,0.8992,0.0975,0.0189,139.09858965873718,690.7786581516266
SCAFFOLD,1.0,rep5,5,2026-04-13 03:15:01,1.0331,0.6318,0.905,0.1197,0.0209,139.0864598751068,829.8651180267334
SCAFFOLD,1.0,rep5,6,2026-04-13 03:17:20,0.9635,0.6632,0.9109,0.1459,0.022,139.44323635101318,969.3083543777466
SCAFFOLD,1.0,rep5,7,2026-04-13 03:19:39,0.9084,0.6783,0.9152,0.1591,0.0228,134.15627193450928,1103.4646263122559
SCAFFOLD,1.0,rep5,8,2026-04-13 03:21:53,0.8635,0.6885,0.919,0.1683,0.0237,140.30293917655945,1243.7675654888153
SCAFFOLD,1.0,rep5,9,2026-04-13 03:24:14,0.8318,0.6967,0.9216,0.1773,0.0252,140.78668403625488,1384.5542495250702
SCAFFOLD,1.0,rep5,10,2026-04-13 03:26:35,0.814,0.7014,0.9229,0.1869,0.027,141.18487882614136,1525.7391283512115
SCAFFOLD,1.0,rep5,11,2026-04-13 03:28:56,0.8052,0.7058,0.9239,0.1964,0.0291,138.1548924446106,1663.8940207958221
SCAFFOLD,1.0,rep5,12,2026-04-13 03:31:13,0.8058,0.7073,0.9248,0.2093,0.0332,138.69821763038635,1802.5922384262085
SCAFFOLD,1.0,rep5,13,2026-04-13 03:33:33,0.8162,0.7064,0.9246,0.2115,0.0365,155.0857982635498,1957.6780366897583
SCAFFOLD,1.0,rep5,14,2026-04-13 03:36:09,0.8291,0.7019,0.9236,0.2184,0.04,158.2415964603424,2115.9196331501007
SCAFFOLD,1.0,rep5,15,2026-04-13 03:38:47,0.8278,0.7005,0.9222,0.2137,0.0386,142.3811604976654,2258.300793647766
SCAFFOLD,1.0,rep5,16,2026-04-13 03:41:09,0.8117,0.7032,0.9225,0.2091,0.0356,140.75650644302368,2399.05730009079
SCAFFOLD,1.0,rep5,17,2026-04-13 03:43:29,0.7928,0.7123,0.9229,0.1846,0.0313,141.19791626930237,2540.255216360092
SCAFFOLD,1.0,rep5,18,2026-04-13 03:45:50,0.7727,0.7221,0.9241,0.165,0.0277,140.2783226966858,2680.533539056778
SCAFFOLD,1.0,rep5,19,2026-04-13 03:48:11,0.7673,0.7262,0.9239,0.1481,0.0269,139.07619094848633,2819.6097300052643
SCAFFOLD,1.0,rep5,20,2026-04-13 03:50:30,0.7603,0.73,0.9241,0.1427,0.0257,140.82678961753845,2960.4365196228027
SCAFFOLD,1.0,rep5,21,2026-04-13 03:52:51,0.7477,0.7313,0.9253,0.1445,0.0238,140.83657145500183,3101.2730910778046
SCAFFOLD,1.0,rep5,22,2026-04-13 03:55:11,0.7388,0.7318,0.9261,0.1429,0.0229,140.54384779930115,3241.8169388771057
SCAFFOLD,1.0,rep5,23,2026-04-13 03:57:32,0.7331,0.7347,0.9265,0.1362,0.025,142.23372864723206,3384.0506675243378
SCAFFOLD,1.0,rep5,24,2026-04-13 03:59:54,0.7304,0.7366,0.9266,0.1552,0.0273,136.49837684631348,3520.5490443706512
SCAFFOLD,1.0,rep5,25,2026-04-13 04:02:10,0.7203,0.7427,0.9278,0.1593,0.026,143.45214867591858,3664.00119304657
SCAFFOLD,1.0,rep5,26,2026-04-13 04:04:34,0.714,0.7457,0.929,0.172,0.0259,141.3292965888977,3805.3304896354675
SCAFFOLD,1.0,rep5,27,2026-04-13 04:06:56,0.7139,0.7453,0.9297,0.1863,0.0274,141.409747838974,3946.7402374744415
SCAFFOLD,1.0,rep5,28,2026-04-13 04:09:17,0.705,0.7473,0.9304,0.1758,0.0254,140.9768123626709,4087.7170498371124
SCAFFOLD,1.0,rep5,29,2026-04-13 04:11:38,0.7,0.7471,0.9305,0.1664,0.0232,139.11996364593506,4226.8370134830475
SCAFFOLD,1.0,rep5,30,2026-04-13 04:13:57,0.6984,0.7457,0.931,0.1675,0.0228,140.4391326904297,4367.276146173477
SCAFFOLD,1.0,rep5,31,2026-04-13 04:16:18,0.6955,0.7465,0.9313,0.159,0.0213,141.91934990882874,4509.195496082306
SCAFFOLD,1.0,rep5,32,2026-04-13 04:18:39,0.6971,0.7429,0.9316,0.1559,0.0203,139.30276918411255,4648.4982652664185
SCAFFOLD,1.0,rep5,33,2026-04-13 04:20:59,0.6967,0.7435,0.9319,0.1573,0.0196,141.49290943145752,4789.991174697876
SCAFFOLD,1.0,rep5,34,2026-04-13 04:23:20,0.6982,0.7395,0.9327,0.1712,0.0206,138.79789066314697,4928.789065361023
SCAFFOLD,1.0,rep5,35,2026-04-13 04:25:39,0.6933,0.7464,0.9331,0.1652,0.0204,136.7540693283081,5065.543134689331
SCAFFOLD,1.0,rep5,36,2026-04-13 04:27:56,0.6936,0.745,0.9334,0.1776,0.022,139.05123686790466,5204.594371557236
SCAFFOLD,1.0,rep5,37,2026-04-13 04:30:15,0.6886,0.7494,0.9332,0.179,0.0225,140.38819861412048,5344.982570171356
SCAFFOLD,1.0,rep5,38,2026-04-13 04:32:35,0.6886,0.7526,0.9319,0.1832,0.0247,139.74719667434692,5484.729766845703
SCAFFOLD,1.0,rep5,39,2026-04-13 04:34:55,0.6823,0.7585,0.9318,0.1734,0.0249,137.4209747314453,5622.150741577148
SCAFFOLD,1.0,rep5,40,2026-04-13 04:37:13,0.6794,0.7602,0.9318,0.1706,0.024,142.35997033119202,5764.51071190834
SCAFFOLD,1.0,rep5,41,2026-04-13 04:39:35,0.6955,0.7495,0.9306,0.1783,0.0283,141.37028694152832,5905.880998849869
SCAFFOLD,1.0,rep5,42,2026-04-13 04:41:56,0.69,0.7494,0.9314,0.1765,0.0271,143.75935554504395,6049.640354394913
SCAFFOLD,1.0,rep5,43,2026-04-13 04:44:22,0.6846,0.7507,0.9322,0.1718,0.0257,153.65034651756287,6203.290700912476
SCAFFOLD,1.0,rep5,44,2026-04-13 04:46:54,0.6791,0.7518,0.9331,0.1699,0.0249,143.93056297302246,6347.221263885498
SCAFFOLD,1.0,rep5,45,2026-04-13 04:49:17,0.6779,0.7525,0.933,0.1667,0.0253,142.89345002174377,6490.114713907242
SCAFFOLD,1.0,rep5,46,2026-04-13 04:51:40,0.6739,0.757,0.9336,0.1591,0.0254,135.4138641357422,6625.528578042984
SCAFFOLD,1.0,rep5,47,2026-04-13 04:53:56,0.6698,0.7602,0.9347,0.1577,0.0248,140.2431480884552,6765.771726131439
SCAFFOLD,1.0,rep5,48,2026-04-13 04:56:17,0.6861,0.7506,0.9335,0.1815,0.0299,141.93694591522217,6907.708672046661
SCAFFOLD,1.0,rep5,49,2026-04-13 04:58:38,0.6767,0.7591,0.9333,0.1664,0.0269,135.29383325576782,7043.002505302429
SCAFFOLD,1.0,rep5,50,2026-04-13 05:00:53,0.6801,0.7559,0.9318,0.159,0.0281,138.42761421203613,7181.430119514465
